Timestamp,Data
1.74269e+09,[0.251327]
1.74269e+09,[0.251327]
1.74269e+09,[0.251327]
1.74269e+09,[0.251327]
1.74269e+09,[0.251327]
1.74269e+09,[0.251327]
1.74269e+09,[0.251327]
1.74269e+09,[0.251327]
1.74269e+09,[0.251327]
1.74269e+09,[0.251327]
1.74269e+09,[0.251327]
1.74269e+09,[0.251327]
1.74269e+09,[0.251327]
1.74269e+09,[0.251327]
1.74269e+09,[0.251327]
1.74269e+09,[0.251327]
1.74269e+09,[0.251327]
1.74269e+09,[0.251327]
1.74269e+09,[0.251327]
1.74269e+09,[0.251327]
1.74269e+09,[0.251327]
1.74269e+09,[0.251327]
1.74269e+09,[0.251327]
1.74269e+09,[0.251327]
1.74269e+09,[0.251327]
1.74269e+09,[0.251327]
1.74269e+09,[0.251327]
1.74269e+09,[0.251327]
1.74269e+09,[0.251327]
1.74269e+09,[0.251327]
1.74269e+09,[0.251327]
1.74269e+09,[0.251327]
1.74269e+09,[0.251327]
1.74269e+09,[0.251327]
1.74269e+09,[0.251327]
1.74269e+09,[0.251327]
1.74269e+09,[0.251327]
1.74269e+09,[0.251327]
1.74269e+09,[0.251327]
1.74269e+09,[0.251327]
1.74269e+09,[0.251327]
1.74269e+09,[0.251327]
1.74269e+09,[0.251327]
1.74269e+09,[0.251327]
1.74269e+09,[0.251327]
1.74269e+09,[0.251327]
1.74269e+09,[0.251327]
1.74269e+09,[0.251327]
1.74269e+09,[0.251327]
1.74269e+09,[0.251327]
1.74269e+09,[0.251327]
1.74269e+09,[0.251327]
1.74269e+09,[0.251327]
1.74269e+09,[0.251327]
1.74269e+09,[0.251327]
1.74269e+09,[0.251327]
1.74269e+09,[0.251327]
1.74269e+09,[0.251327]
1.74269e+09,[0.251327]
1.74269e+09,[0.251327]
1.74269e+09,[0.251327]
1.74269e+09,[0.251327]
1.74269e+09,[0.251327]
1.74269e+09,[0.251327]
1.74269e+09,[0.251327]
1.74269e+09,[0.251327]
1.74269e+09,[0.251327]
1.74269e+09,[0.251327]
1.74269e+09,[0.251327]
1.74269e+09,[0.251327]
1.74269e+09,[0.251327]
1.74269e+09,[0.251327]
1.74269e+09,[0.251327]
1.74269e+09,[0.251327]
1.74269e+09,[0.251327]
1.74269e+09,[0.251327]
1.74269e+09,[0.251327]
1.74269e+09,[0.251327]
1.74269e+09,[0.251327]
1.74269e+09,[0.251327]
1.74269e+09,[0.251327]
1.74269e+09,[0.251327]
1.74269e+09,[0.251327]
1.74269e+09,[0.251327]
1.74269e+09,[0.251327]
1.74269e+09,[0.251327]
1.74269e+09,[0.251327]
1.74269e+09,[0.251327]
1.74269e+09,[0.251327]
1.74269e+09,[0.251327]
1.74269e+09,[0.251327]
1.74269e+09,[0.251327]
1.74269e+09,[0.251327]
1.74269e+09,[0.251327]
1.74269e+09,[0.251327]
1.74269e+09,[0.251327]
1.74269e+09,[0.251327]
1.74269e+09,[0.251327]
1.74269e+09,[0.251327]
1.74269e+09,[0.251327]
1.74269e+09,[0.251327]
1.74269e+09,[0.251327]
1.74269e+09,[0.251327]
1.74269e+09,[0.251327]
1.74269e+09,[0.251327]
1.74269e+09,[0.251327]
1.74269e+09,[0.251327]
1.74269e+09,[0.251327]
1.74269e+09,[0.251327]
1.74269e+09,[0.251327]
1.74269e+09,[0.251327]
1.74269e+09,[0.251327]
1.74269e+09,[0.251327]
1.74269e+09,[0.251327]
1.74269e+09,[0.251327]
1.74269e+09,[0.251327]
1.74269e+09,[0.251327]
1.74269e+09,[0.251327]
1.74269e+09,[0.251327]
1.74269e+09,[0.251327]
1.74269e+09,[0.251327]
1.74269e+09,[0.251327]
1.74269e+09,[0.251327]
1.74269e+09,[0.251327]
1.74269e+09,[0.251327]
1.74269e+09,[0.251327]
1.74269e+09,[0.251327]
1.74269e+09,[0.251327]
1.74269e+09,[0.251327]
1.74269e+09,[0.251327]
1.74269e+09,[0.251327]
1.74269e+09,[0.251327]
1.74269e+09,[0.251327]
1.74269e+09,[0.251327]
1.74269e+09,[0.251327]
1.74269e+09,[0.251327]
1.74269e+09,[0.251327]
1.74269e+09,[0.251327]
1.74269e+09,[0.251327]
1.74269e+09,[0.251327]
1.74269e+09,[0.251327]
1.74269e+09,[0.251327]
1.74269e+09,[0.251327]
1.74269e+09,[0.251327]
1.74269e+09,[0.251327]
1.74269e+09,[0.251327]
1.74269e+09,[0.251327]
1.74269e+09,[0.251327]
1.74269e+09,[0.251327]
1.74269e+09,[0.251327]
1.74269e+09,[0.251327]
1.74269e+09,[0.251327]
1.74269e+09,[0.251327]
1.74269e+09,[0.251327]
1.74269e+09,[0.251327]
1.74269e+09,[0.251327]
1.74269e+09,[0.251327]
1.74269e+09,[0.251327]
1.74269e+09,[0.251327]
1.74269e+09,[0.251327]
1.74269e+09,[0.251327]
1.74269e+09,[0.251327]
1.74269e+09,[0.251327]
1.74269e+09,[0.251327]
1.74269e+09,[0.251327]
1.74269e+09,[0.251327]
1.74269e+09,[0.251327]
1.74269e+09,[0.251327]
1.74269e+09,[0.251327]
1.74269e+09,[0.251327]
1.74269e+09,[0.251327]
1.74269e+09,[0.251327]
1.74269e+09,[0.251327]
1.74269e+09,[0.251327]
1.74269e+09,[0.251327]
1.74269e+09,[0.251327]
1.74269e+09,[0.251327]
1.74269e+09,[0.251327]
1.74269e+09,[0.251327]
1.74269e+09,[0.251327]
1.74269e+09,[0.251327]
1.74269e+09,[0.251327]
1.74269e+09,[0.251327]
1.74269e+09,[0.251327]
1.74269e+09,[0.251327]
1.74269e+09,[0.251327]
1.74269e+09,[0.251327]
1.74269e+09,[0.251327]
1.74269e+09,[0.251327]
1.74269e+09,[0.251327]
1.74269e+09,[0.251327]
1.74269e+09,[0.251327]
1.74269e+09,[0.251327]
1.74269e+09,[0.251327]
1.74269e+09,[0.251327]
1.74269e+09,[0.251327]
1.74269e+09,[0.251327]
1.74269e+09,[0.251327]
1.74269e+09,[0.251327]
1.74269e+09,[0.251327]
1.74269e+09,[0.251327]
1.74269e+09,[0.251327]
1.74269e+09,[0.251327]
1.74269e+09,[0.251327]
1.74269e+09,[0.251327]
1.74269e+09,[0.251327]
1.74269e+09,[0.251327]
1.74269e+09,[0.251327]
1.74269e+09,[0.251327]
1.74269e+09,[0.251327]
1.74269e+09,[0.251327]
1.74269e+09,[0.251327]
1.74269e+09,[0.251327]
1.74269e+09,[0.251327]
1.74269e+09,[0.251327]
1.74269e+09,[0.251327]
1.74269e+09,[0.251327]
1.74269e+09,[0.251327]
1.74269e+09,[0.251327]
1.74269e+09,[0.251327]
1.74269e+09,[0.251327]
1.74269e+09,[0.251327]
1.74269e+09,[0.251327]
1.74269e+09,[0.251327]
1.74269e+09,[0.251327]
1.74269e+09,[0.251327]
1.74269e+09,[0.251327]
1.74269e+09,[0.251327]
1.74269e+09,[0.251327]
1.74269e+09,[0.251327]
1.74269e+09,[0.251327]
1.74269e+09,[0.251327]
1.74269e+09,[0.251327]
1.74269e+09,[0.251327]
1.74269e+09,[0.251327]
1.74269e+09,[0.251327]
1.74269e+09,[0.251327]
1.74269e+09,[0.251327]
1.74269e+09,[0.251327]
1.74269e+09,[0.251327]
1.74269e+09,[0.251327]
1.74269e+09,[0.251327]
1.74269e+09,[0.251327]
1.74269e+09,[0.251327]
1.74269e+09,[0.251327]
1.74269e+09,[0.251327]
1.74269e+09,[0.251327]
1.74269e+09,[0.251327]
1.74269e+09,[0.251327]
1.74269e+09,[0.251327]
1.74269e+09,[0.251327]
1.74269e+09,[0.251327]
1.74269e+09,[0.251327]
1.74269e+09,[0.251327]
1.74269e+09,[0.251327]
1.74269e+09,[0.251327]
1.74269e+09,[0.251327]
1.74269e+09,[0.251327]
1.74269e+09,[0.251327]
1.74269e+09,[0.251327]
1.74269e+09,[0.251327]
1.74269e+09,[0.251327]
1.74269e+09,[0.251327]
1.74269e+09,[0.251327]
1.74269e+09,[0.251327]
1.74269e+09,[0.251327]
1.74269e+09,[0.251327]
1.74269e+09,[0.251327]
1.74269e+09,[0.251327]
1.74269e+09,[0.251327]
1.74269e+09,[0.251327]
1.74269e+09,[0.251327]
1.74269e+09,[0.251327]
1.74269e+09,[0.251327]
1.74269e+09,[0.251327]
1.74269e+09,[0.251327]
1.74269e+09,[0.251327]
1.74269e+09,[0.251327]
1.74269e+09,[0.251327]
1.74269e+09,[0.251327]
1.74269e+09,[0.251327]
1.74269e+09,[0.251327]
1.74269e+09,[0.251327]
1.74269e+09,[0.251327]
1.74269e+09,[0.251327]
1.74269e+09,[0.251327]
1.74269e+09,[0.251327]
1.74269e+09,[0.251327]
1.74269e+09,[0.251327]
1.74269e+09,[0.251327]
1.74269e+09,[0.251327]
1.74269e+09,[0.251327]
1.74269e+09,[0.251327]
1.74269e+09,[0.251327]
1.74269e+09,[0.251327]
1.74269e+09,[0.251327]
1.74269e+09,[0.251327]
1.74269e+09,[0.251327]
1.74269e+09,[0.251327]
1.74269e+09,[0.251327]
1.74269e+09,[0.251327]
1.74269e+09,[0.251327]
1.74269e+09,[0.251327]
1.74269e+09,[0.251327]
1.74269e+09,[0.251327]
1.74269e+09,[0.251327]
1.74269e+09,[0.251327]
1.74269e+09,[0.251327]
1.74269e+09,[0.251327]
1.74269e+09,[0.251327]
1.74269e+09,[0.251327]
1.74269e+09,[0.251327]
1.74269e+09,[0.251327]
1.74269e+09,[0.251327]
1.74269e+09,[0.251327]
1.74269e+09,[0.251327]
1.74269e+09,[0.251327]
1.74269e+09,[0.251327]
1.74269e+09,[0.251327]
1.74269e+09,[0.251327]
1.74269e+09,[0.251327]
1.74269e+09,[0.251327]
1.74269e+09,[0.251327]
1.74269e+09,[0.251327]
1.74269e+09,[0.251327]
1.74269e+09,[0.251327]
1.74269e+09,[0.251327]
1.74269e+09,[0.251327]
1.74269e+09,[0.251327]
1.74269e+09,[0.251327]
1.74269e+09,[0.251327]
1.74269e+09,[0.251327]
1.74269e+09,[0.251327]
1.74269e+09,[0.251327]
1.74269e+09,[0.251327]
1.74269e+09,[0.251327]
1.74269e+09,[0.251327]
1.74269e+09,[0.251327]
1.74269e+09,[0.251327]
1.74269e+09,[0.251327]
1.74269e+09,[0.251327]
1.74269e+09,[0.251327]
1.74269e+09,[0.251327]
1.74269e+09,[0.251327]
1.74269e+09,[0.251327]
1.74269e+09,[0.251327]
1.74269e+09,[0.251327]
1.74269e+09,[0.251327]
1.74269e+09,[0.251327]
1.74269e+09,[0.251327]
1.74269e+09,[0.251327]
1.74269e+09,[0.251327]
1.74269e+09,[0.251327]
1.74269e+09,[0.251327]
1.74269e+09,[0.251327]
1.74269e+09,[0.251327]
1.74269e+09,[0.251327]
1.74269e+09,[0.251327]
1.74269e+09,[0.251327]
1.74269e+09,[0.251327]
1.74269e+09,[0.251327]
1.74269e+09,[0.251327]
1.74269e+09,[0.251327]
1.74269e+09,[0.251327]
1.74269e+09,[0.251327]
1.74269e+09,[0.251327]
1.74269e+09,[0.251327]
1.74269e+09,[0.251327]
1.74269e+09,[0.251327]
1.74269e+09,[0.251327]
1.74269e+09,[0.251327]
1.74269e+09,[0.251327]
1.74269e+09,[0.251327]
1.74269e+09,[0.251327]
1.74269e+09,[0.251327]
1.74269e+09,[0.251327]
1.74269e+09,[0.251327]
1.74269e+09,[0.251327]
1.74269e+09,[0.251327]
1.74269e+09,[0.251327]
1.74269e+09,[0.251327]
1.74269e+09,[0.251327]
1.74269e+09,[0.251327]
1.74269e+09,[0.251327]
1.74269e+09,[0.251327]
1.74269e+09,[0.251327]
1.74269e+09,[0.251327]
1.74269e+09,[0.251327]
1.74269e+09,[0.251327]
1.74269e+09,[0.251327]
1.74269e+09,[0.251327]
1.74269e+09,[0.251327]
1.74269e+09,[0.251327]
1.74269e+09,[0.251327]
1.74269e+09,[0.251327]
1.74269e+09,[0.251327]
1.74269e+09,[0.251327]
1.74269e+09,[0.251327]
1.74269e+09,[0.251327]
1.74269e+09,[0.251327]
1.74269e+09,[0.251327]
1.74269e+09,[0.251327]
1.74269e+09,[0.251327]
1.74269e+09,[0.251327]
1.74269e+09,[0.251327]
1.74269e+09,[0.251327]
1.74269e+09,[0.251327]
1.74269e+09,[0.251327]
1.74269e+09,[0.251327]
1.74269e+09,[0.251327]
1.74269e+09,[372.670319]
1.74269e+09,[0.251327]
1.74269e+09,[0.251327]
1.74269e+09,[0.251327]
1.74269e+09,[0.251327]
1.74269e+09,[0.251327]
1.74269e+09,[372.670319]
1.74269e+09,[0.251327]
1.74269e+09,[0.251327]
1.74269e+09,[0.251327]
1.74269e+09,[0.251327]
1.74269e+09,[0.251327]
1.74269e+09,[372.670319]
1.74269e+09,[0.251327]
1.74269e+09,[0.251327]
1.74269e+09,[0.251327]
1.74269e+09,[0.251327]
1.74269e+09,[0.251327]
1.74269e+09,[372.670319]
1.74269e+09,[0.251327]
1.74269e+09,[0.251327]
1.74269e+09,[0.251327]
1.74269e+09,[0.251327]
1.74269e+09,[0.251327]
1.74269e+09,[372.670319]
1.74269e+09,[0.251327]
1.74269e+09,[0.251327]
1.74269e+09,[0.251327]
1.74269e+09,[0.251327]
1.74269e+09,[0.251327]
1.74269e+09,[372.670319]
1.74269e+09,[0.251327]
1.74269e+09,[0.251327]
1.74269e+09,[0.251327]
1.74269e+09,[0.251327]
1.74269e+09,[0.251327]
1.74269e+09,[372.670319]
1.74269e+09,[0.251327]
1.74269e+09,[0.251327]
1.74269e+09,[0.251327]
1.74269e+09,[0.251327]
1.74269e+09,[0.251327]
1.74269e+09,[372.670319]
1.74269e+09,[0.251327]
1.74269e+09,[0.251327]
1.74269e+09,[0.251327]
1.74269e+09,[0.251327]
1.74269e+09,[0.251327]
1.74269e+09,[372.670319]
1.74269e+09,[0.251327]
1.74269e+09,[0.251327]
1.74269e+09,[0.251327]
1.74269e+09,[0.251327]
1.74269e+09,[0.251327]
1.74269e+09,[372.670319]
1.74269e+09,[0.251327]
1.74269e+09,[0.251327]
1.74269e+09,[0.251327]
1.74269e+09,[0.251327]
1.74269e+09,[0.251327]
1.74269e+09,[372.670319]
1.74269e+09,[0.251327]
1.74269e+09,[0.251327]
1.74269e+09,[0.251327]
1.74269e+09,[0.251327]
1.74269e+09,[0.251327]
1.74269e+09,[372.670319]
1.74269e+09,[0.251327]
1.74269e+09,[0.251327]
1.74269e+09,[0.251327]
1.74269e+09,[0.251327]
1.74269e+09,[0.251327]
1.74269e+09,[372.670319]
1.74269e+09,[0.251327]
1.74269e+09,[0.251327]
1.74269e+09,[0.251327]
1.74269e+09,[0.251327]
1.74269e+09,[0.251327]
1.74269e+09,[372.670319]
1.74269e+09,[0.251327]
1.74269e+09,[0.251327]
1.74269e+09,[0.251327]
1.74269e+09,[0.251327]
1.74269e+09,[0.251327]
1.74269e+09,[372.670319]
1.74269e+09,[0.251327]
1.74269e+09,[0.251327]
1.74269e+09,[0.251327]
1.74269e+09,[0.251327]
1.74269e+09,[0.251327]
1.74269e+09,[372.670319]
1.74269e+09,[0.251327]
1.74269e+09,[0.251327]
1.74269e+09,[0.251327]
1.74269e+09,[0.251327]
1.74269e+09,[0.251327]
1.74269e+09,[372.670319]
1.74269e+09,[0.251327]
1.74269e+09,[0.251327]
1.74269e+09,[0.251327]
1.74269e+09,[0.251327]
1.74269e+09,[0.251327]
1.74269e+09,[372.670319]
1.74269e+09,[0.251327]
1.74269e+09,[0.251327]
1.74269e+09,[0.251327]
1.74269e+09,[0.251327]
1.74269e+09,[0.251327]
1.74269e+09,[372.670319]
1.74269e+09,[0.251327]
1.74269e+09,[0.251327]
1.74269e+09,[0.251327]
1.74269e+09,[0.251327]
1.74269e+09,[0.251327]
1.74269e+09,[372.670319]
1.74269e+09,[0.251327]
1.74269e+09,[0.251327]
1.74269e+09,[0.251327]
1.74269e+09,[0.251327]
1.74269e+09,[0.251327]
1.74269e+09,[372.670319]
1.74269e+09,[0.251327]
1.74269e+09,[0.251327]
1.74269e+09,[0.251327]
1.74269e+09,[0.251327]
1.74269e+09,[0.251327]
1.74269e+09,[372.670319]
1.74269e+09,[0.251327]
1.74269e+09,[0.251327]
1.74269e+09,[0.251327]
1.74269e+09,[0.251327]
1.74269e+09,[0.251327]
1.74269e+09,[372.670319]
1.74269e+09,[0.251327]
1.74269e+09,[0.251327]
1.74269e+09,[0.251327]
1.74269e+09,[0.251327]
1.74269e+09,[0.251327]
1.74269e+09,[372.670319]
1.74269e+09,[0.251327]
1.74269e+09,[0.251327]
1.74269e+09,[0.251327]
1.74269e+09,[0.251327]
1.74269e+09,[0.251327]
1.74269e+09,[372.670319]
1.74269e+09,[0.251327]
1.74269e+09,[0.251327]
1.74269e+09,[0.251327]
1.74269e+09,[0.251327]
1.74269e+09,[0.251327]
1.74269e+09,[372.670319]
1.74269e+09,[0.251327]
1.74269e+09,[0.251327]
1.74269e+09,[0.251327]
1.74269e+09,[0.251327]
1.74269e+09,[0.251327]
1.74269e+09,[372.670319]
1.74269e+09,[0.251327]
1.74269e+09,[0.251327]
1.74269e+09,[0.251327]
1.74269e+09,[0.251327]
1.74269e+09,[0.251327]
1.74269e+09,[372.670319]
1.74269e+09,[0.251327]
1.74269e+09,[0.251327]
1.74269e+09,[0.251327]
1.74269e+09,[0.251327]
1.74269e+09,[0.251327]
1.74269e+09,[372.670319]
1.74269e+09,[0.251327]
1.74269e+09,[0.251327]
1.74269e+09,[0.251327]
1.74269e+09,[0.251327]
1.74269e+09,[0.251327]
1.74269e+09,[372.670319]
1.74269e+09,[0.251327]
1.74269e+09,[0.251327]
1.74269e+09,[0.251327]
1.74269e+09,[0.251327]
1.74269e+09,[0.251327]
1.74269e+09,[372.670319]
1.74269e+09,[0.251327]
1.74269e+09,[0.251327]
1.74269e+09,[0.251327]
1.74269e+09,[0.251327]
1.74269e+09,[0.251327]
1.74269e+09,[372.670319]
1.74269e+09,[0.251327]
1.74269e+09,[0.251327]
1.74269e+09,[0.251327]
1.74269e+09,[0.251327]
1.74269e+09,[0.251327]
1.74269e+09,[372.670319]
1.74269e+09,[0.251327]
1.74269e+09,[0.251327]
1.74269e+09,[0.240855]
1.74269e+09,[0.251327]
1.74269e+09,[0.240855]
1.74269e+09,[365.086853]
1.74269e+09,[0.240855]
1.74269e+09,[0.230383]
1.74269e+09,[0.230383]
1.74269e+09,[0.230383]
1.74269e+09,[0.230383]
1.74269e+09,[343.552856]
1.74269e+09,[0.219911]
1.74269e+09,[0.219911]
1.74269e+09,[0.209440]
1.74269e+09,[0.209440]
1.74269e+09,[0.209440]
1.74269e+09,[313.331818]
1.74269e+09,[0.188496]
1.74269e+09,[0.198968]
1.74269e+09,[0.188496]
1.74269e+09,[0.188496]
1.74269e+09,[0.178024]
1.74269e+09,[275.555450]
1.74269e+09,[0.188496]
1.74269e+09,[0.167552]
1.74269e+09,[0.178024]
1.74269e+09,[0.167552]
1.74269e+09,[0.167552]
1.74269e+09,[252.694962]
1.74269e+09,[0.157080]
1.74269e+09,[0.157080]
1.74269e+09,[0.157080]
1.74269e+09,[0.146608]
1.74269e+09,[0.157080]
1.74269e+09,[229.794220]
1.74269e+09,[0.146608]
1.74269e+09,[0.146608]
1.74269e+09,[0.136136]
1.74269e+09,[0.146608]
1.74269e+09,[0.125664]
1.74269e+09,[206.866455]
1.74269e+09,[0.146608]
1.74269e+09,[0.125664]
1.74269e+09,[0.136136]
1.74269e+09,[0.115192]
1.74269e+09,[0.136136]
1.74269e+09,[191.698257]
1.74269e+09,[0.115192]
1.74269e+09,[0.136136]
1.74269e+09,[0.104720]
1.74269e+09,[0.125664]
1.74269e+09,[0.094248]
1.74269e+09,[176.559540]
1.74269e+09,[0.125664]
1.74269e+09,[0.094248]
1.74269e+09,[0.125664]
1.74269e+09,[0.083776]
1.74269e+09,[0.115192]
1.74269e+09,[153.676117]
1.74269e+09,[0.083776]
1.74269e+09,[0.115192]
1.74269e+09,[0.073304]
1.74269e+09,[0.115192]
1.74269e+09,[0.073304]
1.74269e+09,[145.881195]
1.74269e+09,[0.104720]
1.74269e+09,[0.073304]
1.74269e+09,[0.104720]
1.74269e+09,[0.062832]
1.74269e+09,[0.104720]
1.74269e+09,[130.834457]
1.74269e+09,[0.062832]
1.74269e+09,[0.094248]
1.74269e+09,[0.052360]
1.74269e+09,[0.094248]
1.74269e+09,[0.052360]
1.74269e+09,[115.874939]
1.74269e+09,[0.094248]
1.74269e+09,[0.041888]
1.74269e+09,[0.083776]
1.74269e+09,[0.041888]
1.74269e+09,[0.083776]
1.74269e+09,[101.035530]
1.74269e+09,[0.031416]
1.74269e+09,[0.083776]
1.74269e+09,[0.020944]
1.74269e+09,[0.083776]
1.74269e+09,[0.020944]
1.74269e+09,[85.405380]
1.74269e+09,[0.083776]
1.74269e+09,[0.010472]
1.74269e+09,[0.083776]
1.74269e+09,[0.010472]
1.74269e+09,[0.083776]
1.74269e+09,[77.587303]
1.74269e+09,[0.010472]
1.74269e+09,[0.083776]
1.74269e+09,[0.010472]
1.74269e+09,[0.083776]
1.74269e+09,[0.010472]
1.74269e+09,[81.367210]
1.74269e+09,[0.083776]
1.74269e+09,[0.010472]
1.74269e+09,[0.073304]
1.74269e+09,[0.010472]
1.74269e+09,[0.073304]
1.74269e+09,[78.147026]
1.74269e+09,[0.010472]
1.74269e+09,[0.073304]
1.74269e+09,[0.010472]
1.74269e+09,[0.073304]
1.74269e+09,[0.010472]
1.74269e+09,[78.147026]
1.74269e+09,[0.073304]
1.74269e+09,[0.010472]
1.74269e+09,[0.073304]
1.74269e+09,[0.010472]
1.74269e+09,[0.073304]
1.74269e+09,[84.571358]
1.74269e+09,[0.010472]
1.74269e+09,[0.073304]
1.74269e+09,[0.010472]
1.74269e+09,[0.073304]
1.74269e+09,[0.010472]
1.74269e+09,[84.571358]
1.74269e+09,[0.073304]
1.74269e+09,[0.010472]
1.74269e+09,[0.073304]
1.74269e+09,[0.010472]
1.74269e+09,[0.073304]
1.74269e+09,[84.571358]
1.74269e+09,[0.010472]
1.74269e+09,[0.073304]
1.74269e+09,[0.010472]
1.74269e+09,[0.073304]
1.74269e+09,[0.010472]
1.74269e+09,[84.571358]
1.74269e+09,[0.073304]
1.74269e+09,[0.010472]
1.74269e+09,[0.073304]
1.74269e+09,[0.010472]
1.74269e+09,[0.073304]
1.74269e+09,[84.571358]
1.74269e+09,[0.010472]
1.74269e+09,[0.073304]
1.74269e+09,[0.010472]
1.74269e+09,[0.073304]
1.74269e+09,[0.010472]
1.74269e+09,[80.390373]
1.74269e+09,[0.073304]
1.74269e+09,[0.010472]
1.74269e+09,[0.073304]
1.74269e+09,[0.010472]
1.74269e+09,[0.073304]
1.74269e+09,[87.628952]
1.74269e+09,[0.010472]
1.74269e+09,[0.073304]
1.74269e+09,[0.010472]
1.74269e+09,[0.073304]
1.74269e+09,[0.010472]
1.74269e+09,[87.628952]
1.74269e+09,[0.073304]
1.74269e+09,[0.010472]
1.74269e+09,[0.073304]
1.74269e+09,[0.010472]
1.74269e+09,[0.073304]
1.74269e+09,[87.628952]
1.74269e+09,[0.010472]
1.74269e+09,[0.073304]
1.74269e+09,[0.010472]
1.74269e+09,[0.073304]
1.74269e+09,[0.010472]
1.74269e+09,[87.628952]
1.74269e+09,[0.073304]
1.74269e+09,[0.010472]
1.74269e+09,[0.073304]
1.74269e+09,[0.010472]
1.74269e+09,[0.073304]
1.74269e+09,[87.628952]
1.74269e+09,[0.010472]
1.74269e+09,[0.073304]
1.74269e+09,[0.010472]
1.74269e+09,[0.073304]
1.74269e+09,[0.010472]
1.74269e+09,[87.628952]
1.74269e+09,[0.073304]
1.74269e+09,[0.010472]
1.74269e+09,[0.073304]
1.74269e+09,[0.010472]
1.74269e+09,[0.073304]
1.74269e+09,[87.628952]
1.74269e+09,[0.010472]
1.74269e+09,[0.073304]
1.74269e+09,[0.010472]
1.74269e+09,[0.073304]
1.74269e+09,[0.010472]
1.74269e+09,[87.628952]
1.74269e+09,[0.073304]
1.74269e+09,[0.010472]
1.74269e+09,[0.073304]
1.74269e+09,[0.010472]
1.74269e+09,[0.073304]
1.74269e+09,[87.628952]
1.74269e+09,[0.010472]
1.74269e+09,[0.073304]
1.74269e+09,[0.010472]
1.74269e+09,[0.073304]
1.74269e+09,[0.010472]
1.74269e+09,[87.628952]
1.74269e+09,[0.073304]
1.74269e+09,[0.010472]
1.74269e+09,[0.073304]
1.74269e+09,[0.010472]
1.74269e+09,[0.073304]
1.74269e+09,[87.628952]
1.74269e+09,[0.010472]
1.74269e+09,[0.073304]
1.74269e+09,[0.010472]
1.74269e+09,[0.073304]
1.74269e+09,[0.010472]
1.74269e+09,[87.628952]
1.74269e+09,[0.073304]
1.74269e+09,[0.010472]
1.74269e+09,[0.073304]
1.74269e+09,[0.010472]
1.74269e+09,[0.073304]
1.74269e+09,[87.628952]
1.74269e+09,[0.010472]
1.74269e+09,[0.073304]
1.74269e+09,[0.010472]
1.74269e+09,[0.073304]
1.74269e+09,[0.010472]
1.74269e+09,[87.628952]
1.74269e+09,[0.073304]
1.74269e+09,[0.010472]
1.74269e+09,[0.073304]
1.74269e+09,[0.010472]
1.74269e+09,[0.073304]
1.74269e+09,[87.628952]
1.74269e+09,[0.010472]
1.74269e+09,[0.073304]
1.74269e+09,[0.010472]
1.74269e+09,[0.073304]
1.74269e+09,[0.010472]
1.74269e+09,[87.628952]
1.74269e+09,[0.073304]
1.74269e+09,[0.010472]
1.74269e+09,[0.073304]
1.74269e+09,[0.010472]
1.74269e+09,[0.073304]
1.74269e+09,[87.628952]
1.74269e+09,[0.010472]
1.74269e+09,[0.073304]
1.74269e+09,[0.010472]
1.74269e+09,[0.073304]
1.74269e+09,[0.010472]
1.74269e+09,[87.628952]
1.74269e+09,[0.073304]
1.74269e+09,[0.010472]
1.74269e+09,[0.073304]
1.74269e+09,[0.010472]
1.74269e+09,[0.073304]
1.74269e+09,[87.628952]
1.74269e+09,[0.010472]
1.74269e+09,[0.073304]
1.74269e+09,[0.010472]
1.74269e+09,[0.073304]
1.74269e+09,[0.010472]
1.74269e+09,[87.628952]
1.74269e+09,[0.073304]
1.74269e+09,[0.010472]
1.74269e+09,[0.073304]
1.74269e+09,[0.010472]
1.74269e+09,[0.073304]
1.74269e+09,[87.628952]
1.74269e+09,[0.010472]
1.74269e+09,[0.073304]
1.74269e+09,[0.010472]
1.74269e+09,[0.073304]
1.74269e+09,[0.010472]
1.74269e+09,[87.628952]
1.74269e+09,[0.073304]
1.74269e+09,[0.010472]
1.74269e+09,[0.073304]
1.74269e+09,[0.010472]
1.74269e+09,[0.073304]
1.74269e+09,[87.628952]
1.74269e+09,[0.010472]
1.74269e+09,[0.073304]
1.74269e+09,[0.010472]
1.74269e+09,[0.073304]
1.74269e+09,[0.010472]
1.74269e+09,[87.628952]
1.74269e+09,[0.073304]
1.74269e+09,[0.010472]
1.74269e+09,[0.073304]
1.74269e+09,[0.010472]
1.74269e+09,[0.073304]
1.74269e+09,[87.628952]
1.74269e+09,[0.010472]
1.74269e+09,[0.073304]
1.74269e+09,[0.010472]
1.74269e+09,[0.073304]
1.74269e+09,[0.010472]
1.74269e+09,[87.628952]
1.74269e+09,[0.073304]
1.74269e+09,[0.010472]
1.74269e+09,[0.073304]
1.74269e+09,[0.010472]
1.74269e+09,[0.073304]
1.74269e+09,[87.628952]
1.74269e+09,[0.010472]
1.74269e+09,[0.073304]
1.74269e+09,[0.010472]
1.74269e+09,[0.073304]
1.74269e+09,[0.010472]
1.74269e+09,[87.628952]
1.74269e+09,[0.073304]
1.74269e+09,[0.010472]
1.74269e+09,[0.073304]
1.74269e+09,[0.010472]
1.74269e+09,[0.073304]
1.74269e+09,[87.628952]
1.74269e+09,[0.010472]
1.74269e+09,[0.073304]
1.74269e+09,[0.010472]
1.74269e+09,[0.073304]
1.74269e+09,[0.010472]
1.74269e+09,[87.628952]
1.74269e+09,[0.073304]
1.74269e+09,[0.010472]
1.74269e+09,[0.073304]
1.74269e+09,[0.010472]
1.74269e+09,[0.073304]
1.74269e+09,[87.628952]
1.74269e+09,[0.010472]
1.74269e+09,[0.073304]
1.74269e+09,[0.010472]
1.74269e+09,[0.073304]
1.74269e+09,[0.010472]
1.74269e+09,[87.628952]
1.74269e+09,[0.073304]
1.74269e+09,[0.010472]
1.74269e+09,[0.073304]
1.74269e+09,[0.010472]
1.74269e+09,[0.073304]
1.74269e+09,[87.628952]
1.74269e+09,[0.010472]
1.74269e+09,[0.073304]
1.74269e+09,[0.010472]
1.74269e+09,[0.073304]
1.74269e+09,[0.010472]
1.74269e+09,[87.628952]
1.74269e+09,[0.073304]
1.74269e+09,[0.010472]
1.74269e+09,[0.073304]
1.74269e+09,[0.010472]
1.74269e+09,[0.073304]
1.74269e+09,[87.628952]
1.74269e+09,[0.010472]
1.74269e+09,[0.073304]
1.74269e+09,[0.010472]
1.74269e+09,[0.073304]
1.74269e+09,[0.010472]
1.74269e+09,[87.628952]
1.74269e+09,[0.073304]
1.74269e+09,[0.010472]
1.74269e+09,[0.073304]
1.74269e+09,[0.010472]
1.74269e+09,[0.073304]
1.74269e+09,[87.628952]
1.74269e+09,[0.010472]
1.74269e+09,[0.073304]
1.74269e+09,[0.010472]
1.74269e+09,[0.073304]
1.74269e+09,[0.010472]
1.74269e+09,[87.628952]
1.74269e+09,[0.073304]
1.74269e+09,[0.010472]
1.74269e+09,[0.073304]
1.74269e+09,[0.010472]
1.74269e+09,[0.073304]
1.74269e+09,[87.628952]
1.74269e+09,[0.010472]
1.74269e+09,[0.073304]
1.74269e+09,[0.010472]
1.74269e+09,[0.073304]
1.74269e+09,[0.010472]
1.74269e+09,[87.628952]
1.74269e+09,[0.073304]
1.74269e+09,[0.010472]
1.74269e+09,[0.073304]
1.74269e+09,[0.010472]
1.74269e+09,[0.073304]
1.74269e+09,[87.628952]
1.74269e+09,[0.010472]
1.74269e+09,[0.073304]
1.74269e+09,[0.010472]
1.74269e+09,[0.073304]
1.74269e+09,[0.010472]
1.74269e+09,[87.628952]
1.74269e+09,[0.073304]
1.74269e+09,[0.010472]
1.74269e+09,[0.073304]
1.74269e+09,[0.010472]
1.74269e+09,[0.073304]
1.74269e+09,[87.628952]
1.74269e+09,[0.010472]
1.74269e+09,[0.073304]
1.74269e+09,[0.010472]
1.74269e+09,[0.073304]
1.74269e+09,[0.010472]
1.74269e+09,[87.628952]
1.74269e+09,[0.073304]
1.74269e+09,[0.010472]
1.74269e+09,[0.073304]
1.74269e+09,[0.010472]
1.74269e+09,[0.073304]
1.74269e+09,[87.628952]
1.74269e+09,[0.010472]
1.74269e+09,[0.073304]
1.74269e+09,[0.010472]
1.74269e+09,[0.073304]
1.74269e+09,[0.010472]
1.74269e+09,[87.628952]
1.74269e+09,[0.073304]
1.74269e+09,[0.010472]
1.74269e+09,[0.073304]
1.74269e+09,[0.010472]
1.74269e+09,[0.073304]
1.74269e+09,[87.628952]
1.74269e+09,[0.010472]
1.74269e+09,[0.073304]
1.74269e+09,[0.010472]
1.74269e+09,[0.073304]
1.74269e+09,[0.010472]
1.74269e+09,[87.628952]
1.74269e+09,[0.073304]
1.74269e+09,[0.010472]
1.74269e+09,[0.073304]
1.74269e+09,[0.010472]
1.74269e+09,[0.073304]
1.74269e+09,[87.628952]
1.74269e+09,[0.010472]
1.74269e+09,[0.073304]
1.74269e+09,[0.010472]
1.74269e+09,[0.073304]
1.74269e+09,[0.010472]
1.74269e+09,[87.628952]
1.74269e+09,[0.073304]
1.74269e+09,[0.010472]
1.74269e+09,[0.073304]
1.74269e+09,[0.010472]
1.74269e+09,[0.073304]
1.74269e+09,[87.628952]
1.74269e+09,[0.010472]
1.74269e+09,[0.073304]
1.74269e+09,[0.010472]
1.74269e+09,[0.073304]
1.74269e+09,[0.010472]
1.74269e+09,[87.628952]
1.74269e+09,[0.073304]
1.74269e+09,[0.010472]
1.74269e+09,[0.073304]
1.74269e+09,[0.010472]
1.74269e+09,[0.073304]
1.74269e+09,[87.628952]
1.74269e+09,[0.010472]
1.74269e+09,[0.073304]
1.74269e+09,[0.010472]
1.74269e+09,[0.073304]
1.74269e+09,[0.010472]
1.74269e+09,[87.628952]
1.74269e+09,[0.073304]
1.74269e+09,[0.010472]
1.74269e+09,[0.073304]
1.74269e+09,[0.010472]
1.74269e+09,[0.073304]
1.74269e+09,[87.628952]
1.74269e+09,[0.010472]
1.74269e+09,[0.073304]
1.74269e+09,[0.010472]
1.74269e+09,[0.073304]
1.74269e+09,[0.010472]
1.74269e+09,[87.628952]
1.74269e+09,[0.073304]
1.74269e+09,[0.010472]
1.74269e+09,[0.073304]
1.74269e+09,[0.010472]
1.74269e+09,[0.073304]
1.74269e+09,[87.628952]
1.74269e+09,[0.010472]
1.74269e+09,[0.073304]
1.74269e+09,[0.010472]
1.74269e+09,[0.073304]
1.74269e+09,[0.010472]
1.74269e+09,[87.628952]
1.74269e+09,[0.073304]
1.74269e+09,[0.010472]
1.74269e+09,[0.073304]
1.74269e+09,[0.010472]
1.74269e+09,[0.073304]
1.74269e+09,[87.628952]
1.74269e+09,[0.010472]
1.74269e+09,[0.073304]
1.74269e+09,[0.010472]
1.74269e+09,[0.073304]
1.74269e+09,[0.010472]
1.74269e+09,[87.628952]
1.74269e+09,[0.073304]
1.74269e+09,[0.010472]
1.74269e+09,[0.073304]
1.74269e+09,[0.010472]
1.74269e+09,[0.073304]
1.74269e+09,[87.628952]
1.74269e+09,[0.010472]
1.74269e+09,[0.073304]
1.74269e+09,[0.010472]
1.74269e+09,[0.073304]
1.74269e+09,[0.010472]
1.74269e+09,[87.628952]
1.74269e+09,[0.073304]
1.74269e+09,[0.010472]
1.74269e+09,[0.073304]
1.74269e+09,[0.010472]
1.74269e+09,[0.073304]
1.74269e+09,[87.628952]
1.74269e+09,[0.010472]
1.74269e+09,[0.073304]
1.74269e+09,[0.010472]
1.74269e+09,[0.073304]
1.74269e+09,[0.010472]
1.74269e+09,[87.628952]
1.74269e+09,[0.073304]
1.74269e+09,[0.010472]
1.74269e+09,[0.073304]
1.74269e+09,[0.010472]
1.74269e+09,[0.073304]
1.74269e+09,[87.628952]
1.74269e+09,[0.010472]
1.74269e+09,[0.073304]
1.74269e+09,[0.010472]
1.74269e+09,[0.073304]
1.74269e+09,[0.010472]
1.74269e+09,[87.628952]
1.74269e+09,[0.073304]
1.74269e+09,[0.010472]
1.74269e+09,[0.073304]
1.74269e+09,[0.010472]
1.74269e+09,[0.073304]
1.74269e+09,[87.628952]
1.74269e+09,[0.010472]
1.74269e+09,[0.073304]
1.74269e+09,[0.010472]
1.74269e+09,[0.073304]
1.74269e+09,[0.010472]
1.74269e+09,[87.628952]
1.74269e+09,[0.073304]
1.74269e+09,[0.010472]
1.74269e+09,[0.073304]
1.74269e+09,[0.010472]
1.74269e+09,[0.073304]
1.74269e+09,[87.628952]
1.74269e+09,[0.010472]
1.74269e+09,[0.073304]
1.74269e+09,[0.010472]
1.74269e+09,[0.073304]
1.74269e+09,[0.010472]
1.74269e+09,[87.628952]
1.74269e+09,[0.073304]
1.74269e+09,[0.010472]
1.74269e+09,[0.073304]
1.74269e+09,[0.010472]
1.74269e+09,[0.073304]
1.74269e+09,[87.628952]
1.74269e+09,[0.010472]
1.74269e+09,[0.073304]
1.74269e+09,[0.010472]
1.74269e+09,[0.073304]
1.74269e+09,[0.010472]
1.74269e+09,[87.628952]
1.74269e+09,[0.073304]
1.74269e+09,[0.010472]
1.74269e+09,[0.073304]
1.74269e+09,[0.010472]
1.74269e+09,[0.073304]
1.74269e+09,[87.628952]
1.74269e+09,[0.010472]
1.74269e+09,[0.073304]
1.74269e+09,[0.010472]
1.74269e+09,[0.073304]
1.74269e+09,[0.010472]
1.74269e+09,[87.628952]
1.74269e+09,[0.073304]
1.74269e+09,[0.010472]
1.74269e+09,[0.073304]
1.74269e+09,[0.010472]
1.74269e+09,[0.073304]
1.74269e+09,[87.628952]
1.74269e+09,[0.010472]
1.74269e+09,[0.073304]
1.74269e+09,[0.010472]
1.74269e+09,[0.073304]
1.74269e+09,[0.010472]
1.74269e+09,[87.628952]
1.74269e+09,[0.073304]
1.74269e+09,[0.010472]
1.74269e+09,[0.073304]
1.74269e+09,[0.010472]
1.74269e+09,[0.073304]
1.74269e+09,[87.628952]
1.74269e+09,[0.010472]
1.74269e+09,[0.073304]
1.74269e+09,[0.010472]
1.74269e+09,[0.073304]
1.74269e+09,[0.010472]
1.74269e+09,[87.628952]
1.74269e+09,[0.073304]
1.74269e+09,[0.010472]
1.74269e+09,[0.073304]
1.74269e+09,[0.010472]
1.74269e+09,[0.073304]
1.74269e+09,[87.628952]
1.74269e+09,[0.010472]
1.74269e+09,[0.073304]
1.74269e+09,[0.010472]
1.74269e+09,[0.073304]
1.74269e+09,[0.010472]
1.74269e+09,[87.628952]
1.74269e+09,[0.073304]
1.74269e+09,[0.010472]
1.74269e+09,[0.073304]
1.74269e+09,[0.010472]
1.74269e+09,[0.073304]
1.74269e+09,[87.628952]
1.74269e+09,[0.010472]
1.74269e+09,[0.073304]
1.74269e+09,[0.010472]
1.74269e+09,[0.073304]
1.74269e+09,[0.010472]
1.74269e+09,[87.628952]
1.74269e+09,[0.073304]
1.74269e+09,[0.010472]
1.74269e+09,[0.073304]
1.74269e+09,[0.010472]
1.74269e+09,[0.073304]
1.74269e+09,[87.628952]
1.74269e+09,[0.010472]
1.74269e+09,[0.073304]
1.74269e+09,[0.010472]
1.74269e+09,[0.073304]
1.74269e+09,[0.010472]
1.74269e+09,[87.628952]
1.74269e+09,[0.073304]
1.74269e+09,[0.010472]
1.74269e+09,[0.073304]
1.74269e+09,[0.010472]
1.74269e+09,[0.073304]
1.74269e+09,[87.628952]
1.74269e+09,[0.010472]
1.74269e+09,[0.073304]
1.74269e+09,[0.010472]
1.74269e+09,[0.073304]
1.74269e+09,[0.010472]
1.74269e+09,[87.628952]
1.74269e+09,[0.073304]
1.74269e+09,[0.010472]
1.74269e+09,[0.073304]
1.74269e+09,[0.010472]
1.74269e+09,[0.073304]
1.74269e+09,[87.628952]
1.74269e+09,[0.010472]
1.74269e+09,[0.073304]
1.74269e+09,[0.010472]
1.74269e+09,[0.073304]
1.74269e+09,[0.010472]
1.74269e+09,[87.628952]
1.74269e+09,[0.073304]
1.74269e+09,[0.010472]
1.74269e+09,[0.073304]
1.74269e+09,[0.010472]
1.74269e+09,[0.073304]
1.74269e+09,[87.628952]
1.74269e+09,[0.010472]
1.74269e+09,[0.073304]
1.74269e+09,[0.010472]
1.74269e+09,[0.073304]
1.74269e+09,[0.010472]
1.74269e+09,[87.628952]
1.74269e+09,[0.073304]
1.74269e+09,[0.010472]
1.74269e+09,[0.073304]
1.74269e+09,[0.010472]
1.74269e+09,[0.073304]
1.74269e+09,[87.628952]
1.74269e+09,[0.010472]
1.74269e+09,[0.073304]
1.74269e+09,[0.010472]
1.74269e+09,[0.073304]
1.74269e+09,[0.010472]
1.74269e+09,[87.628952]
1.74269e+09,[0.073304]
1.74269e+09,[0.010472]
1.74269e+09,[0.073304]
1.74269e+09,[0.010472]
1.74269e+09,[0.073304]
1.74269e+09,[87.628952]
1.74269e+09,[0.010472]
1.74269e+09,[0.073304]
1.74269e+09,[0.010472]
1.74269e+09,[0.073304]
1.74269e+09,[0.010472]
1.74269e+09,[87.628952]
1.74269e+09,[0.073304]
1.74269e+09,[0.010472]
1.74269e+09,[0.073304]
1.74269e+09,[0.010472]
1.74269e+09,[0.073304]
1.74269e+09,[87.628952]
1.74269e+09,[0.010472]
1.74269e+09,[0.073304]
1.74269e+09,[0.010472]
1.74269e+09,[0.073304]
1.74269e+09,[0.010472]
1.74269e+09,[87.628952]
1.74269e+09,[0.073304]
1.74269e+09,[0.010472]
1.74269e+09,[0.073304]
1.74269e+09,[0.010472]
1.74269e+09,[0.073304]
1.74269e+09,[87.628952]
1.74269e+09,[0.010472]
1.74269e+09,[0.073304]
1.74269e+09,[0.010472]
1.74269e+09,[0.073304]
1.74269e+09,[0.010472]
1.74269e+09,[87.628952]
1.74269e+09,[0.073304]
1.74269e+09,[0.010472]
1.74269e+09,[0.073304]
1.74269e+09,[0.010472]
1.74269e+09,[0.073304]
1.74269e+09,[87.628952]
1.74269e+09,[0.010472]
1.74269e+09,[0.073304]
1.74269e+09,[0.010472]
1.74269e+09,[0.073304]
1.74269e+09,[0.010472]
1.74269e+09,[87.628952]
1.74269e+09,[0.073304]
1.74269e+09,[0.010472]
1.74269e+09,[0.073304]
1.74269e+09,[0.010472]
1.74269e+09,[0.073304]
1.74269e+09,[87.628952]
1.74269e+09,[0.010472]
1.74269e+09,[0.073304]
1.74269e+09,[0.010472]
1.74269e+09,[0.073304]
1.74269e+09,[0.010472]
1.74269e+09,[87.628952]
1.74269e+09,[0.073304]
1.74269e+09,[0.010472]
1.74269e+09,[0.073304]
1.74269e+09,[0.010472]
1.74269e+09,[0.073304]
1.74269e+09,[87.628952]
1.74269e+09,[0.010472]
1.74269e+09,[0.073304]
1.74269e+09,[0.010472]
1.74269e+09,[0.073304]
1.74269e+09,[0.010472]
1.74269e+09,[87.628952]
1.74269e+09,[0.073304]
1.74269e+09,[0.010472]
1.74269e+09,[0.073304]
1.74269e+09,[0.010472]
1.74269e+09,[0.073304]
1.74269e+09,[87.628952]
1.74269e+09,[0.010472]
1.74269e+09,[0.073304]
1.74269e+09,[0.010472]
1.74269e+09,[0.073304]
1.74269e+09,[0.010472]
1.74269e+09,[87.628952]
1.74269e+09,[0.073304]
1.74269e+09,[0.010472]
1.74269e+09,[0.073304]
1.74269e+09,[0.010472]
1.74269e+09,[0.073304]
1.74269e+09,[87.628952]
1.74269e+09,[0.010472]
1.74269e+09,[0.073304]
1.74269e+09,[0.010472]
1.74269e+09,[0.062832]
1.74269e+09,[0.010472]
1.74269e+09,[81.004898]
1.74269e+09,[0.062832]
1.74269e+09,[0.010472]
1.74269e+09,[0.062832]
1.74269e+09,[0.010472]
1.74269e+09,[0.052360]
1.74269e+09,[74.713257]
1.74269e+09,[0.010472]
1.74269e+09,[0.052360]
1.74269e+09,[0.010472]
1.74269e+09,[0.041888]
1.74269e+09,[0.010472]
1.74269e+09,[68.899582]
1.74269e+09,[0.041888]
1.74269e+09,[0.010472]
1.74269e+09,[0.041888]
1.74269e+09,[0.010472]
1.74269e+09,[0.031416]
1.74269e+09,[63.781002]
1.74269e+09,[0.010472]
1.74269e+09,[0.031416]
1.74269e+09,[0.010472]
1.74269e+09,[0.031416]
1.74269e+09,[0.010472]
1.74269e+09,[63.781002]
1.74269e+09,[0.031416]
1.74269e+09,[0.010472]
1.74269e+09,[0.031416]
1.74269e+09,[0.010472]
1.74269e+09,[0.031416]
1.74269e+09,[63.781002]
1.74269e+09,[0.010472]
1.74269e+09,[0.031416]
1.74269e+09,[0.010472]
1.74269e+09,[0.020944]
1.74269e+09,[0.010472]
1.74269e+09,[59.666946]
1.74269e+09,[0.020944]
1.74269e+09,[0.010472]
1.74269e+09,[0.020944]
1.74269e+09,[0.010472]
1.74269e+09,[0.020944]
1.74269e+09,[59.666946]
1.74269e+09,[0.010472]
1.74269e+09,[0.020944]
1.74269e+09,[0.010472]
1.74269e+09,[0.020944]
1.74269e+09,[0.010472]
1.74269e+09,[59.666946]
1.74269e+09,[0.020944]
1.74269e+09,[0.010472]
1.74269e+09,[0.020944]
1.74269e+09,[0.010472]
1.74269e+09,[0.020944]
1.74269e+09,[59.666946]
1.74269e+09,[0.010472]
1.74269e+09,[0.020944]
1.74269e+09,[0.010472]
1.74269e+09,[0.020944]
1.74269e+09,[0.010472]
1.74269e+09,[59.666946]
1.74269e+09,[0.020944]
1.74269e+09,[0.010472]
1.74269e+09,[0.020944]
1.74269e+09,[0.010472]
1.74269e+09,[0.020944]
1.74269e+09,[59.666946]
1.74269e+09,[0.010472]
1.74269e+09,[0.020944]
1.74269e+09,[0.010472]
1.74269e+09,[0.020944]
1.74269e+09,[0.010472]
1.74269e+09,[59.666946]
1.74269e+09,[0.020944]
1.74269e+09,[0.010472]
1.74269e+09,[0.020944]
1.74269e+09,[0.010472]
1.74269e+09,[0.020944]
1.74269e+09,[59.666946]
1.74269e+09,[0.010472]
1.74269e+09,[0.020944]
1.74269e+09,[0.010472]
1.74269e+09,[0.020944]
1.74269e+09,[0.010472]
1.74269e+09,[59.666946]
1.74269e+09,[0.020944]
1.74269e+09,[0.010472]
1.74269e+09,[0.020944]
1.74269e+09,[0.010472]
1.74269e+09,[0.020944]
1.74269e+09,[59.666946]
1.74269e+09,[0.010472]
1.74269e+09,[0.020944]
1.74269e+09,[0.010472]
1.74269e+09,[0.020944]
1.74269e+09,[0.010472]
1.74269e+09,[59.666946]
1.74269e+09,[0.020944]
1.74269e+09,[0.010472]
1.74269e+09,[0.020944]
1.74269e+09,[0.010472]
1.74269e+09,[0.020944]
1.74269e+09,[59.666946]
1.74269e+09,[0.010472]
1.74269e+09,[0.031416]
1.74269e+09,[0.010472]
1.74269e+09,[0.031416]
1.74269e+09,[0.020944]
1.74269e+09,[67.240730]
1.74269e+09,[0.031416]
1.74269e+09,[0.020944]
1.74269e+09,[0.031416]
1.74269e+09,[0.020944]
1.74269e+09,[0.031416]
1.74269e+09,[67.240730]
1.74269e+09,[0.031416]
1.74269e+09,[0.041888]
1.74269e+09,[0.031416]
1.74269e+09,[0.041888]
1.74269e+09,[0.031416]
1.74269e+09,[77.331345]
1.74269e+09,[0.041888]
1.74269e+09,[0.041888]
1.74269e+09,[0.052360]
1.74269e+09,[0.041888]
1.74269e+09,[0.052360]
1.74269e+09,[84.603340]
1.74269e+09,[0.052360]
1.74269e+09,[0.052360]
1.74269e+09,[0.052360]
1.74269e+09,[0.062832]
1.74269e+09,[0.062832]
1.74269e+09,[104.762474]
1.74269e+09,[0.062832]
1.74269e+09,[0.062832]
1.74269e+09,[0.062832]
1.74269e+09,[0.073304]
1.74269e+09,[0.073304]
1.74269e+09,[118.904266]
1.74269e+09,[0.073304]
1.74269e+09,[0.073304]
1.74269e+09,[0.083776]
1.74269e+09,[0.083776]
1.74269e+09,[0.094248]
1.74269e+09,[140.691101]
1.74269e+09,[0.083776]
1.74269e+09,[0.094248]
1.74269e+09,[0.094248]
1.74269e+09,[0.104720]
1.74269e+09,[0.094248]
1.74269e+09,[155.434311]
1.74269e+09,[0.104720]
1.74269e+09,[0.094248]
1.74269e+09,[0.104720]
1.74269e+09,[0.104720]
1.74269e+09,[0.115192]
1.74269e+09,[170.306915]
1.74269e+09,[0.104720]
1.74269e+09,[0.115192]
1.74269e+09,[0.115192]
1.74269e+09,[0.125664]
1.74269e+09,[0.115192]
1.74269e+09,[185.271759]
1.74269e+09,[0.125664]
1.74269e+09,[0.125664]
1.74269e+09,[0.136136]
1.74269e+09,[0.125664]
1.74269e+09,[0.136136]
1.74269e+09,[200.302231]
1.74269e+09,[0.136136]
1.74269e+09,[0.136136]
1.74269e+09,[0.136136]
1.74269e+09,[0.146608]
1.74269e+09,[0.146608]
1.74269e+09,[222.926086]
1.74269e+09,[0.146608]
1.74269e+09,[0.146608]
1.74269e+09,[0.146608]
1.74269e+09,[0.157080]
1.74269e+09,[0.157080]
1.74269e+09,[236.818359]
1.74269e+09,[0.157080]
1.74269e+09,[0.157080]
1.74269e+09,[0.157080]
1.74269e+09,[0.167552]
1.74269e+09,[0.167552]
1.74269e+09,[252.033798]
1.74269e+09,[0.167552]
1.74269e+09,[0.167552]
1.74269e+09,[0.178024]
1.74269e+09,[0.178024]
1.74269e+09,[0.178024]
1.74269e+09,[267.245789]
1.74269e+09,[0.178024]
1.74269e+09,[0.178024]
1.74269e+09,[0.188496]
1.74269e+09,[0.188496]
1.74269e+09,[0.188496]
1.74269e+09,[282.448792]
1.74269e+09,[0.188496]
1.74269e+09,[0.198968]
1.74269e+09,[0.198968]
1.74269e+09,[0.198968]
1.74269e+09,[0.198968]
1.74269e+09,[297.638031]
1.74269e+09,[0.209440]
1.74269e+09,[0.209440]
1.74269e+09,[0.209440]
1.74269e+09,[0.209440]
1.74269e+09,[0.209440]
1.74269e+09,[312.809357]
1.74269e+09,[0.219911]
1.74269e+09,[0.219911]
1.74269e+09,[0.219911]
1.74269e+09,[0.219911]
1.74269e+09,[0.219911]
1.74269e+09,[327.959045]
1.74269e+09,[0.219911]
1.74269e+09,[0.230383]
1.74269e+09,[0.219911]
1.74269e+09,[0.240855]
1.74269e+09,[0.230383]
1.74269e+09,[350.611267]
1.74269e+09,[0.240855]
1.74269e+09,[0.230383]
1.74269e+09,[0.240855]
1.74269e+09,[0.230383]
1.74269e+09,[0.251327]
1.74269e+09,[358.124908]
1.74269e+09,[0.240855]
1.74269e+09,[0.261799]
1.74269e+09,[0.240855]
1.74269e+09,[0.261799]
1.74269e+09,[0.251327]
1.74269e+09,[380.744659]
1.74269e+09,[0.261799]
1.74269e+09,[0.251327]
1.74269e+09,[0.272271]
1.74269e+09,[0.251327]
1.74269e+09,[0.272271]
1.74269e+09,[388.226166]
1.74269e+09,[0.261799]
1.74269e+09,[0.282743]
1.74269e+09,[0.261799]
1.74269e+09,[0.282743]
1.74269e+09,[0.272271]
1.74269e+09,[410.738708]
1.74269e+09,[0.293215]
1.74269e+09,[0.272271]
1.74269e+09,[0.293215]
1.74269e+09,[0.282743]
1.74269e+09,[0.303687]
1.74269e+09,[433.101257]
1.74269e+09,[0.282743]
1.74269e+09,[0.303687]
1.74269e+09,[0.282743]
1.74269e+09,[0.314159]
1.74269e+09,[0.293215]
1.74269e+09,[447.976776]
1.74269e+09,[0.324631]
1.74269e+09,[0.293215]
1.74269e+09,[0.324631]
1.74269e+09,[0.303687]
1.74269e+09,[0.335103]
1.74269e+09,[470.162933]
1.74269e+09,[0.303687]
1.74269e+09,[0.335103]
1.74269e+09,[0.314159]
1.74269e+09,[0.345575]
1.74269e+09,[0.314159]
1.74269e+09,[484.921722]
1.74269e+09,[0.356047]
1.74269e+09,[0.324631]
1.74269e+09,[0.356047]
1.74269e+09,[0.324631]
1.74269e+09,[0.366519]
1.74269e+09,[506.908997]
1.74269e+09,[0.335103]
1.74269e+09,[0.366519]
1.74269e+09,[0.335103]
1.74269e+09,[0.376991]
1.74269e+09,[0.335103]
1.74269e+09,[521.538391]
1.74269e+09,[0.376991]
1.74269e+09,[0.345575]
1.74269e+09,[0.387463]
1.74269e+09,[0.345575]
1.74269e+09,[0.387463]
1.74269e+09,[536.113281]
1.74269e+09,[0.356047]
1.74269e+09,[0.397935]
1.74269e+09,[0.356047]
1.74269e+09,[0.397935]
1.74269e+09,[0.366519]
1.74269e+09,[557.929932]
1.74269e+09,[0.408407]
1.74269e+09,[0.366519]
1.74269e+09,[0.408407]
1.74269e+09,[0.376991]
1.74269e+09,[0.408407]
1.74269e+09,[572.361694]
1.74269e+09,[0.376991]
1.74269e+09,[0.418879]
1.74269e+09,[0.376991]
1.74269e+09,[0.418879]
1.74269e+09,[0.387463]
1.74269e+09,[586.732605]
1.74269e+09,[0.418879]
1.74269e+09,[0.387463]
1.74269e+09,[0.429351]
1.74269e+09,[0.397935]
1.74269e+09,[0.429351]
1.74269e+09,[601.041016]
1.74269e+09,[0.397935]
1.74269e+09,[0.439823]
1.74269e+09,[0.397935]
1.74269e+09,[0.439823]
1.74269e+09,[0.408407]
1.74269e+09,[615.285339]
1.74269e+09,[0.439823]
1.74269e+09,[0.408407]
1.74269e+09,[0.450295]
1.74269e+09,[0.408407]
1.74269e+09,[0.450295]
1.74269e+09,[622.317017]
1.74269e+09,[0.408407]
1.74269e+09,[0.450295]
1.74269e+09,[0.418879]
1.74269e+09,[0.450295]
1.74269e+09,[0.418879]
1.74269e+09,[629.463745]
1.74269e+09,[0.460767]
1.74269e+09,[0.429351]
1.74269e+09,[0.460767]
1.74269e+09,[0.429351]
1.74269e+09,[0.460767]
1.74269e+09,[643.574646]
1.74269e+09,[0.429351]
1.74269e+09,[0.471239]
1.74269e+09,[0.439823]
1.74269e+09,[0.471239]
1.74269e+09,[0.439823]
1.74269e+09,[657.616333]
1.74269e+09,[0.481711]
1.74269e+09,[0.450295]
1.74269e+09,[0.481711]
1.74269e+09,[0.450295]
1.74269e+09,[0.481711]
1.74269e+09,[671.587280]
1.74269e+09,[0.450295]
1.74269e+09,[0.492183]
1.74269e+09,[0.460767]
1.74269e+09,[0.492183]
1.74269e+09,[0.460767]
1.74269e+09,[685.485840]
1.74269e+09,[0.492183]
1.74269e+09,[0.471239]
1.74269e+09,[0.492183]
1.74269e+09,[0.471239]
1.74269e+09,[0.492183]
1.74269e+09,[692.460510]
1.74269e+09,[0.481711]
1.74269e+09,[0.502655]
1.74269e+09,[0.481711]
1.74269e+09,[0.502655]
1.74269e+09,[0.481711]
1.74269e+09,[706.248230]
1.74269e+09,[0.502655]
1.74269e+09,[0.492183]
1.74269e+09,[0.502655]
1.74269e+09,[0.502655]
1.74269e+09,[0.502655]
1.74269e+09,[720.010315]
1.74269e+09,[0.502655]
1.74269e+09,[0.513127]
1.74269e+09,[0.502655]
1.74269e+09,[0.513127]
1.74269e+09,[0.513127]
1.74269e+09,[733.644165]
1.74269e+09,[0.513127]
1.74269e+09,[0.513127]
1.74269e+09,[0.513127]
1.74269e+09,[0.513127]
1.74269e+09,[0.513127]
1.74269e+09,[733.644165]
1.74269e+09,[0.523599]
1.74269e+09,[0.513127]
1.74269e+09,[0.523599]
1.74269e+09,[0.513127]
1.74269e+09,[0.523599]
1.74269e+09,[740.427002]
1.74269e+09,[0.523599]
1.74269e+09,[0.534071]
1.74269e+09,[0.523599]
1.74269e+09,[0.534071]
1.74269e+09,[0.523599]
1.74269e+09,[753.940674]
1.74269e+09,[0.534071]
1.74269e+09,[0.523599]
1.74269e+09,[0.534071]
1.74269e+09,[0.534071]
1.74269e+09,[0.544543]
1.74269e+09,[767.372559]
1.74269e+09,[0.534071]
1.74269e+09,[0.544543]
1.74269e+09,[0.534071]
1.74269e+09,[0.544543]
1.74269e+09,[0.534071]
1.74269e+09,[767.372559]
1.74269e+09,[0.544543]
1.74269e+09,[0.534071]
1.74269e+09,[0.544543]
1.74269e+09,[0.534071]
1.74269e+09,[0.544543]
1.74269e+09,[767.372559]
1.74269e+09,[0.534071]
1.74269e+09,[0.555015]
1.74269e+09,[0.544543]
1.74269e+09,[0.555015]
1.74269e+09,[0.544543]
1.74269e+09,[780.721252]
1.74269e+09,[0.555015]
1.74269e+09,[0.544543]
1.74269e+09,[0.555015]
1.74269e+09,[0.544543]
1.74269e+09,[0.555015]
1.74269e+09,[780.721252]
1.74269e+09,[0.544543]
1.74269e+09,[0.555015]
1.74269e+09,[0.544543]
1.74269e+09,[0.555015]
1.74269e+09,[0.544543]
1.74269e+09,[780.721252]
1.74269e+09,[0.555015]
1.74269e+09,[0.544543]
1.74269e+09,[0.555015]
1.74269e+09,[0.544543]
1.74269e+09,[0.555015]
1.74269e+09,[780.721252]
1.74269e+09,[0.544543]
1.74269e+09,[0.555015]
1.74269e+09,[0.544543]
1.74269e+09,[0.555015]
1.74269e+09,[0.544543]
1.74269e+09,[780.721252]
1.74269e+09,[0.555015]
1.74269e+09,[0.544543]
1.74269e+09,[0.555015]
1.74269e+09,[0.544543]
1.74269e+09,[0.555015]
1.74269e+09,[780.721252]
1.74269e+09,[0.544543]
1.74269e+09,[0.555015]
1.74269e+09,[0.544543]
1.74269e+09,[0.555015]
1.74269e+09,[0.544543]
1.74269e+09,[780.721252]
1.74269e+09,[0.555015]
1.74269e+09,[0.544543]
1.74269e+09,[0.555015]
1.74269e+09,[0.544543]
1.74269e+09,[0.555015]
1.74269e+09,[780.721252]
1.74269e+09,[0.544543]
1.74269e+09,[0.555015]
1.74269e+09,[0.544543]
1.74269e+09,[0.555015]
1.74269e+09,[0.544543]
1.74269e+09,[780.721252]
1.74269e+09,[0.555015]
1.74269e+09,[0.544543]
1.74269e+09,[0.544543]
1.74269e+09,[0.544543]
1.74269e+09,[0.544543]
1.74269e+09,[774.062744]
1.74269e+09,[0.544543]
1.74269e+09,[0.534071]
1.74269e+09,[0.534071]
1.74269e+09,[0.523599]
1.74269e+09,[0.534071]
1.74269e+09,[753.929749]
1.74269e+09,[0.523599]
1.74269e+09,[0.523599]
1.74269e+09,[0.513127]
1.74269e+09,[0.523599]
1.74269e+09,[0.513127]
1.74269e+09,[740.415649]
1.74269e+09,[0.513127]
1.74269e+09,[0.513127]
1.74269e+09,[0.513127]
1.74269e+09,[0.502655]
1.74269e+09,[0.502655]
1.74269e+09,[720.010315]
1.74269e+09,[0.502655]
1.74269e+09,[0.502655]
1.74269e+09,[0.492183]
1.74269e+09,[0.492183]
1.74269e+09,[0.492183]
1.74269e+09,[706.298584]
1.74269e+09,[0.492183]
1.74269e+09,[0.481711]
1.74269e+09,[0.481711]
1.74269e+09,[0.481711]
1.74269e+09,[0.481711]
1.74269e+09,[692.510437]
1.74269e+09,[0.481711]
1.74269e+09,[0.471239]
1.74269e+09,[0.471239]
1.74269e+09,[0.471239]
1.74269e+09,[0.471239]
1.74269e+09,[678.647583]
1.74269e+09,[0.460767]
1.74269e+09,[0.460767]
1.74269e+09,[0.460767]
1.74269e+09,[0.460767]
1.74269e+09,[0.450295]
1.74269e+09,[657.714661]
1.74269e+09,[0.460767]
1.74269e+09,[0.450295]
1.74269e+09,[0.450295]
1.74269e+09,[0.439823]
1.74269e+09,[0.450295]
1.74269e+09,[643.672241]
1.74269e+09,[0.439823]
1.74269e+09,[0.439823]
1.74269e+09,[0.429351]
1.74269e+09,[0.439823]
1.74269e+09,[0.429351]
1.74269e+09,[629.560791]
1.74269e+09,[0.429351]
1.74269e+09,[0.418879]
1.74269e+09,[0.418879]
1.74269e+09,[0.418879]
1.74269e+09,[0.418879]
1.74269e+09,[608.268066]
1.74269e+09,[0.408407]
1.74269e+09,[0.418879]
1.74269e+09,[0.408407]
1.74269e+09,[0.408407]
1.74269e+09,[0.397935]
1.74269e+09,[586.828369]
1.74269e+09,[0.408407]
1.74269e+09,[0.397935]
1.74269e+09,[0.397935]
1.74269e+09,[0.397935]
1.74269e+09,[0.397935]
1.74269e+09,[579.649719]
1.74269e+09,[0.387463]
1.74269e+09,[0.387463]
1.74269e+09,[0.387463]
1.74269e+09,[0.387463]
1.74269e+09,[0.376991]
1.74269e+09,[558.025391]
1.74269e+09,[0.387463]
1.74269e+09,[0.376991]
1.74269e+09,[0.376991]
1.74269e+09,[0.376991]
1.74269e+09,[0.376991]
1.74269e+09,[550.785095]
1.74269e+09,[0.366519]
1.74269e+09,[0.366519]
1.74269e+09,[0.366519]
1.74269e+09,[0.366519]
1.74269e+09,[0.356047]
1.74269e+09,[528.986572]
1.74269e+09,[0.356047]
1.74269e+09,[0.345575]
1.74269e+09,[0.356047]
1.74269e+09,[0.345575]
1.74269e+09,[0.356047]
1.74269e+09,[514.383240]
1.74269e+09,[0.345575]
1.74269e+09,[0.356047]
1.74269e+09,[0.335103]
1.74269e+09,[0.345575]
1.74269e+09,[0.335103]
1.74269e+09,[499.726471]
1.74269e+09,[0.345575]
1.74269e+09,[0.324631]
1.74269e+09,[0.345575]
1.74269e+09,[0.324631]
1.74269e+09,[0.335103]
1.74269e+09,[485.018005]
1.74269e+09,[0.314159]
1.74269e+09,[0.335103]
1.74269e+09,[0.314159]
1.74269e+09,[0.335103]
1.74269e+09,[0.314159]
1.74269e+09,[477.638672]
1.74269e+09,[0.324631]
1.74269e+09,[0.303687]
1.74269e+09,[0.324631]
1.74269e+09,[0.303687]
1.74269e+09,[0.324631]
1.74269e+09,[462.857819]
1.74269e+09,[0.293215]
1.74269e+09,[0.314159]
1.74269e+09,[0.293215]
1.74269e+09,[0.314159]
1.74269e+09,[0.293215]
1.74269e+09,[448.030273]
1.74269e+09,[0.314159]
1.74269e+09,[0.282743]
1.74269e+09,[0.303687]
1.74269e+09,[0.282743]
1.74269e+09,[0.303687]
1.74269e+09,[433.158081]
1.74269e+09,[0.272271]
1.74269e+09,[0.303687]
1.74269e+09,[0.272271]
1.74269e+09,[0.293215]
1.74269e+09,[0.272271]
1.74269e+09,[418.243408]
1.74269e+09,[0.293215]
1.74269e+09,[0.261799]
1.74269e+09,[0.293215]
1.74269e+09,[0.261799]
1.74269e+09,[0.282743]
1.74269e+09,[403.288452]
1.74269e+09,[0.251327]
1.74269e+09,[0.282743]
1.74269e+09,[0.251327]
1.74269e+09,[0.282743]
1.74269e+09,[0.251327]
1.74269e+09,[395.790161]
1.74269e+09,[0.282743]
1.74269e+09,[0.240855]
1.74269e+09,[0.282743]
1.74269e+09,[0.240855]
1.74269e+09,[0.272271]
1.74269e+09,[380.781830]
1.74269e+09,[0.230383]
1.74269e+09,[0.272271]
1.74269e+09,[0.230383]
1.74269e+09,[0.272271]
1.74269e+09,[0.230383]
1.74269e+09,[373.254333]
1.74269e+09,[0.272271]
1.74269e+09,[0.219911]
1.74269e+09,[0.261799]
1.74269e+09,[0.219911]
1.74269e+09,[0.261799]
1.74269e+09,[358.199677]
1.74269e+09,[0.209440]
1.74269e+09,[0.261799]
1.74269e+09,[0.209440]
1.74269e+09,[0.251327]
1.74269e+09,[0.198968]
1.74269e+09,[335.556732]
1.74269e+09,[0.251327]
1.74269e+09,[0.198968]
1.74269e+09,[0.240855]
1.74269e+09,[0.198968]
1.74269e+09,[0.240855]
1.74269e+09,[328.004486]
1.74269e+09,[0.188496]
1.74269e+09,[0.230383]
1.74269e+09,[0.188496]
1.74269e+09,[0.230383]
1.74269e+09,[0.178024]
1.74269e+09,[305.301727]
1.74269e+09,[0.219911]
1.74269e+09,[0.178024]
1.74269e+09,[0.219911]
1.74269e+09,[0.167552]
1.74269e+09,[0.209440]
1.74269e+09,[282.547852]
1.74269e+09,[0.167552]
1.74269e+09,[0.209440]
1.74269e+09,[0.167552]
1.74269e+09,[0.198968]
1.74269e+09,[0.157080]
1.74269e+09,[267.368561]
1.74269e+09,[0.188496]
1.74269e+09,[0.157080]
1.74269e+09,[0.188496]
1.74269e+09,[0.146608]
1.74269e+09,[0.178024]
1.74269e+09,[244.550140]
1.74269e+09,[0.146608]
1.74269e+09,[0.167552]
1.74269e+09,[0.146608]
1.74269e+09,[0.157080]
1.74269e+09,[0.136136]
1.74269e+09,[221.711182]
1.74269e+09,[0.157080]
1.74269e+09,[0.136136]
1.74269e+09,[0.146608]
1.74269e+09,[0.136136]
1.74269e+09,[0.146608]
1.74269e+09,[214.058655]
1.74269e+09,[0.125664]
1.74269e+09,[0.136136]
1.74269e+09,[0.125664]
1.74269e+09,[0.136136]
1.74269e+09,[0.125664]
1.74269e+09,[198.876450]
1.74269e+09,[0.125664]
1.74269e+09,[0.115192]
1.74269e+09,[0.125664]
1.74269e+09,[0.115192]
1.74269e+09,[0.125664]
1.74269e+09,[183.724152]
1.74269e+09,[0.115192]
1.74269e+09,[0.115192]
1.74269e+09,[0.115192]
1.74269e+09,[0.115192]
1.74269e+09,[0.104720]
1.74269e+09,[168.617493]
1.74269e+09,[0.115192]
1.74269e+09,[0.104720]
1.74269e+09,[0.104720]
1.74269e+09,[0.104720]
1.74269e+09,[0.104720]
1.74269e+09,[160.987244]
1.74269e+09,[0.104720]
1.74269e+09,[0.094248]
1.74269e+09,[0.094248]
1.74269e+09,[0.094248]
1.74269e+09,[0.094248]
1.74269e+09,[145.968796]
1.74269e+09,[0.083776]
1.74269e+09,[0.083776]
1.74269e+09,[0.083776]
1.74269e+09,[0.083776]
1.74269e+09,[0.083776]
1.74269e+09,[131.058548]
1.74269e+09,[0.083776]
1.74269e+09,[0.073304]
1.74269e+09,[0.073304]
1.74269e+09,[0.073304]
1.74269e+09,[0.073304]
1.74269e+09,[116.305367]
1.74269e+09,[0.062832]
1.74269e+09,[0.073304]
1.74269e+09,[0.062832]
1.74269e+09,[0.062832]
1.74269e+09,[0.062832]
1.74269e+09,[101.784256]
1.74269e+09,[0.062832]
1.74269e+09,[0.052360]
1.74269e+09,[0.052360]
1.74269e+09,[0.052360]
1.74269e+09,[0.052360]
1.74269e+09,[87.616356]
1.74269e+09,[0.041888]
1.74269e+09,[0.041888]
1.74269e+09,[0.041888]
1.74269e+09,[0.041888]
1.74269e+09,[0.041888]
1.74269e+09,[74.008072]
1.74269e+09,[0.031416]
1.74269e+09,[0.031416]
1.74269e+09,[0.020944]
1.74269e+09,[0.031416]
1.74269e+09,[0.020944]
1.74269e+09,[56.359341]
1.74269e+09,[0.031416]
1.74269e+09,[0.010472]
1.74269e+09,[0.020944]
1.74269e+09,[0.010472]
1.74269e+09,[0.020944]
1.74269e+09,[46.829159]
1.74269e+09,[0.010472]
1.74269e+09,[0.010472]
1.74269e+09,[0.010472]
1.74269e+09,[0.010472]
1.74269e+09,[0.000000]
1.74269e+09,[40.934731]
1.74269e+09,[0.000000]
1.74269e+09,[-0.000000]
1.74269e+09,[0.000000]
1.74269e+09,[-0.000000]
1.74269e+09,[-0.000000]
1.74269e+09,[39.090374]
1.74269e+09,[-0.000000]
1.74269e+09,[-0.010472]
1.74269e+09,[-0.010472]
1.74269e+09,[-0.010472]
1.74269e+09,[-0.010472]
1.74269e+09,[42.201305]
1.74269e+09,[-0.010472]
1.74269e+09,[-0.010472]
1.74269e+09,[-0.010472]
1.74269e+09,[-0.020944]
1.74269e+09,[-0.020944]
1.74269e+09,[50.288883]
1.74269e+09,[-0.020944]
1.74269e+09,[-0.020944]
1.74269e+09,[-0.020944]
1.74269e+09,[-0.020944]
1.74269e+09,[-0.020944]
1.74269e+09,[50.288883]
1.74269e+09,[-0.020944]
1.74269e+09,[-0.031416]
1.74269e+09,[-0.020944]
1.74269e+09,[-0.031416]
1.74269e+09,[-0.020944]
1.74269e+09,[55.260918]
1.74269e+09,[-0.031416]
1.74269e+09,[-0.020944]
1.74269e+09,[-0.031416]
1.74269e+09,[-0.020944]
1.74269e+09,[-0.031416]
1.74269e+09,[55.260918]
1.74269e+09,[-0.020944]
1.74269e+09,[-0.031416]
1.74269e+09,[-0.020944]
1.74269e+09,[-0.031416]
1.74269e+09,[-0.020944]
1.74269e+09,[55.260918]
1.74269e+09,[-0.031416]
1.74269e+09,[-0.020944]
1.74269e+09,[-0.031416]
1.74269e+09,[-0.020944]
1.74269e+09,[-0.031416]
1.74269e+09,[55.260918]
1.74269e+09,[-0.020944]
1.74269e+09,[-0.031416]
1.74269e+09,[-0.020944]
1.74269e+09,[-0.031416]
1.74269e+09,[-0.020944]
1.74269e+09,[55.260918]
1.74269e+09,[-0.031416]
1.74269e+09,[-0.020944]
1.74269e+09,[-0.031416]
1.74269e+09,[-0.020944]
1.74269e+09,[-0.031416]
1.74269e+09,[55.260918]
1.74269e+09,[-0.020944]
1.74269e+09,[-0.031416]
1.74269e+09,[-0.020944]
1.74269e+09,[-0.031416]
1.74269e+09,[-0.020944]
1.74269e+09,[55.260918]
1.74269e+09,[-0.031416]
1.74269e+09,[-0.020944]
1.74269e+09,[-0.031416]
1.74269e+09,[-0.020944]
1.74269e+09,[-0.031416]
1.74269e+09,[55.260918]
1.74269e+09,[-0.020944]
1.74269e+09,[-0.031416]
1.74269e+09,[-0.020944]
1.74269e+09,[-0.031416]
1.74269e+09,[-0.020944]
1.74269e+09,[55.260918]
1.74269e+09,[-0.031416]
1.74269e+09,[-0.020944]
1.74269e+09,[-0.020944]
1.74269e+09,[-0.010472]
1.74269e+09,[-0.020944]
1.74269e+09,[45.661030]
1.74269e+09,[-0.010472]
1.74269e+09,[-0.010472]
1.74269e+09,[-0.000000]
1.74269e+09,[-0.010472]
1.74269e+09,[0.000000]
1.74269e+09,[40.356945]
1.74269e+09,[-0.010472]
1.74269e+09,[0.010472]
1.74269e+09,[-0.000000]
1.74269e+09,[0.010472]
1.74269e+09,[0.000000]
1.74269e+09,[40.934731]
1.74269e+09,[0.020944]
1.74269e+09,[0.000000]
1.74269e+09,[0.031416]
1.74269e+09,[0.010472]
1.74269e+09,[0.031416]
1.74269e+09,[52.899609]
1.74269e+09,[0.010472]
1.74269e+09,[0.031416]
1.74269e+09,[0.020944]
1.74269e+09,[0.041888]
1.74269e+09,[0.031416]
1.74269e+09,[68.098709]
1.74269e+09,[0.041888]
1.74269e+09,[0.031416]
1.74269e+09,[0.052360]
1.74269e+09,[0.031416]
1.74269e+09,[0.052360]
1.74269e+09,[75.225777]
1.74269e+09,[0.041888]
1.74269e+09,[0.052360]
1.74269e+09,[0.052360]
1.74269e+09,[0.062832]
1.74269e+09,[0.052360]
1.74269e+09,[94.945297]
1.74269e+09,[0.062832]
1.74269e+09,[0.062832]
1.74269e+09,[0.073304]
1.74269e+09,[0.062832]
1.74269e+09,[0.073304]
1.74269e+09,[109.234467]
1.74269e+09,[0.073304]
1.74269e+09,[0.073304]
1.74269e+09,[0.083776]
1.74269e+09,[0.083776]
1.74269e+09,[0.083776]
1.74269e+09,[131.058548]
1.74269e+09,[0.094248]
1.74269e+09,[0.094248]
1.74269e+09,[0.094248]
1.74269e+09,[0.104720]
1.74269e+09,[0.094248]
1.74269e+09,[153.378174]
1.74269e+09,[0.115192]
1.74269e+09,[0.104720]
1.74269e+09,[0.115192]
1.74269e+09,[0.104720]
1.74269e+09,[0.125664]
1.74269e+09,[175.952103]
1.74269e+09,[0.115192]
1.74269e+09,[0.136136]
1.74269e+09,[0.115192]
1.74269e+09,[0.136136]
1.74269e+09,[0.125664]
1.74269e+09,[198.754593]
1.74269e+09,[0.146608]
1.74269e+09,[0.125664]
1.74269e+09,[0.157080]
1.74269e+09,[0.136136]
1.74269e+09,[0.167552]
1.74269e+09,[229.079086]
1.74269e+09,[0.136136]
1.74269e+09,[0.167552]
1.74269e+09,[0.146608]
1.74269e+09,[0.178024]
1.74269e+09,[0.146608]
1.74269e+09,[244.301819]
1.74269e+09,[0.178024]
1.74269e+09,[0.146608]
1.74269e+09,[0.188496]
1.74269e+09,[0.157080]
1.74269e+09,[0.188496]
1.74269e+09,[259.522949]
1.74269e+09,[0.157080]
1.74269e+09,[0.198968]
1.74269e+09,[0.157080]
1.74269e+09,[0.198968]
1.74269e+09,[0.167552]
1.74269e+09,[274.736633]
1.74269e+09,[0.209440]
1.74269e+09,[0.167552]
1.74269e+09,[0.209440]
1.74269e+09,[0.167552]
1.74269e+09,[0.209440]
1.74269e+09,[282.295319]
1.74269e+09,[0.178024]
1.74269e+09,[0.219911]
1.74269e+09,[0.178024]
1.74269e+09,[0.219911]
1.74269e+09,[0.188496]
1.74269e+09,[305.122528]
1.74269e+09,[0.219911]
1.74269e+09,[0.188496]
1.74269e+09,[0.230383]
1.74269e+09,[0.198968]
1.74269e+09,[0.230383]
1.74269e+09,[320.286621]
1.74269e+09,[0.198968]
1.74269e+09,[0.240855]
1.74269e+09,[0.209440]
1.74269e+09,[0.240855]
1.74269e+09,[0.209440]
1.74269e+09,[335.426758]
1.74269e+09,[0.240855]
1.74269e+09,[0.209440]
1.74269e+09,[0.251327]
1.74269e+09,[0.219911]
1.74269e+09,[0.261799]
1.74269e+09,[358.038208]
1.74269e+09,[0.219911]
1.74269e+09,[0.261799]
1.74269e+09,[0.230383]
1.74269e+09,[0.272271]
1.74269e+09,[0.230383]
1.74269e+09,[373.104736]
1.74269e+09,[0.272271]
1.74269e+09,[0.240855]
1.74269e+09,[0.282743]
1.74269e+09,[0.240855]
1.74269e+09,[0.282743]
1.74269e+09,[388.137421]
1.74269e+09,[0.251327]
1.74269e+09,[0.293215]
1.74269e+09,[0.251327]
1.74269e+09,[0.293215]
1.74269e+09,[0.261799]
1.74269e+09,[410.667938]
1.74269e+09,[0.303687]
1.74269e+09,[0.261799]
1.74269e+09,[0.303687]
1.74269e+09,[0.272271]
1.74269e+09,[0.314159]
1.74269e+09,[433.008606]
1.74269e+09,[0.272271]
1.74269e+09,[0.324631]
1.74269e+09,[0.282743]
1.74269e+09,[0.324631]
1.74269e+09,[0.282743]
1.74269e+09,[447.882660]
1.74269e+09,[0.335103]
1.74269e+09,[0.282743]
1.74269e+09,[0.335103]
1.74269e+09,[0.293215]
1.74269e+09,[0.345575]
1.74269e+09,[470.042511]
1.74269e+09,[0.293215]
1.74269e+09,[0.345575]
1.74269e+09,[0.303687]
1.74269e+09,[0.356047]
1.74269e+09,[0.303687]
1.74269e+09,[484.798798]
1.74269e+09,[0.356047]
1.74269e+09,[0.314159]
1.74269e+09,[0.366519]
1.74269e+09,[0.314159]
1.74269e+09,[0.366519]
1.74269e+09,[499.505127]
1.74269e+09,[0.324631]
1.74269e+09,[0.376991]
1.74269e+09,[0.324631]
1.74269e+09,[0.376991]
1.74269e+09,[0.335103]
1.74269e+09,[521.538391]
1.74269e+09,[0.387463]
1.74269e+09,[0.335103]
1.74269e+09,[0.387463]
1.74269e+09,[0.335103]
1.74269e+09,[0.397935]
1.74269e+09,[535.952881]
1.74269e+09,[0.345575]
1.74269e+09,[0.397935]
1.74269e+09,[0.345575]
1.74269e+09,[0.408407]
1.74269e+09,[0.345575]
1.74269e+09,[550.467773]
1.74269e+09,[0.408407]
1.74269e+09,[0.356047]
1.74269e+09,[0.418879]
1.74269e+09,[0.356047]
1.74269e+09,[0.429351]
1.74269e+09,[572.023132]
1.74269e+09,[0.366519]
1.74269e+09,[0.429351]
1.74269e+09,[0.366519]
1.74269e+09,[0.439823]
1.74269e+09,[0.366519]
1.74269e+09,[586.386902]
1.74269e+09,[0.439823]
1.74269e+09,[0.376991]
1.74269e+09,[0.439823]
1.74269e+09,[0.376991]
1.74269e+09,[0.450295]
1.74269e+09,[600.688171]
1.74269e+09,[0.376991]
1.74269e+09,[0.450295]
1.74269e+09,[0.376991]
1.74269e+09,[0.450295]
1.74269e+09,[0.387463]
1.74269e+09,[607.928406]
1.74269e+09,[0.460767]
1.74269e+09,[0.387463]
1.74269e+09,[0.460767]
1.74269e+09,[0.387463]
1.74269e+09,[0.460767]
1.74269e+09,[614.925354]
1.74269e+09,[0.387463]
1.74269e+09,[0.460767]
1.74269e+09,[0.397935]
1.74269e+09,[0.471239]
1.74269e+09,[0.397935]
1.74269e+09,[629.096558]
1.74269e+09,[0.471239]
1.74269e+09,[0.397935]
1.74269e+09,[0.471239]
1.74269e+09,[0.397935]
1.74269e+09,[0.481711]
1.74269e+09,[636.021606]
1.74269e+09,[0.397935]
1.74269e+09,[0.481711]
1.74269e+09,[0.408407]
1.74269e+09,[0.481711]
1.74269e+09,[0.408407]
1.74269e+09,[643.200317]
1.74269e+09,[0.481711]
1.74269e+09,[0.408407]
1.74269e+09,[0.481711]
1.74269e+09,[0.408407]
1.74269e+09,[0.481711]
1.74269e+09,[643.200317]
1.74269e+09,[0.418879]
1.74269e+09,[0.492183]
1.74269e+09,[0.418879]
1.74269e+09,[0.492183]
1.74269e+09,[0.418879]
1.74269e+09,[657.234985]
1.74269e+09,[0.492183]
1.74269e+09,[0.429351]
1.74269e+09,[0.492183]
1.74269e+09,[0.429351]
1.74269e+09,[0.502655]
1.74269e+09,[671.198730]
1.74269e+09,[0.439823]
1.74269e+09,[0.502655]
1.74269e+09,[0.439823]
1.74269e+09,[0.502655]
1.74269e+09,[0.450295]
1.74269e+09,[685.325073]
1.74269e+09,[0.502655]
1.74269e+09,[0.450295]
1.74269e+09,[0.513127]
1.74269e+09,[0.450295]
1.74269e+09,[0.513127]
1.74269e+09,[692.136169]
1.74269e+09,[0.460767]
1.74269e+09,[0.513127]
1.74269e+09,[0.460767]
1.74269e+09,[0.513127]
1.74269e+09,[0.471239]
1.74269e+09,[706.121460]
1.74269e+09,[0.523599]
1.74269e+09,[0.471239]
1.74269e+09,[0.523599]
1.74269e+09,[0.471239]
1.74269e+09,[0.523599]
1.74269e+09,[712.893005]
1.74269e+09,[0.471239]
1.74269e+09,[0.523599]
1.74269e+09,[0.481711]
1.74269e+09,[0.523599]
1.74269e+09,[0.481711]
1.74269e+09,[719.830872]
1.74269e+09,[0.534071]
1.74269e+09,[0.481711]
1.74269e+09,[0.534071]
1.74269e+09,[0.481711]
1.74269e+09,[0.534071]
1.74269e+09,[726.562073]
1.74269e+09,[0.492183]
1.74269e+09,[0.534071]
1.74269e+09,[0.492183]
1.74269e+09,[0.534071]
1.74269e+09,[0.492183]
1.74269e+09,[733.462280]
1.74269e+09,[0.534071]
1.74269e+09,[0.492183]
1.74269e+09,[0.534071]
1.74269e+09,[0.502655]
1.74269e+09,[0.534071]
1.74269e+09,[740.324158]
1.74269e+09,[0.502655]
1.74269e+09,[0.534071]
1.74269e+09,[0.502655]
1.74269e+09,[0.534071]
1.74269e+09,[0.502655]
1.74269e+09,[740.324158]
1.74269e+09,[0.534071]
1.74269e+09,[0.502655]
1.74269e+09,[0.534071]
1.74269e+09,[0.502655]
1.74269e+09,[0.534071]
1.74269e+09,[740.324158]
1.74269e+09,[0.502655]
1.74269e+09,[0.534071]
1.74269e+09,[0.502655]
1.74269e+09,[0.534071]
1.74269e+09,[0.502655]
1.74269e+09,[740.324158]
1.74269e+09,[0.534071]
1.74269e+09,[0.502655]
1.74269e+09,[0.534071]
1.74269e+09,[0.502655]
1.74269e+09,[0.534071]
1.74269e+09,[740.324158]
1.74269e+09,[0.502655]
1.74269e+09,[0.534071]
1.74269e+09,[0.502655]
1.74269e+09,[0.534071]
1.74269e+09,[0.502655]
1.74269e+09,[740.324158]
1.74269e+09,[0.534071]
1.74269e+09,[0.502655]
1.74269e+09,[0.534071]
1.74269e+09,[0.502655]
1.74269e+09,[0.534071]
1.74269e+09,[740.324158]
1.74269e+09,[0.492183]
1.74269e+09,[0.534071]
1.74269e+09,[0.492183]
1.74269e+09,[0.523599]
1.74269e+09,[0.481711]
1.74269e+09,[719.830872]
1.74269e+09,[0.523599]
1.74269e+09,[0.481711]
1.74269e+09,[0.523599]
1.74269e+09,[0.471239]
1.74269e+09,[0.513127]
1.74269e+09,[706.121460]
1.74269e+09,[0.471239]
1.74269e+09,[0.513127]
1.74269e+09,[0.460767]
1.74269e+09,[0.502655]
1.74269e+09,[0.460767]
1.74269e+09,[692.335754]
1.74269e+09,[0.492183]
1.74269e+09,[0.450295]
1.74269e+09,[0.492183]
1.74269e+09,[0.450295]
1.74269e+09,[0.481711]
1.74269e+09,[671.587280]
1.74269e+09,[0.439823]
1.74269e+09,[0.481711]
1.74269e+09,[0.439823]
1.74269e+09,[0.471239]
1.74269e+09,[0.439823]
1.74269e+09,[657.616333]
1.74269e+09,[0.460767]
1.74269e+09,[0.429351]
1.74269e+09,[0.460767]
1.74269e+09,[0.429351]
1.74269e+09,[0.450295]
1.74269e+09,[636.577759]
1.74269e+09,[0.418879]
1.74269e+09,[0.450295]
1.74269e+09,[0.418879]
1.74269e+09,[0.439823]
1.74269e+09,[0.418879]
1.74269e+09,[622.432068]
1.74269e+09,[0.439823]
1.74269e+09,[0.408407]
1.74269e+09,[0.429351]
1.74269e+09,[0.408407]
1.74269e+09,[0.429351]
1.74269e+09,[608.219849]
1.74269e+09,[0.408407]
1.74269e+09,[0.429351]
1.74269e+09,[0.397935]
1.74269e+09,[0.418879]
1.74269e+09,[0.397935]
1.74269e+09,[593.942505]
1.74269e+09,[0.418879]
1.74269e+09,[0.387463]
1.74269e+09,[0.408407]
1.74269e+09,[0.387463]
1.74269e+09,[0.408407]
1.74269e+09,[579.601929]
1.74269e+09,[0.387463]
1.74269e+09,[0.408407]
1.74269e+09,[0.387463]
1.74269e+09,[0.397935]
1.74269e+09,[0.376991]
1.74269e+09,[565.199585]
1.74269e+09,[0.397935]
1.74269e+09,[0.376991]
1.74269e+09,[0.397935]
1.74269e+09,[0.366519]
1.74269e+09,[0.387463]
1.74269e+09,[550.737488]
1.74269e+09,[0.366519]
1.74269e+09,[0.387463]
1.74269e+09,[0.366519]
1.74269e+09,[0.387463]
1.74269e+09,[0.366519]
1.74269e+09,[550.737488]
1.74269e+09,[0.376991]
1.74269e+09,[0.356047]
1.74269e+09,[0.376991]
1.74269e+09,[0.356047]
1.74269e+09,[0.376991]
1.74269e+09,[536.217224]
1.74269e+09,[0.356047]
1.74269e+09,[0.376991]
1.74269e+09,[0.356047]
1.74269e+09,[0.366519]
1.74269e+09,[0.345575]
1.74269e+09,[521.640625]
1.74269e+09,[0.366519]
1.74269e+09,[0.345575]
1.74269e+09,[0.356047]
1.74269e+09,[0.335103]
1.74269e+09,[0.356047]
1.74269e+09,[507.009491]
1.74269e+09,[0.335103]
1.74269e+09,[0.345575]
1.74269e+09,[0.335103]
1.74269e+09,[0.345575]
1.74269e+09,[0.335103]
1.74269e+09,[499.704407]
1.74269e+09,[0.335103]
1.74269e+09,[0.324631]
1.74269e+09,[0.335103]
1.74269e+09,[0.324631]
1.74269e+09,[0.335103]
1.74269e+09,[484.994812]
1.74269e+09,[0.324631]
1.74269e+09,[0.324631]
1.74269e+09,[0.314159]
1.74269e+09,[0.314159]
1.74269e+09,[0.314159]
1.74269e+09,[462.855988]
1.74269e+09,[0.314159]
1.74269e+09,[0.314159]
1.74269e+09,[0.314159]
1.74269e+09,[0.303687]
1.74269e+09,[0.303687]
1.74269e+09,[448.025909]
1.74269e+09,[0.303687]
1.74269e+09,[0.303687]
1.74269e+09,[0.303687]
1.74269e+09,[0.303687]
1.74269e+09,[0.293215]
1.74269e+09,[440.574677]
1.74269e+09,[0.293215]
1.74269e+09,[0.293215]
1.74269e+09,[0.293215]
1.74269e+09,[0.293215]
1.74269e+09,[0.282743]
1.74269e+09,[425.706909]
1.74269e+09,[0.293215]
1.74269e+09,[0.282743]
1.74269e+09,[0.282743]
1.74269e+09,[0.272271]
1.74269e+09,[0.282743]
1.74269e+09,[410.769958]
1.74269e+09,[0.272271]
1.74269e+09,[0.282743]
1.74269e+09,[0.272271]
1.74269e+09,[0.282743]
1.74269e+09,[0.261799]
1.74269e+09,[403.288452]
1.74269e+09,[0.272271]
1.74269e+09,[0.261799]
1.74269e+09,[0.272271]
1.74269e+09,[0.251327]
1.74269e+09,[0.272271]
1.74269e+09,[388.295441]
1.74269e+09,[0.251327]
1.74269e+09,[0.272271]
1.74269e+09,[0.240855]
1.74269e+09,[0.261799]
1.74269e+09,[0.240855]
1.74269e+09,[373.266907]
1.74269e+09,[0.261799]
1.74269e+09,[0.240855]
1.74269e+09,[0.261799]
1.74269e+09,[0.230383]
1.74269e+09,[0.261799]
1.74269e+09,[365.739380]
1.74269e+09,[0.230383]
1.74269e+09,[0.251327]
1.74269e+09,[0.230383]
1.74269e+09,[0.251327]
1.74269e+09,[0.219911]
1.74269e+09,[350.665497]
1.74269e+09,[0.251327]
1.74269e+09,[0.219911]
1.74269e+09,[0.251327]
1.74269e+09,[0.209440]
1.74269e+09,[0.240855]
1.74269e+09,[335.563110]
1.74269e+09,[0.209440]
1.74269e+09,[0.240855]
1.74269e+09,[0.209440]
1.74269e+09,[0.240855]
1.74269e+09,[0.209440]
1.74269e+09,[335.563110]
1.74269e+09,[0.240855]
1.74269e+09,[0.198968]
1.74269e+09,[0.230383]
1.74269e+09,[0.198968]
1.74269e+09,[0.230383]
1.74269e+09,[320.435242]
1.74269e+09,[0.198968]
1.74269e+09,[0.230383]
1.74269e+09,[0.188496]
1.74269e+09,[0.230383]
1.74269e+09,[0.188496]
1.74269e+09,[312.870331]
1.74269e+09,[0.219911]
1.74269e+09,[0.188496]
1.74269e+09,[0.219911]
1.74269e+09,[0.178024]
1.74269e+09,[0.219911]
1.74269e+09,[297.716705]
1.74269e+09,[0.178024]
1.74269e+09,[0.209440]
1.74269e+09,[0.178024]
1.74269e+09,[0.209440]
1.74269e+09,[0.178024]
1.74269e+09,[290.117188]
1.74269e+09,[0.209440]
1.74269e+09,[0.167552]
1.74269e+09,[0.198968]
1.74269e+09,[0.167552]
1.74269e+09,[0.198968]
1.74269e+09,[274.935181]
1.74269e+09,[0.167552]
1.74269e+09,[0.198968]
1.74269e+09,[0.157080]
1.74269e+09,[0.188496]
1.74269e+09,[0.157080]
1.74269e+09,[259.744202]
1.74269e+09,[0.188496]
1.74269e+09,[0.157080]
1.74269e+09,[0.188496]
1.74269e+09,[0.146608]
1.74269e+09,[0.188496]
1.74269e+09,[252.184540]
1.74269e+09,[0.146608]
1.74269e+09,[0.188496]
1.74269e+09,[0.146608]
1.74269e+09,[0.178024]
1.74269e+09,[0.146608]
1.74269e+09,[244.550140]
1.74269e+09,[0.178024]
1.74269e+09,[0.146608]
1.74269e+09,[0.178024]
1.74269e+09,[0.136136]
1.74269e+09,[0.178024]
1.74269e+09,[238.074219]
1.74269e+09,[0.136136]
1.74269e+09,[0.167552]
1.74269e+09,[0.136136]
1.74269e+09,[0.167552]
1.74269e+09,[0.136136]
1.74269e+09,[230.504868]
1.74269e+09,[0.167552]
1.74269e+09,[0.125664]
1.74269e+09,[0.157080]
1.74269e+09,[0.125664]
1.74269e+09,[0.157080]
1.74269e+09,[215.409424]
1.74269e+09,[0.125664]
1.74269e+09,[0.157080]
1.74269e+09,[0.115192]
1.74269e+09,[0.146608]
1.74269e+09,[0.115192]
1.74269e+09,[200.348099]
1.74269e+09,[0.146608]
1.74269e+09,[0.115192]
1.74269e+09,[0.136136]
1.74269e+09,[0.104720]
1.74269e+09,[0.136136]
1.74269e+09,[185.337357]
1.74269e+09,[0.104720]
1.74269e+09,[0.136136]
1.74269e+09,[0.104720]
1.74269e+09,[0.125664]
1.74269e+09,[0.094248]
1.74269e+09,[170.399185]
1.74269e+09,[0.125664]
1.74269e+09,[0.094248]
1.74269e+09,[0.115192]
1.74269e+09,[0.083776]
1.74269e+09,[0.115192]
1.74269e+09,[155.563690]
1.74269e+09,[0.083776]
1.74269e+09,[0.115192]
1.74269e+09,[0.083776]
1.74269e+09,[0.104720]
1.74269e+09,[0.073304]
1.74269e+09,[140.873993]
1.74269e+09,[0.104720]
1.74269e+09,[0.073304]
1.74269e+09,[0.104720]
1.74269e+09,[0.073304]
1.74269e+09,[0.104720]
1.74269e+09,[140.873993]
1.74269e+09,[0.073304]
1.74269e+09,[0.094248]
1.74269e+09,[0.062832]
1.74269e+09,[0.094248]
1.74269e+09,[0.062832]
1.74269e+09,[126.393700]
1.74269e+09,[0.083776]
1.74269e+09,[0.052360]
1.74269e+09,[0.083776]
1.74269e+09,[0.052360]
1.74269e+09,[0.073304]
1.74269e+09,[104.994408]
1.74269e+09,[0.052360]
1.74269e+09,[0.073304]
1.74269e+09,[0.041888]
1.74269e+09,[0.062832]
1.74269e+09,[0.041888]
1.74269e+09,[91.442299]
1.74269e+09,[0.062832]
1.74269e+09,[0.041888]
1.74269e+09,[0.062832]
1.74269e+09,[0.031416]
1.74269e+09,[0.052360]
1.74269e+09,[78.693977]
1.74269e+09,[0.031416]
1.74269e+09,[0.052360]
1.74269e+09,[0.031416]
1.74269e+09,[0.052360]
1.74269e+09,[0.020944]
1.74269e+09,[73.721947]
1.74269e+09,[0.041888]
1.74269e+09,[0.020944]
1.74269e+09,[0.041888]
1.74269e+09,[0.020944]
1.74269e+09,[0.041888]
1.74269e+09,[67.240730]
1.74269e+09,[0.010472]
1.74269e+09,[0.041888]
1.74269e+09,[0.010472]
1.74269e+09,[0.031416]
1.74269e+09,[0.010472]
1.74269e+09,[57.871639]
1.74269e+09,[0.031416]
1.74269e+09,[0.010472]
1.74269e+09,[0.031416]
1.74269e+09,[0.000000]
1.74269e+09,[0.031416]
1.74269e+09,[56.605064]
1.74269e+09,[-0.000000]
1.74269e+09,[0.020944]
1.74269e+09,[-0.000000]
1.74269e+09,[0.020944]
1.74269e+09,[-0.010472]
1.74269e+09,[52.899609]
1.74269e+09,[0.020944]
1.74269e+09,[-0.010472]
1.74269e+09,[0.010472]
1.74269e+09,[-0.010472]
1.74269e+09,[0.010472]
1.74269e+09,[49.439880]
1.74269e+09,[-0.010472]
1.74269e+09,[0.010472]
1.74269e+09,[-0.020944]
1.74269e+09,[0.010472]
1.74269e+09,[-0.020944]
1.74269e+09,[52.899609]
1.74269e+09,[0.010472]
1.74269e+09,[-0.020944]
1.74269e+09,[0.000000]
1.74269e+09,[-0.031416]
1.74269e+09,[0.000000]
1.74269e+09,[64.418854]
1.74269e+09,[-0.031416]
1.74269e+09,[-0.000000]
1.74269e+09,[-0.031416]
1.74269e+09,[-0.000000]
1.74269e+09,[-0.031416]
1.74269e+09,[64.418854]
1.74269e+09,[-0.010472]
1.74269e+09,[-0.031416]
1.74269e+09,[-0.010472]
1.74269e+09,[-0.031416]
1.74269e+09,[-0.010472]
1.74269e+09,[65.378342]
1.74269e+09,[-0.041888]
1.74269e+09,[-0.010472]
1.74269e+09,[-0.041888]
1.74269e+09,[-0.020944]
1.74269e+09,[-0.041888]
1.74269e+09,[74.008072]
1.74269e+09,[-0.020944]
1.74269e+09,[-0.041888]
1.74269e+09,[-0.020944]
1.74269e+09,[-0.052360]
1.74269e+09,[-0.031416]
1.74269e+09,[84.603340]
1.74269e+09,[-0.052360]
1.74269e+09,[-0.031416]
1.74269e+09,[-0.062832]
1.74269e+09,[-0.031416]
1.74269e+09,[-0.062832]
1.74269e+09,[91.442299]
1.74269e+09,[-0.031416]
1.74269e+09,[-0.062832]
1.74269e+09,[-0.041888]
1.74269e+09,[-0.073304]
1.74269e+09,[-0.041888]
1.74269e+09,[103.631783]
1.74269e+09,[-0.073304]
1.74269e+09,[-0.041888]
1.74269e+09,[-0.083776]
1.74269e+09,[-0.052360]
1.74269e+09,[-0.083776]
1.74269e+09,[116.671944]
1.74269e+09,[-0.052360]
1.74269e+09,[-0.083776]
1.74269e+09,[-0.062832]
1.74269e+09,[-0.083776]
1.74269e+09,[-0.062832]
1.74269e+09,[122.963585]
1.74269e+09,[-0.094248]
1.74269e+09,[-0.062832]
1.74269e+09,[-0.094248]
1.74269e+09,[-0.062832]
1.74269e+09,[-0.094248]
1.74269e+09,[130.297424]
1.74269e+09,[-0.062832]
1.74269e+09,[-0.094248]
1.74269e+09,[-0.062832]
1.74269e+09,[-0.094248]
1.74269e+09,[-0.062832]
1.74269e+09,[130.297424]
1.74269e+09,[-0.094248]
1.74269e+09,[-0.062832]
1.74269e+09,[-0.094248]
1.74269e+09,[-0.062832]
1.74269e+09,[-0.094248]
1.74269e+09,[130.297424]
1.74269e+09,[-0.062832]
1.74269e+09,[-0.094248]
1.74269e+09,[-0.062832]
1.74269e+09,[-0.094248]
1.74269e+09,[-0.062832]
1.74269e+09,[130.297424]
1.74269e+09,[-0.094248]
1.74269e+09,[-0.062832]
1.74269e+09,[-0.094248]
1.74269e+09,[-0.062832]
1.74269e+09,[-0.094248]
1.74269e+09,[130.297424]
1.74269e+09,[-0.062832]
1.74269e+09,[-0.094248]
1.74269e+09,[-0.062832]
1.74269e+09,[-0.094248]
1.74269e+09,[-0.062832]
1.74269e+09,[130.297424]
1.74269e+09,[-0.094248]
1.74269e+09,[-0.062832]
1.74269e+09,[-0.094248]
1.74269e+09,[-0.062832]
1.74269e+09,[-0.094248]
1.74269e+09,[130.297424]
1.74269e+09,[-0.062832]
1.74269e+09,[-0.094248]
1.74269e+09,[-0.062832]
1.74269e+09,[-0.094248]
1.74269e+09,[-0.062832]
1.74269e+09,[130.297424]
1.74269e+09,[-0.094248]
1.74269e+09,[-0.062832]
1.74269e+09,[-0.094248]
1.74269e+09,[-0.052360]
1.74269e+09,[-0.094248]
1.74269e+09,[124.005775]
1.74269e+09,[-0.041888]
1.74269e+09,[-0.094248]
1.74269e+09,[-0.031416]
1.74269e+09,[-0.094248]
1.74269e+09,[-0.031416]
1.74269e+09,[113.073517]
1.74269e+09,[-0.094248]
1.74269e+09,[-0.020944]
1.74269e+09,[-0.083776]
1.74269e+09,[-0.010472]
1.74269e+09,[-0.083776]
1.74269e+09,[98.905273]
1.74269e+09,[-0.010472]
1.74269e+09,[-0.073304]
1.74269e+09,[-0.000000]
1.74269e+09,[-0.073304]
1.74269e+09,[0.000000]
1.74269e+09,[90.719284]
1.74269e+09,[-0.062832]
1.74269e+09,[0.010472]
1.74269e+09,[-0.052360]
1.74269e+09,[0.010472]
1.74269e+09,[-0.041888]
1.74269e+09,[71.287697]
1.74269e+09,[0.010472]
1.74269e+09,[-0.041888]
1.74269e+09,[0.020944]
1.74269e+09,[-0.031416]
1.74269e+09,[0.020944]
1.74269e+09,[68.098709]
1.74269e+09,[-0.020944]
1.74269e+09,[0.031416]
1.74269e+09,[-0.020944]
1.74269e+09,[0.031416]
1.74269e+09,[-0.010472]
1.74269e+09,[63.781002]
1.74269e+09,[0.031416]
1.74269e+09,[-0.000000]
1.74269e+09,[0.041888]
1.74269e+09,[0.000000]
1.74269e+09,[0.041888]
1.74269e+09,[67.633011]
1.74269e+09,[0.010472]
1.74269e+09,[0.052360]
1.74269e+09,[0.010472]
1.74269e+09,[0.052360]
1.74269e+09,[0.020944]
1.74269e+09,[78.172981]
1.74269e+09,[0.062832]
1.74269e+09,[0.020944]
1.74269e+09,[0.062832]
1.74269e+09,[0.031416]
1.74269e+09,[0.062832]
1.74269e+09,[89.436661]
1.74269e+09,[0.031416]
1.74269e+09,[0.073304]
1.74269e+09,[0.041888]
1.74269e+09,[0.073304]
1.74269e+09,[0.041888]
1.74269e+09,[101.970070]
1.74269e+09,[0.083776]
1.74269e+09,[0.052360]
1.74269e+09,[0.083776]
1.74269e+09,[0.062832]
1.74269e+09,[0.083776]
1.74269e+09,[122.149620]
1.74269e+09,[0.062832]
1.74269e+09,[0.094248]
1.74269e+09,[0.073304]
1.74269e+09,[0.094248]
1.74269e+09,[0.073304]
1.74269e+09,[136.249557]
1.74269e+09,[0.104720]
1.74269e+09,[0.083776]
1.74269e+09,[0.104720]
1.74269e+09,[0.094248]
1.74269e+09,[0.115192]
1.74269e+09,[165.209137]
1.74269e+09,[0.104720]
1.74269e+09,[0.115192]
1.74269e+09,[0.104720]
1.74269e+09,[0.115192]
1.74269e+09,[0.115192]
1.74269e+09,[180.081726]
1.74269e+09,[0.125664]
1.74269e+09,[0.125664]
1.74269e+09,[0.136136]
1.74269e+09,[0.125664]
1.74269e+09,[0.136136]
1.74269e+09,[202.265228]
1.74269e+09,[0.136136]
1.74269e+09,[0.146608]
1.74269e+09,[0.146608]
1.74269e+09,[0.146608]
1.74269e+09,[0.146608]
1.74269e+09,[224.747360]
1.74269e+09,[0.157080]
1.74269e+09,[0.157080]
1.74269e+09,[0.157080]
1.74269e+09,[0.167552]
1.74269e+09,[0.167552]
1.74269e+09,[254.763626]
1.74269e+09,[0.167552]
1.74269e+09,[0.178024]
1.74269e+09,[0.178024]
1.74269e+09,[0.178024]
1.74269e+09,[0.188496]
1.74269e+09,[277.371368]
1.74269e+09,[0.188496]
1.74269e+09,[0.188496]
1.74269e+09,[0.188496]
1.74269e+09,[0.198968]
1.74269e+09,[0.198968]
1.74269e+09,[299.898712]
1.74269e+09,[0.198968]
1.74269e+09,[0.198968]
1.74269e+09,[0.209440]
1.74269e+09,[0.209440]
1.74269e+09,[0.219911]
1.74269e+09,[322.492126]
1.74269e+09,[0.209440]
1.74269e+09,[0.219911]
1.74269e+09,[0.219911]
1.74269e+09,[0.230383]
1.74269e+09,[0.219911]
1.74269e+09,[337.514252]
1.74269e+09,[0.230383]
1.74269e+09,[0.219911]
1.74269e+09,[0.240855]
1.74269e+09,[0.230383]
1.74269e+09,[0.240855]
1.74269e+09,[352.519104]
1.74269e+09,[0.230383]
1.74269e+09,[0.240855]
1.74269e+09,[0.230383]
1.74269e+09,[0.251327]
1.74269e+09,[0.240855]
1.74269e+09,[367.502686]
1.74269e+09,[0.261799]
1.74269e+09,[0.240855]
1.74269e+09,[0.261799]
1.74269e+09,[0.251327]
1.74269e+09,[0.261799]
1.74269e+09,[382.461273]
1.74269e+09,[0.251327]
1.74269e+09,[0.272271]
1.74269e+09,[0.251327]
1.74269e+09,[0.272271]
1.74269e+09,[0.251327]
1.74269e+09,[389.942810]
1.74269e+09,[0.282743]
1.74269e+09,[0.261799]
1.74269e+09,[0.282743]
1.74269e+09,[0.261799]
1.74269e+09,[0.293215]
1.74269e+09,[412.299133]
1.74269e+09,[0.261799]
1.74269e+09,[0.293215]
1.74269e+09,[0.272271]
1.74269e+09,[0.293215]
1.74269e+09,[0.272271]
1.74269e+09,[419.734375]
1.74269e+09,[0.303687]
1.74269e+09,[0.272271]
1.74269e+09,[0.303687]
1.74269e+09,[0.282743]
1.74269e+09,[0.314159]
1.74269e+09,[441.980286]
1.74269e+09,[0.282743]
1.74269e+09,[0.314159]
1.74269e+09,[0.282743]
1.74269e+09,[0.324631]
1.74269e+09,[0.282743]
1.74269e+09,[449.359680]
1.74269e+09,[0.324631]
1.74269e+09,[0.293215]
1.74269e+09,[0.335103]
1.74269e+09,[0.293215]
1.74269e+09,[0.335103]
1.74269e+09,[464.118774]
1.74269e+09,[0.293215]
1.74269e+09,[0.345575]
1.74269e+09,[0.303687]
1.74269e+09,[0.345575]
1.74269e+09,[0.303687]
1.74269e+09,[478.835052]
1.74269e+09,[0.356047]
1.74269e+09,[0.303687]
1.74269e+09,[0.356047]
1.74269e+09,[0.303687]
1.74269e+09,[0.366519]
1.74269e+09,[493.418427]
1.74269e+09,[0.314159]
1.74269e+09,[0.366519]
1.74269e+09,[0.314159]
1.74269e+09,[0.366519]
1.74269e+09,[0.314159]
1.74269e+09,[500.784454]
1.74269e+09,[0.376991]
1.74269e+09,[0.324631]
1.74269e+09,[0.376991]
1.74269e+09,[0.324631]
1.74269e+09,[0.387463]
1.74269e+09,[522.602417]
1.74269e+09,[0.324631]
1.74269e+09,[0.387463]
1.74269e+09,[0.335103]
1.74269e+09,[0.387463]
1.74269e+09,[0.335103]
1.74269e+09,[529.925659]
1.74269e+09,[0.397935]
1.74269e+09,[0.335103]
1.74269e+09,[0.397935]
1.74269e+09,[0.345575]
1.74269e+09,[0.397935]
1.74269e+09,[544.418335]
1.74269e+09,[0.345575]
1.74269e+09,[0.408407]
1.74269e+09,[0.345575]
1.74269e+09,[0.408407]
1.74269e+09,[0.356047]
1.74269e+09,[558.856323]
1.74269e+09,[0.418879]
1.74269e+09,[0.356047]
1.74269e+09,[0.418879]
1.74269e+09,[0.356047]
1.74269e+09,[0.429351]
1.74269e+09,[573.085632]
1.74269e+09,[0.366519]
1.74269e+09,[0.429351]
1.74269e+09,[0.366519]
1.74269e+09,[0.439823]
1.74269e+09,[0.376991]
1.74269e+09,[594.625854]
1.74269e+09,[0.439823]
1.74269e+09,[0.376991]
1.74269e+09,[0.439823]
1.74269e+09,[0.376991]
1.74269e+09,[0.450295]
1.74269e+09,[601.657471]
1.74269e+09,[0.376991]
1.74269e+09,[0.450295]
1.74269e+09,[0.387463]
1.74269e+09,[0.460767]
1.74269e+09,[0.387463]
1.74269e+09,[616.239563]
1.74269e+09,[0.460767]
1.74269e+09,[0.387463]
1.74269e+09,[0.460767]
1.74269e+09,[0.397935]
1.74269e+09,[0.471239]
1.74269e+09,[630.350647]
1.74269e+09,[0.397935]
1.74269e+09,[0.471239]
1.74269e+09,[0.397935]
1.74269e+09,[0.481711]
1.74269e+09,[0.408407]
1.74269e+09,[644.396606]
1.74269e+09,[0.481711]
1.74269e+09,[0.408407]
1.74269e+09,[0.481711]
1.74269e+09,[0.408407]
1.74269e+09,[0.481711]
1.74269e+09,[644.396606]
1.74269e+09,[0.418879]
1.74269e+09,[0.492183]
1.74269e+09,[0.418879]
1.74269e+09,[0.492183]
1.74269e+09,[0.418879]
1.74269e+09,[658.375549]
1.74269e+09,[0.492183]
1.74269e+09,[0.429351]
1.74269e+09,[0.492183]
1.74269e+09,[0.429351]
1.74269e+09,[0.502655]
1.74269e+09,[672.693909]
1.74269e+09,[0.439823]
1.74269e+09,[0.502655]
1.74269e+09,[0.439823]
1.74269e+09,[0.502655]
1.74269e+09,[0.439823]
1.74269e+09,[679.738770]
1.74269e+09,[0.513127]
1.74269e+09,[0.450295]
1.74269e+09,[0.513127]
1.74269e+09,[0.450295]
1.74269e+09,[0.513127]
1.74269e+09,[693.524536]
1.74269e+09,[0.450295]
1.74269e+09,[0.513127]
1.74269e+09,[0.460767]
1.74269e+09,[0.523599]
1.74269e+09,[0.460767]
1.74269e+09,[707.237793]
1.74269e+09,[0.523599]
1.74269e+09,[0.460767]
1.74269e+09,[0.523599]
1.74269e+09,[0.471239]
1.74269e+09,[0.534071]
1.74269e+09,[720.876892]
1.74269e+09,[0.471239]
1.74269e+09,[0.534071]
1.74269e+09,[0.471239]
1.74269e+09,[0.534071]
1.74269e+09,[0.471239]
1.74269e+09,[720.876892]
1.74269e+09,[0.534071]
1.74269e+09,[0.481711]
1.74269e+09,[0.544543]
1.74269e+09,[0.481711]
1.74269e+09,[0.544543]
1.74269e+09,[734.440186]
1.74269e+09,[0.481711]
1.74269e+09,[0.544543]
1.74269e+09,[0.481711]
1.74269e+09,[0.544543]
1.74269e+09,[0.481711]
1.74269e+09,[734.440186]
1.74269e+09,[0.544543]
1.74269e+09,[0.492183]
1.74269e+09,[0.544543]
1.74269e+09,[0.492183]
1.74269e+09,[0.555015]
1.74269e+09,[747.925964]
1.74269e+09,[0.492183]
1.74269e+09,[0.555015]
1.74269e+09,[0.502655]
1.74269e+09,[0.555015]
1.74269e+09,[0.502655]
1.74269e+09,[754.759033]
1.74269e+09,[0.555015]
1.74269e+09,[0.502655]
1.74269e+09,[0.555015]
1.74269e+09,[0.502655]
1.74269e+09,[0.555015]
1.74269e+09,[755.137207]
1.74269e+09,[0.502655]
1.74269e+09,[0.565487]
1.74269e+09,[0.513127]
1.74269e+09,[0.565487]
1.74269e+09,[0.513127]
1.74269e+09,[768.483582]
1.74269e+09,[0.565487]
1.74269e+09,[0.513127]
1.74269e+09,[0.565487]
1.74269e+09,[0.513127]
1.74269e+09,[0.565487]
1.74269e+09,[768.483582]
1.74269e+09,[0.513127]
1.74269e+09,[0.575959]
1.74269e+09,[0.523599]
1.74269e+09,[0.575959]
1.74269e+09,[0.523599]
1.74269e+09,[781.748962]
1.74269e+09,[0.575959]
1.74269e+09,[0.523599]
1.74269e+09,[0.575959]
1.74269e+09,[0.523599]
1.74269e+09,[0.575959]
1.74269e+09,[781.748962]
1.74269e+09,[0.534071]
1.74269e+09,[0.575959]
1.74269e+09,[0.534071]
1.74269e+09,[0.575959]
1.74269e+09,[0.534071]
1.74269e+09,[788.464844]
1.74269e+09,[0.575959]
1.74269e+09,[0.534071]
1.74269e+09,[0.575959]
1.74269e+09,[0.534071]
1.74269e+09,[0.575959]
1.74269e+09,[788.464844]
1.74269e+09,[0.534071]
1.74269e+09,[0.575959]
1.74269e+09,[0.534071]
1.74269e+09,[0.575959]
1.74269e+09,[0.534071]
1.74269e+09,[788.464844]
1.74269e+09,[0.575959]
1.74269e+09,[0.534071]
1.74269e+09,[0.575959]
1.74269e+09,[0.534071]
1.74269e+09,[0.575959]
1.74269e+09,[788.464844]
1.74269e+09,[0.534071]
1.74269e+09,[0.575959]
1.74269e+09,[0.534071]
1.74269e+09,[0.575959]
1.74269e+09,[0.523599]
1.74269e+09,[781.748962]
1.74269e+09,[0.575959]
1.74269e+09,[0.513127]
1.74269e+09,[0.565487]
1.74269e+09,[0.513127]
1.74269e+09,[0.565487]
1.74269e+09,[768.483582]
1.74269e+09,[0.513127]
1.74269e+09,[0.565487]
1.74269e+09,[0.502655]
1.74269e+09,[0.555015]
1.74269e+09,[0.502655]
1.74269e+09,[755.137207]
1.74269e+09,[0.555015]
1.74269e+09,[0.492183]
1.74269e+09,[0.544543]
1.74269e+09,[0.481711]
1.74269e+09,[0.544543]
1.74269e+09,[734.840881]
1.74269e+09,[0.481711]
1.74269e+09,[0.534071]
1.74269e+09,[0.471239]
1.74269e+09,[0.523599]
1.74269e+09,[0.471239]
1.74269e+09,[714.628418]
1.74269e+09,[0.523599]
1.74269e+09,[0.460767]
1.74269e+09,[0.513127]
1.74269e+09,[0.460767]
1.74269e+09,[0.513127]
1.74269e+09,[700.974731]
1.74269e+09,[0.460767]
1.74269e+09,[0.502655]
1.74269e+09,[0.450295]
1.74269e+09,[0.502655]
1.74269e+09,[0.450295]
1.74269e+09,[687.248352]
1.74269e+09,[0.492183]
1.74269e+09,[0.439823]
1.74269e+09,[0.481711]
1.74269e+09,[0.439823]
1.74269e+09,[0.481711]
1.74269e+09,[666.630005]
1.74269e+09,[0.429351]
1.74269e+09,[0.471239]
1.74269e+09,[0.429351]
1.74269e+09,[0.460767]
1.74269e+09,[0.429351]
1.74269e+09,[645.838623]
1.74269e+09,[0.460767]
1.74269e+09,[0.418879]
1.74269e+09,[0.450295]
1.74269e+09,[0.418879]
1.74269e+09,[0.450295]
1.74269e+09,[631.838257]
1.74269e+09,[0.408407]
1.74269e+09,[0.439823]
1.74269e+09,[0.408407]
1.74269e+09,[0.439823]
1.74269e+09,[0.397935]
1.74269e+09,[610.635803]
1.74269e+09,[0.429351]
1.74269e+09,[0.397935]
1.74269e+09,[0.429351]
1.74269e+09,[0.387463]
1.74269e+09,[0.418879]
1.74269e+09,[589.464905]
1.74269e+09,[0.387463]
1.74269e+09,[0.418879]
1.74269e+09,[0.387463]
1.74269e+09,[0.408407]
1.74269e+09,[0.376991]
1.74269e+09,[575.223083]
1.74269e+09,[0.408407]
1.74269e+09,[0.376991]
1.74269e+09,[0.408407]
1.74269e+09,[0.366519]
1.74269e+09,[0.397935]
1.74269e+09,[560.925964]
1.74269e+09,[0.366519]
1.74269e+09,[0.397935]
1.74269e+09,[0.356047]
1.74269e+09,[0.387463]
1.74269e+09,[0.356047]
1.74269e+09,[546.575867]
1.74269e+09,[0.387463]
1.74269e+09,[0.345575]
1.74269e+09,[0.376991]
1.74269e+09,[0.345575]
1.74269e+09,[0.376991]
1.74269e+09,[532.174866]
1.74269e+09,[0.335103]
1.74269e+09,[0.366519]
1.74269e+09,[0.335103]
1.74269e+09,[0.366519]
1.74269e+09,[0.324631]
1.74269e+09,[510.402100]
1.74269e+09,[0.356047]
1.74269e+09,[0.324631]
1.74269e+09,[0.356047]
1.74269e+09,[0.314159]
1.74269e+09,[0.345575]
1.74269e+09,[488.690857]
1.74269e+09,[0.314159]
1.74269e+09,[0.345575]
1.74269e+09,[0.314159]
1.74269e+09,[0.335103]
1.74269e+09,[0.303687]
1.74269e+09,[474.110962]
1.74269e+09,[0.335103]
1.74269e+09,[0.303687]
1.74269e+09,[0.335103]
1.74269e+09,[0.303687]
1.74269e+09,[0.324631]
1.74269e+09,[466.878418]
1.74269e+09,[0.293215]
1.74269e+09,[0.324631]
1.74269e+09,[0.293215]
1.74269e+09,[0.314159]
1.74269e+09,[0.293215]
1.74269e+09,[452.243408]
1.74269e+09,[0.314159]
1.74269e+09,[0.282743]
1.74269e+09,[0.314159]
1.74269e+09,[0.282743]
1.74269e+09,[0.303687]
1.74269e+09,[437.574982]
1.74269e+09,[0.272271]
1.74269e+09,[0.303687]
1.74269e+09,[0.272271]
1.74269e+09,[0.303687]
1.74269e+09,[0.272271]
1.74269e+09,[430.154785]
1.74269e+09,[0.293215]
1.74269e+09,[0.261799]
1.74269e+09,[0.293215]
1.74269e+09,[0.261799]
1.74269e+09,[0.282743]
1.74269e+09,[408.151154]
1.74269e+09,[0.251327]
1.74269e+09,[0.282743]
1.74269e+09,[0.251327]
1.74269e+09,[0.282743]
1.74269e+09,[0.251327]
1.74269e+09,[400.702423]
1.74269e+09,[0.272271]
1.74269e+09,[0.240855]
1.74269e+09,[0.272271]
1.74269e+09,[0.240855]
1.74269e+09,[0.261799]
1.74269e+09,[378.636322]
1.74269e+09,[0.230383]
1.74269e+09,[0.261799]
1.74269e+09,[0.230383]
1.74269e+09,[0.261799]
1.74269e+09,[0.230383]
1.74269e+09,[371.166351]
1.74269e+09,[0.251327]
1.74269e+09,[0.219911]
1.74269e+09,[0.251327]
1.74269e+09,[0.219911]
1.74269e+09,[0.240855]
1.74269e+09,[349.065521]
1.74269e+09,[0.219911]
1.74269e+09,[0.240855]
1.74269e+09,[0.219911]
1.74269e+09,[0.230383]
1.74269e+09,[0.209440]
1.74269e+09,[334.272156]
1.74269e+09,[0.230383]
1.74269e+09,[0.209440]
1.74269e+09,[0.230383]
1.74269e+09,[0.209440]
1.74269e+09,[0.219911]
1.74269e+09,[326.966370]
1.74269e+09,[0.209440]
1.74269e+09,[0.219911]
1.74269e+09,[0.198968]
1.74269e+09,[0.209440]
1.74269e+09,[0.198968]
1.74269e+09,[312.185364]
1.74269e+09,[0.209440]
1.74269e+09,[0.198968]
1.74269e+09,[0.209440]
1.74269e+09,[0.198968]
1.74269e+09,[0.209440]
1.74269e+09,[312.185364]
1.74269e+09,[0.188496]
1.74269e+09,[0.198968]
1.74269e+09,[0.188496]
1.74269e+09,[0.198968]
1.74269e+09,[0.188496]
1.74269e+09,[297.419434]
1.74269e+09,[0.198968]
1.74269e+09,[0.188496]
1.74269e+09,[0.198968]
1.74269e+09,[0.178024]
1.74269e+09,[0.188496]
1.74269e+09,[282.677765]
1.74269e+09,[0.178024]
1.74269e+09,[0.188496]
1.74269e+09,[0.178024]
1.74269e+09,[0.188496]
1.74269e+09,[0.167552]
1.74269e+09,[275.207977]
1.74269e+09,[0.188496]
1.74269e+09,[0.167552]
1.74269e+09,[0.178024]
1.74269e+09,[0.167552]
1.74269e+09,[0.178024]
1.74269e+09,[267.971313]
1.74269e+09,[0.157080]
1.74269e+09,[0.178024]
1.74269e+09,[0.157080]
1.74269e+09,[0.167552]
1.74269e+09,[0.157080]
1.74269e+09,[253.313019]
1.74269e+09,[0.167552]
1.74269e+09,[0.146608]
1.74269e+09,[0.167552]
1.74269e+09,[0.146608]
1.74269e+09,[0.157080]
1.74269e+09,[238.718582]
1.74269e+09,[0.146608]
1.74269e+09,[0.157080]
1.74269e+09,[0.146608]
1.74269e+09,[0.146608]
1.74269e+09,[0.136136]
1.74269e+09,[224.207230]
1.74269e+09,[0.146608]
1.74269e+09,[0.136136]
1.74269e+09,[0.146608]
1.74269e+09,[0.136136]
1.74269e+09,[0.146608]
1.74269e+09,[224.207230]
1.74269e+09,[0.136136]
1.74269e+09,[0.136136]
1.74269e+09,[0.125664]
1.74269e+09,[0.136136]
1.74269e+09,[0.125664]
1.74269e+09,[209.802856]
1.74269e+09,[0.136136]
1.74269e+09,[0.125664]
1.74269e+09,[0.136136]
1.74269e+09,[0.115192]
1.74269e+09,[0.125664]
1.74269e+09,[195.535706]
1.74269e+09,[0.115192]
1.74269e+09,[0.125664]
1.74269e+09,[0.104720]
1.74269e+09,[0.115192]
1.74269e+09,[0.104720]
1.74269e+09,[181.444580]
1.74269e+09,[0.115192]
1.74269e+09,[0.104720]
1.74269e+09,[0.115192]
1.74269e+09,[0.094248]
1.74269e+09,[0.115192]
1.74269e+09,[174.291138]
1.74269e+09,[0.094248]
1.74269e+09,[0.104720]
1.74269e+09,[0.083776]
1.74269e+09,[0.104720]
1.74269e+09,[0.083776]
1.74269e+09,[160.551163]
1.74269e+09,[0.104720]
1.74269e+09,[0.073304]
1.74269e+09,[0.104720]
1.74269e+09,[0.073304]
1.74269e+09,[0.094248]
1.74269e+09,[147.150726]
1.74269e+09,[0.073304]
1.74269e+09,[0.094248]
1.74269e+09,[0.062832]
1.74269e+09,[0.094248]
1.74269e+09,[0.062832]
1.74269e+09,[140.526657]
1.74269e+09,[0.083776]
1.74269e+09,[0.062832]
1.74269e+09,[0.083776]
1.74269e+09,[0.052360]
1.74269e+09,[0.083776]
1.74269e+09,[127.909752]
1.74269e+09,[0.052360]
1.74269e+09,[0.073304]
1.74269e+09,[0.052360]
1.74269e+09,[0.073304]
1.74269e+09,[0.041888]
1.74269e+09,[116.046799]
1.74269e+09,[0.073304]
1.74269e+09,[0.041888]
1.74269e+09,[0.062832]
1.74269e+09,[0.031416]
1.74269e+09,[0.062832]
1.74269e+09,[105.233627]
1.74269e+09,[0.031416]
1.74269e+09,[0.062832]
1.74269e+09,[0.020944]
1.74269e+09,[0.052360]
1.74269e+09,[0.020944]
1.74269e+09,[95.882065]
1.74269e+09,[0.052360]
1.74269e+09,[0.020944]
1.74269e+09,[0.052360]
1.74269e+09,[0.010472]
1.74269e+09,[0.041888]
1.74269e+09,[88.511597]
1.74269e+09,[0.010472]
1.74269e+09,[0.041888]
1.74269e+09,[0.010472]
1.74269e+09,[0.031416]
1.74269e+09,[0.000000]
1.74269e+09,[83.648384]
1.74269e+09,[0.031416]
1.74269e+09,[0.000000]
1.74269e+09,[0.020944]
1.74269e+09,[-0.000000]
1.74269e+09,[0.020944]
1.74269e+09,[80.670174]
1.74269e+09,[-0.000000]
1.74269e+09,[0.010472]
1.74269e+09,[-0.010472]
1.74269e+09,[0.010472]
1.74269e+09,[-0.010472]
1.74269e+09,[79.752678]
1.74269e+09,[0.010472]
1.74269e+09,[-0.010472]
1.74269e+09,[0.000000]
1.74269e+09,[-0.020944]
1.74269e+09,[0.000000]
1.74269e+09,[81.830605]
1.74269e+09,[-0.020944]
1.74269e+09,[-0.000000]
1.74269e+09,[-0.031416]
1.74269e+09,[-0.000000]
1.74269e+09,[-0.031416]
1.74269e+09,[85.944649]
1.74269e+09,[-0.010472]
1.74269e+09,[-0.041888]
1.74269e+09,[-0.010472]
1.74269e+09,[-0.041888]
1.74269e+09,[-0.010472]
1.74269e+09,[97.519356]
1.74269e+09,[-0.041888]
1.74269e+09,[-0.020944]
1.74269e+09,[-0.041888]
1.74269e+09,[-0.020944]
1.74269e+09,[-0.052360]
1.74269e+09,[104.591232]
1.74269e+09,[-0.020944]
1.74269e+09,[-0.052360]
1.74269e+09,[-0.020944]
1.74269e+09,[-0.052360]
1.74269e+09,[-0.020944]
1.74269e+09,[104.591232]
1.74269e+09,[-0.052360]
1.74269e+09,[-0.020944]
1.74269e+09,[-0.052360]
1.74269e+09,[-0.020944]
1.74269e+09,[-0.052360]
1.74269e+09,[104.591232]
1.74269e+09,[-0.020944]
1.74269e+09,[-0.052360]
1.74269e+09,[-0.020944]
1.74269e+09,[-0.052360]
1.74269e+09,[-0.020944]
1.74269e+09,[104.591232]
1.74269e+09,[-0.052360]
1.74269e+09,[-0.020944]
1.74269e+09,[-0.052360]
1.74269e+09,[-0.020944]
1.74269e+09,[-0.052360]
1.74269e+09,[104.591232]
1.74269e+09,[-0.020944]
1.74269e+09,[-0.041888]
1.74269e+09,[-0.020944]
1.74269e+09,[-0.041888]
1.74269e+09,[-0.020944]
1.74269e+09,[99.396339]
1.74269e+09,[-0.031416]
1.74269e+09,[-0.020944]
1.74269e+09,[-0.031416]
1.74269e+09,[-0.020944]
1.74269e+09,[-0.020944]
1.74269e+09,[91.477104]
1.74269e+09,[-0.020944]
1.74269e+09,[-0.020944]
1.74269e+09,[-0.010472]
1.74269e+09,[-0.010472]
1.74269e+09,[-0.010472]
1.74269e+09,[87.373909]
1.74269e+09,[-0.000000]
1.74269e+09,[-0.000000]
1.74269e+09,[0.000000]
1.74269e+09,[0.000000]
1.74269e+09,[0.010472]
1.74269e+09,[86.731461]
1.74269e+09,[0.010472]
1.74269e+09,[0.020944]
1.74269e+09,[0.020944]
1.74269e+09,[0.031416]
1.74269e+09,[0.031416]
1.74269e+09,[97.923508]
1.74269e+09,[0.031416]
1.74269e+09,[0.031416]
1.74269e+09,[0.041888]
1.74269e+09,[0.041888]
1.74269e+09,[0.052360]
1.74269e+09,[111.473167]
1.74269e+09,[0.052360]
1.74269e+09,[0.062832]
1.74269e+09,[0.062832]
1.74269e+09,[0.062832]
1.74269e+09,[0.073304]
1.74269e+09,[132.802216]
1.74269e+09,[0.073304]
1.74269e+09,[0.073304]
1.74269e+09,[0.083776]
1.74269e+09,[0.083776]
1.74269e+09,[0.094248]
1.74269e+09,[158.150650]
1.74269e+09,[0.104720]
1.74269e+09,[0.094248]
1.74269e+09,[0.104720]
1.74269e+09,[0.104720]
1.74269e+09,[0.115192]
1.74269e+09,[184.586548]
1.74269e+09,[0.104720]
1.74269e+09,[0.125664]
1.74269e+09,[0.115192]
1.74269e+09,[0.136136]
1.74269e+09,[0.115192]
1.74269e+09,[205.374893]
1.74269e+09,[0.136136]
1.74269e+09,[0.125664]
1.74269e+09,[0.146608]
1.74269e+09,[0.136136]
1.74269e+09,[0.157080]
1.74269e+09,[233.782959]
1.74269e+09,[0.136136]
1.74269e+09,[0.167552]
1.74269e+09,[0.146608]
1.74269e+09,[0.167552]
1.74269e+09,[0.146608]
1.74269e+09,[248.176590]
1.74269e+09,[0.178024]
1.74269e+09,[0.157080]
1.74269e+09,[0.188496]
1.74269e+09,[0.167552]
1.74269e+09,[0.188496]
1.74269e+09,[277.216309]
1.74269e+09,[0.167552]
1.74269e+09,[0.188496]
1.74269e+09,[0.178024]
1.74269e+09,[0.198968]
1.74269e+09,[0.178024]
1.74269e+09,[291.825623]
1.74269e+09,[0.209440]
1.74269e+09,[0.188496]
1.74269e+09,[0.209440]
1.74269e+09,[0.188496]
1.74269e+09,[0.219911]
1.74269e+09,[313.771820]
1.74269e+09,[0.198968]
1.74269e+09,[0.219911]
1.74269e+09,[0.198968]
1.74269e+09,[0.230383]
1.74269e+09,[0.209440]
1.74269e+09,[335.851715]
1.74269e+09,[0.230383]
1.74269e+09,[0.209440]
1.74269e+09,[0.240855]
1.74269e+09,[0.209440]
1.74269e+09,[0.251327]
1.74269e+09,[350.475220]
1.74269e+09,[0.219911]
1.74269e+09,[0.251327]
1.74269e+09,[0.219911]
1.74269e+09,[0.261799]
1.74269e+09,[0.230383]
1.74269e+09,[372.582458]
1.74269e+09,[0.272271]
1.74269e+09,[0.230383]
1.74269e+09,[0.282743]
1.74269e+09,[0.230383]
1.74269e+09,[0.282743]
1.74269e+09,[387.188263]
1.74269e+09,[0.240855]
1.74269e+09,[0.293215]
1.74269e+09,[0.240855]
1.74269e+09,[0.303687]
1.74269e+09,[0.240855]
1.74269e+09,[409.154083]
1.74269e+09,[0.303687]
1.74269e+09,[0.251327]
1.74269e+09,[0.314159]
1.74269e+09,[0.251327]
1.74269e+09,[0.314159]
1.74269e+09,[423.812012]
1.74269e+09,[0.261799]
1.74269e+09,[0.324631]
1.74269e+09,[0.261799]
1.74269e+09,[0.335103]
1.74269e+09,[0.261799]
1.74269e+09,[445.680084]
1.74269e+09,[0.335103]
1.74269e+09,[0.272271]
1.74269e+09,[0.345575]
1.74269e+09,[0.272271]
1.74269e+09,[0.345575]
1.74269e+09,[460.270660]
1.74269e+09,[0.282743]
1.74269e+09,[0.356047]
1.74269e+09,[0.282743]
1.74269e+09,[0.356047]
1.74269e+09,[0.282743]
1.74269e+09,[474.829742]
1.74269e+09,[0.366519]
1.74269e+09,[0.293215]
1.74269e+09,[0.366519]
1.74269e+09,[0.293215]
1.74269e+09,[0.366519]
1.74269e+09,[489.353882]
1.74269e+09,[0.303687]
1.74269e+09,[0.376991]
1.74269e+09,[0.303687]
1.74269e+09,[0.376991]
1.74269e+09,[0.303687]
1.74269e+09,[503.840088]
1.74269e+09,[0.376991]
1.74269e+09,[0.314159]
1.74269e+09,[0.387463]
1.74269e+09,[0.314159]
1.74269e+09,[0.387463]
1.74269e+09,[518.285278]
1.74269e+09,[0.314159]
1.74269e+09,[0.387463]
1.74269e+09,[0.324631]
1.74269e+09,[0.397935]
1.74269e+09,[0.324631]
1.74269e+09,[532.686829]
1.74269e+09,[0.397935]
1.74269e+09,[0.324631]
1.74269e+09,[0.408407]
1.74269e+09,[0.335103]
1.74269e+09,[0.408407]
1.74269e+09,[547.041992]
1.74269e+09,[0.335103]
1.74269e+09,[0.408407]
1.74269e+09,[0.335103]
1.74269e+09,[0.418879]
1.74269e+09,[0.335103]
1.74269e+09,[554.087219]
1.74269e+09,[0.418879]
1.74269e+09,[0.345575]
1.74269e+09,[0.418879]
1.74269e+09,[0.345575]
1.74269e+09,[0.429351]
1.74269e+09,[568.364563]
1.74269e+09,[0.345575]
1.74269e+09,[0.429351]
1.74269e+09,[0.356047]
1.74269e+09,[0.429351]
1.74269e+09,[0.356047]
1.74269e+09,[575.603394]
1.74269e+09,[0.439823]
1.74269e+09,[0.356047]
1.74269e+09,[0.439823]
1.74269e+09,[0.356047]
1.74269e+09,[0.439823]
1.74269e+09,[582.589722]
1.74269e+09,[0.366519]
1.74269e+09,[0.450295]
1.74269e+09,[0.366519]
1.74269e+09,[0.450295]
1.74269e+09,[0.376991]
1.74269e+09,[603.950317]
1.74269e+09,[0.450295]
1.74269e+09,[0.376991]
1.74269e+09,[0.460767]
1.74269e+09,[0.376991]
1.74269e+09,[0.460767]
1.74269e+09,[610.873535]
1.74269e+09,[0.376991]
1.74269e+09,[0.460767]
1.74269e+09,[0.387463]
1.74269e+09,[0.460767]
1.74269e+09,[0.387463]
1.74269e+09,[618.037903]
1.74269e+09,[0.471239]
1.74269e+09,[0.387463]
1.74269e+09,[0.471239]
1.74269e+09,[0.387463]
1.74269e+09,[0.471239]
1.74269e+09,[624.928162]
1.74269e+09,[0.397935]
1.74269e+09,[0.481711]
1.74269e+09,[0.397935]
1.74269e+09,[0.481711]
1.74269e+09,[0.397935]
1.74269e+09,[638.921570]
1.74269e+09,[0.481711]
1.74269e+09,[0.397935]
1.74269e+09,[0.481711]
1.74269e+09,[0.408407]
1.74269e+09,[0.492183]
1.74269e+09,[652.851929]
1.74269e+09,[0.408407]
1.74269e+09,[0.492183]
1.74269e+09,[0.408407]
1.74269e+09,[0.492183]
1.74269e+09,[0.418879]
1.74269e+09,[659.931763]
1.74269e+09,[0.492183]
1.74269e+09,[0.418879]
1.74269e+09,[0.492183]
1.74269e+09,[0.418879]
1.74269e+09,[0.502655]
1.74269e+09,[666.717163]
1.74269e+09,[0.429351]
1.74269e+09,[0.502655]
1.74269e+09,[0.429351]
1.74269e+09,[0.502655]
1.74269e+09,[0.429351]
1.74269e+09,[673.766785]
1.74269e+09,[0.502655]
1.74269e+09,[0.439823]
1.74269e+09,[0.513127]
1.74269e+09,[0.439823]
1.74269e+09,[0.513127]
1.74269e+09,[687.533875]
1.74269e+09,[0.439823]
1.74269e+09,[0.513127]
1.74269e+09,[0.450295]
1.74269e+09,[0.513127]
1.74269e+09,[0.450295]
1.74269e+09,[694.520081]
1.74269e+09,[0.513127]
1.74269e+09,[0.450295]
1.74269e+09,[0.523599]
1.74269e+09,[0.450295]
1.74269e+09,[0.523599]
1.74269e+09,[701.231018]
1.74269e+09,[0.460767]
1.74269e+09,[0.523599]
1.74269e+09,[0.460767]
1.74269e+09,[0.523599]
1.74269e+09,[0.460767]
1.74269e+09,[708.184143]
1.74269e+09,[0.523599]
1.74269e+09,[0.471239]
1.74269e+09,[0.534071]
1.74269e+09,[0.471239]
1.74269e+09,[0.534071]
1.74269e+09,[721.775696]
1.74269e+09,[0.471239]
1.74269e+09,[0.534071]
1.74269e+09,[0.471239]
1.74269e+09,[0.534071]
1.74269e+09,[0.481711]
1.74269e+09,[728.659790]
1.74269e+09,[0.534071]
1.74269e+09,[0.481711]
1.74269e+09,[0.544543]
1.74269e+09,[0.481711]
1.74269e+09,[0.544543]
1.74269e+09,[735.292725]
1.74269e+09,[0.492183]
1.74269e+09,[0.544543]
1.74269e+09,[0.492183]
1.74269e+09,[0.544543]
1.74269e+09,[0.492183]
1.74269e+09,[742.141052]
1.74269e+09,[0.544543]
1.74269e+09,[0.502655]
1.74269e+09,[0.544543]
1.74269e+09,[0.502655]
1.74269e+09,[0.544543]
1.74269e+09,[748.952637]
1.74269e+09,[0.502655]
1.74269e+09,[0.555015]
1.74269e+09,[0.502655]
1.74269e+09,[0.555015]
1.74269e+09,[0.502655]
1.74269e+09,[755.545288]
1.74269e+09,[0.555015]
1.74269e+09,[0.502655]
1.74269e+09,[0.555015]
1.74269e+09,[0.502655]
1.74269e+09,[0.555015]
1.74269e+09,[755.545288]
1.74269e+09,[0.502655]
1.74269e+09,[0.555015]
1.74269e+09,[0.502655]
1.74269e+09,[0.555015]
1.74269e+09,[0.502655]
1.74269e+09,[755.545288]
1.74269e+09,[0.555015]
1.74269e+09,[0.502655]
1.74269e+09,[0.555015]
1.74269e+09,[0.502655]
1.74269e+09,[0.555015]
1.74269e+09,[755.545288]
1.74269e+09,[0.502655]
1.74269e+09,[0.555015]
1.74269e+09,[0.502655]
1.74269e+09,[0.555015]
1.74269e+09,[0.502655]
1.74269e+09,[755.545288]
1.74269e+09,[0.555015]
1.74269e+09,[0.502655]
1.74269e+09,[0.555015]
1.74269e+09,[0.502655]
1.74269e+09,[0.555015]
1.74269e+09,[755.545288]
1.74269e+09,[0.502655]
1.74269e+09,[0.555015]
1.74269e+09,[0.502655]
1.74269e+09,[0.555015]
1.74269e+09,[0.492183]
1.74269e+09,[748.733826]
1.74269e+09,[0.555015]
1.74269e+09,[0.492183]
1.74269e+09,[0.555015]
1.74269e+09,[0.481711]
1.74269e+09,[0.555015]
1.74269e+09,[741.885498]
1.74269e+09,[0.481711]
1.74269e+09,[0.544543]
1.74269e+09,[0.481711]
1.74269e+09,[0.544543]
1.74269e+09,[0.471239]
1.74269e+09,[728.408630]
1.74269e+09,[0.544543]
1.74269e+09,[0.471239]
1.74269e+09,[0.534071]
1.74269e+09,[0.460767]
1.74269e+09,[0.523599]
1.74269e+09,[708.184143]
1.74269e+09,[0.460767]
1.74269e+09,[0.523599]
1.74269e+09,[0.450295]
1.74269e+09,[0.513127]
1.74269e+09,[0.439823]
1.74269e+09,[687.533875]
1.74269e+09,[0.513127]
1.74269e+09,[0.439823]
1.74269e+09,[0.502655]
1.74269e+09,[0.429351]
1.74269e+09,[0.492183]
1.74269e+09,[666.981384]
1.74269e+09,[0.418879]
1.74269e+09,[0.492183]
1.74269e+09,[0.408407]
1.74269e+09,[0.481711]
1.74269e+09,[0.408407]
1.74269e+09,[646.030640]
1.74269e+09,[0.471239]
1.74269e+09,[0.397935]
1.74269e+09,[0.460767]
1.74269e+09,[0.387463]
1.74269e+09,[0.450295]
1.74269e+09,[611.114624]
1.74269e+09,[0.387463]
1.74269e+09,[0.439823]
1.74269e+09,[0.376991]
1.74269e+09,[0.439823]
1.74269e+09,[0.366519]
1.74269e+09,[589.804749]
1.74269e+09,[0.429351]
1.74269e+09,[0.356047]
1.74269e+09,[0.418879]
1.74269e+09,[0.345575]
1.74269e+09,[0.408407]
1.74269e+09,[554.303162]
1.74269e+09,[0.345575]
1.74269e+09,[0.408407]
1.74269e+09,[0.335103]
1.74269e+09,[0.397935]
1.74269e+09,[0.335103]
1.74269e+09,[539.969055]
1.74269e+09,[0.387463]
1.74269e+09,[0.324631]
1.74269e+09,[0.387463]
1.74269e+09,[0.314159]
1.74269e+09,[0.376991]
1.74269e+09,[511.160248]
1.74269e+09,[0.303687]
1.74269e+09,[0.366519]
1.74269e+09,[0.303687]
1.74269e+09,[0.366519]
1.74269e+09,[0.293215]
1.74269e+09,[489.353882]
1.74269e+09,[0.356047]
1.74269e+09,[0.282743]
1.74269e+09,[0.345575]
1.74269e+09,[0.272271]
1.74269e+09,[0.335103]
1.74269e+09,[453.056763]
1.74269e+09,[0.261799]
1.74269e+09,[0.335103]
1.74269e+09,[0.261799]
1.74269e+09,[0.324631]
1.74269e+09,[0.251327]
1.74269e+09,[429.785278]
1.74269e+09,[0.314159]
1.74269e+09,[0.240855]
1.74269e+09,[0.303687]
1.74269e+09,[0.230383]
1.74269e+09,[0.293215]
1.74269e+09,[393.062134]
1.74269e+09,[0.219911]
1.74269e+09,[0.293215]
1.74269e+09,[0.219911]
1.74269e+09,[0.282743]
1.74269e+09,[0.209440]
1.74269e+09,[370.812408]
1.74269e+09,[0.272271]
1.74269e+09,[0.198968]
1.74269e+09,[0.261799]
1.74269e+09,[0.198968]
1.74269e+09,[0.251327]
1.74269e+09,[341.411102]
1.74269e+09,[0.188496]
1.74269e+09,[0.251327]
1.74269e+09,[0.188496]
1.74269e+09,[0.240855]
1.74269e+09,[0.178024]
1.74269e+09,[319.136078]
1.74269e+09,[0.230383]
1.74269e+09,[0.167552]
1.74269e+09,[0.219911]
1.74269e+09,[0.167552]
1.74269e+09,[0.209440]
1.74269e+09,[289.753143]
1.74269e+09,[0.157080]
1.74269e+09,[0.209440]
1.74269e+09,[0.157080]
1.74269e+09,[0.198968]
1.74269e+09,[0.146608]
1.74269e+09,[265.759521]
1.74269e+09,[0.198968]
1.74269e+09,[0.146608]
1.74269e+09,[0.188496]
1.74269e+09,[0.136136]
1.74269e+09,[0.178024]
1.74269e+09,[243.712524]
1.74269e+09,[0.136136]
1.74269e+09,[0.178024]
1.74269e+09,[0.125664]
1.74269e+09,[0.167552]
1.74269e+09,[0.125664]
1.74269e+09,[228.980835]
1.74269e+09,[0.167552]
1.74269e+09,[0.115192]
1.74269e+09,[0.157080]
1.74269e+09,[0.115192]
1.74269e+09,[0.146608]
1.74269e+09,[207.213760]
1.74269e+09,[0.104720]
1.74269e+09,[0.146608]
1.74269e+09,[0.104720]
1.74269e+09,[0.136136]
1.74269e+09,[0.104720]
1.74269e+09,[192.713074]
1.74269e+09,[0.125664]
1.74269e+09,[0.094248]
1.74269e+09,[0.125664]
1.74269e+09,[0.094248]
1.74269e+09,[0.115192]
1.74269e+09,[171.506165]
1.74269e+09,[0.083776]
1.74269e+09,[0.104720]
1.74269e+09,[0.073304]
1.74269e+09,[0.104720]
1.74269e+09,[0.073304]
1.74269e+09,[150.234924]
1.74269e+09,[0.094248]
1.74269e+09,[0.062832]
1.74269e+09,[0.083776]
1.74269e+09,[0.062832]
1.74269e+09,[0.083776]
1.74269e+09,[130.297668]
1.74269e+09,[0.062832]
1.74269e+09,[0.073304]
1.74269e+09,[0.052360]
1.74269e+09,[0.073304]
1.74269e+09,[0.052360]
1.74269e+09,[117.409424]
1.74269e+09,[0.062832]
1.74269e+09,[0.052360]
1.74269e+09,[0.052360]
1.74269e+09,[0.041888]
1.74269e+09,[0.052360]
1.74269e+09,[95.882065]
1.74269e+09,[0.041888]
1.74269e+09,[0.041888]
1.74269e+09,[0.041888]
1.74269e+09,[0.041888]
1.74269e+09,[0.031416]
1.74269e+09,[84.464630]
1.74269e+09,[0.031416]
1.74269e+09,[0.031416]
1.74269e+09,[0.020944]
1.74269e+09,[0.031416]
1.74269e+09,[0.010472]
1.74269e+09,[75.705711]
1.74269e+09,[0.020944]
1.74269e+09,[0.010472]
1.74269e+09,[0.020944]
1.74269e+09,[0.010472]
1.74269e+09,[0.010472]
1.74269e+09,[65.007401]
1.74269e+09,[-0.000000]
1.74269e+09,[0.010472]
1.74269e+09,[-0.000000]
1.74269e+09,[0.000000]
1.74269e+09,[-0.000000]
1.74269e+09,[62.520596]
1.74269e+09,[-0.000000]
1.74269e+09,[-0.010472]
1.74269e+09,[-0.010472]
1.74269e+09,[-0.010472]
1.74269e+09,[-0.010472]
1.74269e+09,[65.007401]
1.74269e+09,[-0.010472]
1.74269e+09,[-0.010472]
1.74269e+09,[-0.010472]
1.74269e+09,[-0.020944]
1.74269e+09,[-0.010472]
1.74269e+09,[69.635262]
1.74269e+09,[-0.020944]
1.74269e+09,[-0.010472]
1.74269e+09,[-0.020944]
1.74269e+09,[-0.010472]
1.74269e+09,[-0.020944]
1.74269e+09,[69.635262]
1.74269e+09,[-0.010472]
1.74269e+09,[-0.020944]
1.74269e+09,[-0.010472]
1.74269e+09,[-0.020944]
1.74269e+09,[-0.010472]
1.74269e+09,[69.635262]
1.74269e+09,[-0.020944]
1.74269e+09,[-0.010472]
1.74269e+09,[-0.020944]
1.74269e+09,[-0.010472]
1.74269e+09,[-0.020944]
1.74269e+09,[69.635262]
1.74269e+09,[-0.010472]
1.74269e+09,[-0.020944]
1.74269e+09,[-0.010472]
1.74269e+09,[-0.020944]
1.74269e+09,[-0.010472]
1.74269e+09,[69.635262]
1.74269e+09,[-0.020944]
1.74269e+09,[-0.010472]
1.74269e+09,[-0.020944]
1.74269e+09,[-0.010472]
1.74269e+09,[-0.020944]
1.74269e+09,[69.635262]
1.74269e+09,[-0.010472]
1.74269e+09,[-0.020944]
1.74269e+09,[-0.010472]
1.74269e+09,[-0.020944]
1.74269e+09,[-0.010472]
1.74269e+09,[69.635262]
1.74269e+09,[-0.020944]
1.74269e+09,[-0.010472]
1.74269e+09,[-0.020944]
1.74269e+09,[-0.010472]
1.74269e+09,[-0.020944]
1.74269e+09,[69.635262]
1.74269e+09,[-0.010472]
1.74269e+09,[-0.020944]
1.74269e+09,[-0.010472]
1.74269e+09,[-0.020944]
1.74269e+09,[-0.010472]
1.74269e+09,[69.635262]
1.74269e+09,[-0.020944]
1.74269e+09,[-0.010472]
1.74269e+09,[-0.020944]
1.74269e+09,[-0.010472]
1.74269e+09,[-0.020944]
1.74269e+09,[69.635262]
1.74269e+09,[-0.010472]
1.74269e+09,[-0.020944]
1.74269e+09,[-0.000000]
1.74269e+09,[-0.010472]
1.74269e+09,[0.000000]
1.74269e+09,[64.364952]
1.74269e+09,[-0.010472]
1.74269e+09,[0.000000]
1.74269e+09,[-0.000000]
1.74269e+09,[0.010472]
1.74269e+09,[0.000000]
1.74269e+09,[63.163044]
1.74269e+09,[0.010472]
1.74269e+09,[0.010472]
1.74269e+09,[0.020944]
1.74269e+09,[0.020944]
1.74269e+09,[0.020944]
1.74269e+09,[71.512245]
1.74269e+09,[0.020944]
1.74269e+09,[0.031416]
1.74269e+09,[0.031416]
1.74269e+09,[0.031416]
1.74269e+09,[0.031416]
1.74269e+09,[80.560905]
1.74269e+09,[0.041888]
1.74269e+09,[0.041888]
1.74269e+09,[0.052360]
1.74269e+09,[0.052360]
1.74269e+09,[0.062832]
1.74269e+09,[108.246651]
1.74269e+09,[0.062832]
1.74269e+09,[0.062832]
1.74269e+09,[0.073304]
1.74269e+09,[0.073304]
1.74269e+09,[0.073304]
1.74269e+09,[128.720383]
1.74269e+09,[0.083776]
1.74269e+09,[0.083776]
1.74269e+09,[0.094248]
1.74269e+09,[0.094248]
1.74269e+09,[0.104720]
1.74269e+09,[162.739120]
1.74269e+09,[0.104720]
1.74269e+09,[0.104720]
1.74269e+09,[0.115192]
1.74269e+09,[0.115192]
1.74269e+09,[0.115192]
1.74269e+09,[184.689362]
1.74269e+09,[0.125664]
1.74269e+09,[0.125664]
1.74269e+09,[0.136136]
1.74269e+09,[0.136136]
1.74269e+09,[0.146608]
1.74269e+09,[220.818451]
1.74269e+09,[0.146608]
1.74269e+09,[0.157080]
1.74269e+09,[0.157080]
1.74269e+09,[0.167552]
1.74269e+09,[0.167552]
1.74269e+09,[257.346405]
1.74269e+09,[0.167552]
1.74269e+09,[0.178024]
1.74269e+09,[0.178024]
1.74269e+09,[0.188496]
1.74269e+09,[0.188496]
1.74269e+09,[287.148102]
1.74269e+09,[0.188496]
1.74269e+09,[0.188496]
1.74269e+09,[0.198968]
1.74269e+09,[0.198968]
1.74269e+09,[0.209440]
1.74269e+09,[309.716980]
1.74269e+09,[0.209440]
1.74269e+09,[0.209440]
1.74269e+09,[0.219911]
1.74269e+09,[0.219911]
1.74269e+09,[0.219911]
1.74269e+09,[331.925293]
1.74269e+09,[0.230383]
1.74269e+09,[0.230383]
1.74269e+09,[0.230383]
1.74269e+09,[0.230383]
1.74269e+09,[0.240855]
1.74269e+09,[354.438049]
1.74269e+09,[0.240855]
1.74269e+09,[0.240855]
1.74269e+09,[0.240855]
1.74269e+09,[0.251327]
1.74269e+09,[0.251327]
1.74269e+09,[376.637207]
1.74269e+09,[0.251327]
1.74269e+09,[0.261799]
1.74269e+09,[0.251327]
1.74269e+09,[0.272271]
1.74269e+09,[0.261799]
1.74269e+09,[398.810425]
1.74269e+09,[0.272271]
1.74269e+09,[0.261799]
1.74269e+09,[0.282743]
1.74269e+09,[0.272271]
1.74269e+09,[0.293215]
1.74269e+09,[420.934875]
1.74269e+09,[0.272271]
1.74269e+09,[0.293215]
1.74269e+09,[0.272271]
1.74269e+09,[0.303687]
1.74269e+09,[0.282743]
1.74269e+09,[435.726898]
1.74269e+09,[0.314159]
1.74269e+09,[0.282743]
1.74269e+09,[0.324631]
1.74269e+09,[0.282743]
1.74269e+09,[0.324631]
1.74269e+09,[450.241364]
1.74269e+09,[0.293215]
1.74269e+09,[0.335103]
1.74269e+09,[0.293215]
1.74269e+09,[0.345575]
1.74269e+09,[0.303687]
1.74269e+09,[479.646729]
1.74269e+09,[0.345575]
1.74269e+09,[0.303687]
1.74269e+09,[0.356047]
1.74269e+09,[0.303687]
1.74269e+09,[0.366519]
1.74269e+09,[494.012695]
1.74269e+09,[0.314159]
1.74269e+09,[0.366519]
1.74269e+09,[0.314159]
1.74269e+09,[0.376991]
1.74269e+09,[0.324631]
1.74269e+09,[516.024231]
1.74269e+09,[0.376991]
1.74269e+09,[0.324631]
1.74269e+09,[0.387463]
1.74269e+09,[0.335103]
1.74269e+09,[0.397935]
1.74269e+09,[537.641724]
1.74269e+09,[0.335103]
1.74269e+09,[0.397935]
1.74269e+09,[0.345575]
1.74269e+09,[0.408407]
1.74269e+09,[0.345575]
1.74269e+09,[552.080811]
1.74269e+09,[0.408407]
1.74269e+09,[0.345575]
1.74269e+09,[0.418879]
1.74269e+09,[0.356047]
1.74269e+09,[0.418879]
1.74269e+09,[566.464600]
1.74269e+09,[0.356047]
1.74269e+09,[0.429351]
1.74269e+09,[0.366519]
1.74269e+09,[0.429351]
1.74269e+09,[0.366519]
1.74269e+09,[580.791138]
1.74269e+09,[0.439823]
1.74269e+09,[0.376991]
1.74269e+09,[0.439823]
1.74269e+09,[0.376991]
1.74269e+09,[0.450295]
1.74269e+09,[602.013855]
1.74269e+09,[0.376991]
1.74269e+09,[0.450295]
1.74269e+09,[0.387463]
1.74269e+09,[0.450295]
1.74269e+09,[0.387463]
1.74269e+09,[609.265015]
1.74269e+09,[0.460767]
1.74269e+09,[0.387463]
1.74269e+09,[0.460767]
1.74269e+09,[0.387463]
1.74269e+09,[0.460767]
1.74269e+09,[616.188232]
1.74269e+09,[0.397935]
1.74269e+09,[0.471239]
1.74269e+09,[0.397935]
1.74269e+09,[0.471239]
1.74269e+09,[0.408407]
1.74269e+09,[637.487549]
1.74269e+09,[0.481711]
1.74269e+09,[0.408407]
1.74269e+09,[0.481711]
1.74269e+09,[0.408407]
1.74269e+09,[0.481711]
1.74269e+09,[644.343811]
1.74269e+09,[0.408407]
1.74269e+09,[0.481711]
1.74269e+09,[0.418879]
1.74269e+09,[0.481711]
1.74269e+09,[0.418879]
1.74269e+09,[651.500244]
1.74269e+09,[0.492183]
1.74269e+09,[0.429351]
1.74269e+09,[0.492183]
1.74269e+09,[0.429351]
1.74269e+09,[0.492183]
1.74269e+09,[665.444641]
1.74269e+09,[0.429351]
1.74269e+09,[0.492183]
1.74269e+09,[0.439823]
1.74269e+09,[0.492183]
1.74269e+09,[0.439823]
1.74269e+09,[672.533875]
1.74269e+09,[0.502655]
1.74269e+09,[0.450295]
1.74269e+09,[0.502655]
1.74269e+09,[0.450295]
1.74269e+09,[0.502655]
1.74269e+09,[686.373840]
1.74269e+09,[0.450295]
1.74269e+09,[0.502655]
1.74269e+09,[0.460767]
1.74269e+09,[0.513127]
1.74269e+09,[0.460767]
1.74269e+09,[700.141296]
1.74269e+09,[0.513127]
1.74269e+09,[0.460767]
1.74269e+09,[0.513127]
1.74269e+09,[0.471239]
1.74269e+09,[0.523599]
1.74269e+09,[713.834900]
1.74269e+09,[0.471239]
1.74269e+09,[0.523599]
1.74269e+09,[0.481711]
1.74269e+09,[0.523599]
1.74269e+09,[0.481711]
1.74269e+09,[720.780457]
1.74269e+09,[0.523599]
1.74269e+09,[0.481711]
1.74269e+09,[0.534071]
1.74269e+09,[0.492183]
1.74269e+09,[0.534071]
1.74269e+09,[734.360596]
1.74269e+09,[0.492183]
1.74269e+09,[0.534071]
1.74269e+09,[0.502655]
1.74269e+09,[0.544543]
1.74269e+09,[0.502655]
1.74269e+09,[747.862549]
1.74269e+09,[0.544543]
1.74269e+09,[0.502655]
1.74269e+09,[0.544543]
1.74269e+09,[0.502655]
1.74269e+09,[0.544543]
1.74269e+09,[747.862549]
1.74269e+09,[0.513127]
1.74269e+09,[0.555015]
1.74269e+09,[0.513127]
1.74269e+09,[0.555015]
1.74269e+09,[0.513127]
1.74269e+09,[761.285034]
1.74269e+09,[0.555015]
1.74269e+09,[0.513127]
1.74269e+09,[0.565487]
1.74269e+09,[0.513127]
1.74269e+09,[0.565487]
1.74269e+09,[767.836548]
1.74269e+09,[0.523599]
1.74269e+09,[0.565487]
1.74269e+09,[0.523599]
1.74269e+09,[0.565487]
1.74269e+09,[0.523599]
1.74269e+09,[774.626160]
1.74269e+09,[0.575959]
1.74269e+09,[0.523599]
1.74269e+09,[0.575959]
1.74269e+09,[0.534071]
1.74269e+09,[0.575959]
1.74269e+09,[787.884521]
1.74269e+09,[0.534071]
1.74269e+09,[0.575959]
1.74269e+09,[0.534071]
1.74269e+09,[0.586431]
1.74269e+09,[0.534071]
1.74269e+09,[794.351501]
1.74269e+09,[0.586431]
1.74269e+09,[0.534071]
1.74269e+09,[0.586431]
1.74269e+09,[0.534071]
1.74269e+09,[0.586431]
1.74269e+09,[794.351501]
1.74269e+09,[0.544543]
1.74269e+09,[0.586431]
1.74269e+09,[0.544543]
1.74269e+09,[0.586431]
1.74269e+09,[0.544543]
1.74269e+09,[801.058594]
1.74269e+09,[0.596903]
1.74269e+09,[0.544543]
1.74269e+09,[0.596903]
1.74269e+09,[0.544543]
1.74269e+09,[0.596903]
1.74269e+09,[807.481934]
1.74269e+09,[0.544543]
1.74269e+09,[0.596903]
1.74269e+09,[0.544543]
1.74269e+09,[0.596903]
1.74269e+09,[0.544543]
1.74269e+09,[807.481934]
1.74269e+09,[0.596903]
1.74269e+09,[0.544543]
1.74269e+09,[0.596903]
1.74269e+09,[0.544543]
1.74269e+09,[0.596903]
1.74269e+09,[807.481934]
1.74269e+09,[0.544543]
1.74269e+09,[0.596903]
1.74269e+09,[0.544543]
1.74269e+09,[0.596903]
1.74269e+09,[0.544543]
1.74269e+09,[807.481934]
1.74269e+09,[0.596903]
1.74269e+09,[0.544543]
1.74269e+09,[0.596903]
1.74269e+09,[0.534071]
1.74269e+09,[0.586431]
1.74269e+09,[794.351501]
1.74269e+09,[0.534071]
1.74269e+09,[0.586431]
1.74269e+09,[0.523599]
1.74269e+09,[0.586431]
1.74269e+09,[0.523599]
1.74269e+09,[787.602722]
1.74269e+09,[0.575959]
1.74269e+09,[0.513127]
1.74269e+09,[0.575959]
1.74269e+09,[0.513127]
1.74269e+09,[0.575959]
1.74269e+09,[774.346191]
1.74269e+09,[0.502655]
1.74269e+09,[0.565487]
1.74269e+09,[0.502655]
1.74269e+09,[0.565487]
1.74269e+09,[0.492183]
1.74269e+09,[754.137756]
1.74269e+09,[0.555015]
1.74269e+09,[0.492183]
1.74269e+09,[0.544543]
1.74269e+09,[0.481711]
1.74269e+09,[0.544543]
1.74269e+09,[734.085754]
1.74269e+09,[0.481711]
1.74269e+09,[0.544543]
1.74269e+09,[0.471239]
1.74269e+09,[0.534071]
1.74269e+09,[0.460767]
1.74269e+09,[713.524658]
1.74269e+09,[0.523599]
1.74269e+09,[0.460767]
1.74269e+09,[0.523599]
1.74269e+09,[0.450295]
1.74269e+09,[0.513127]
1.74269e+09,[693.122375]
1.74269e+09,[0.450295]
1.74269e+09,[0.513127]
1.74269e+09,[0.439823]
1.74269e+09,[0.502655]
1.74269e+09,[0.429351]
1.74269e+09,[672.230042]
1.74269e+09,[0.502655]
1.74269e+09,[0.429351]
1.74269e+09,[0.492183]
1.74269e+09,[0.418879]
1.74269e+09,[0.492183]
1.74269e+09,[658.321472]
1.74269e+09,[0.408407]
1.74269e+09,[0.481711]
1.74269e+09,[0.408407]
1.74269e+09,[0.471239]
1.74269e+09,[0.397935]
1.74269e+09,[630.298828]
1.74269e+09,[0.471239]
1.74269e+09,[0.387463]
1.74269e+09,[0.460767]
1.74269e+09,[0.387463]
1.74269e+09,[0.450295]
1.74269e+09,[609.265015]
1.74269e+09,[0.376991]
1.74269e+09,[0.450295]
1.74269e+09,[0.376991]
1.74269e+09,[0.439823]
1.74269e+09,[0.366519]
1.74269e+09,[587.777466]
1.74269e+09,[0.439823]
1.74269e+09,[0.366519]
1.74269e+09,[0.429351]
1.74269e+09,[0.356047]
1.74269e+09,[0.429351]
1.74269e+09,[573.480896]
1.74269e+09,[0.356047]
1.74269e+09,[0.418879]
1.74269e+09,[0.345575]
1.74269e+09,[0.418879]
1.74269e+09,[0.345575]
1.74269e+09,[559.125977]
1.74269e+09,[0.408407]
1.74269e+09,[0.335103]
1.74269e+09,[0.408407]
1.74269e+09,[0.335103]
1.74269e+09,[0.397935]
1.74269e+09,[537.641724]
1.74269e+09,[0.324631]
1.74269e+09,[0.397935]
1.74269e+09,[0.314159]
1.74269e+09,[0.387463]
1.74269e+09,[0.314159]
1.74269e+09,[515.730652]
1.74269e+09,[0.387463]
1.74269e+09,[0.303687]
1.74269e+09,[0.376991]
1.74269e+09,[0.293215]
1.74269e+09,[0.376991]
1.74269e+09,[493.694153]
1.74269e+09,[0.293215]
1.74269e+09,[0.376991]
1.74269e+09,[0.282743]
1.74269e+09,[0.366519]
1.74269e+09,[0.272271]
1.74269e+09,[471.540161]
1.74269e+09,[0.366519]
1.74269e+09,[0.272271]
1.74269e+09,[0.356047]
1.74269e+09,[0.261799]
1.74269e+09,[0.345575]
1.74269e+09,[449.639069]
1.74269e+09,[0.261799]
1.74269e+09,[0.345575]
1.74269e+09,[0.251327]
1.74269e+09,[0.335103]
1.74269e+09,[0.251327]
1.74269e+09,[434.869324]
1.74269e+09,[0.335103]
1.74269e+09,[0.251327]
1.74269e+09,[0.324631]
1.74269e+09,[0.240855]
1.74269e+09,[0.324631]
1.74269e+09,[420.061157]
1.74269e+09,[0.240855]
1.74269e+09,[0.314159]
1.74269e+09,[0.240855]
1.74269e+09,[0.314159]
1.74269e+09,[0.230383]
1.74269e+09,[405.217072]
1.74269e+09,[0.303687]
1.74269e+09,[0.230383]
1.74269e+09,[0.303687]
1.74269e+09,[0.219911]
1.74269e+09,[0.303687]
1.74269e+09,[390.339691]
1.74269e+09,[0.219911]
1.74269e+09,[0.293215]
1.74269e+09,[0.209440]
1.74269e+09,[0.293215]
1.74269e+09,[0.209440]
1.74269e+09,[375.431763]
1.74269e+09,[0.282743]
1.74269e+09,[0.209440]
1.74269e+09,[0.282743]
1.74269e+09,[0.198968]
1.74269e+09,[0.272271]
1.74269e+09,[353.196899]
1.74269e+09,[0.188496]
1.74269e+09,[0.272271]
1.74269e+09,[0.188496]
1.74269e+09,[0.261799]
1.74269e+09,[0.178024]
1.74269e+09,[330.555267]
1.74269e+09,[0.251327]
1.74269e+09,[0.178024]
1.74269e+09,[0.251327]
1.74269e+09,[0.167552]
1.74269e+09,[0.240855]
1.74269e+09,[308.244293]
1.74269e+09,[0.167552]
1.74269e+09,[0.240855]
1.74269e+09,[0.157080]
1.74269e+09,[0.230383]
1.74269e+09,[0.157080]
1.74269e+09,[293.234039]
1.74269e+09,[0.230383]
1.74269e+09,[0.146608]
1.74269e+09,[0.219911]
1.74269e+09,[0.146608]
1.74269e+09,[0.219911]
1.74269e+09,[278.218597]
1.74269e+09,[0.146608]
1.74269e+09,[0.209440]
1.74269e+09,[0.136136]
1.74269e+09,[0.209440]
1.74269e+09,[0.136136]
1.74269e+09,[263.203247]
1.74269e+09,[0.198968]
1.74269e+09,[0.136136]
1.74269e+09,[0.198968]
1.74269e+09,[0.125664]
1.74269e+09,[0.198968]
1.74269e+09,[248.194458]
1.74269e+09,[0.125664]
1.74269e+09,[0.198968]
1.74269e+09,[0.115192]
1.74269e+09,[0.188496]
1.74269e+09,[0.115192]
1.74269e+09,[233.199509]
1.74269e+09,[0.188496]
1.74269e+09,[0.104720]
1.74269e+09,[0.188496]
1.74269e+09,[0.104720]
1.74269e+09,[0.188496]
1.74269e+09,[225.463776]
1.74269e+09,[0.094248]
1.74269e+09,[0.178024]
1.74269e+09,[0.094248]
1.74269e+09,[0.178024]
1.74269e+09,[0.083776]
1.74269e+09,[202.757019]
1.74269e+09,[0.167552]
1.74269e+09,[0.083776]
1.74269e+09,[0.167552]
1.74269e+09,[0.073304]
1.74269e+09,[0.157080]
1.74269e+09,[180.669006]
1.74269e+09,[0.073304]
1.74269e+09,[0.157080]
1.74269e+09,[0.062832]
1.74269e+09,[0.146608]
1.74269e+09,[0.062832]
1.74269e+09,[165.854736]
1.74269e+09,[0.136136]
1.74269e+09,[0.052360]
1.74269e+09,[0.136136]
1.74269e+09,[0.052360]
1.74269e+09,[0.125664]
1.74269e+09,[144.186890]
1.74269e+09,[0.041888]
1.74269e+09,[0.125664]
1.74269e+09,[0.041888]
1.74269e+09,[0.115192]
1.74269e+09,[0.041888]
1.74269e+09,[129.720352]
1.74269e+09,[0.115192]
1.74269e+09,[0.041888]
1.74269e+09,[0.104720]
1.74269e+09,[0.031416]
1.74269e+09,[0.094248]
1.74269e+09,[108.961647]
1.74269e+09,[0.031416]
1.74269e+09,[0.094248]
1.74269e+09,[0.031416]
1.74269e+09,[0.083776]
1.74269e+09,[0.031416]
1.74269e+09,[102.636383]
1.74269e+09,[0.083776]
1.74269e+09,[0.031416]
1.74269e+09,[0.073304]
1.74269e+09,[0.031416]
1.74269e+09,[0.073304]
1.74269e+09,[96.587090]
1.74269e+09,[0.020944]
1.74269e+09,[0.062832]
1.74269e+09,[0.020944]
1.74269e+09,[0.062832]
1.74269e+09,[0.020944]
1.74269e+09,[83.653931]
1.74269e+09,[0.052360]
1.74269e+09,[0.010472]
1.74269e+09,[0.041888]
1.74269e+09,[0.010472]
1.74269e+09,[0.041888]
1.74269e+09,[67.341995]
1.74269e+09,[0.010472]
1.74269e+09,[0.031416]
1.74269e+09,[0.010472]
1.74269e+09,[0.031416]
1.74269e+09,[0.000000]
1.74269e+09,[60.200169]
1.74269e+09,[0.020944]
1.74269e+09,[0.000000]
1.74269e+09,[0.010472]
1.74269e+09,[0.000000]
1.74269e+09,[0.010472]
1.74269e+09,[55.344975]
1.74269e+09,[0.000000]
1.74269e+09,[0.010472]
1.74269e+09,[0.000000]
1.74269e+09,[0.000000]
1.74269e+09,[-0.000000]
1.74269e+09,[54.702522]
1.74269e+09,[-0.000000]
1.74269e+09,[-0.000000]
1.74269e+09,[-0.000000]
1.74269e+09,[-0.000000]
1.74269e+09,[-0.010472]
1.74269e+09,[55.344975]
1.74269e+09,[-0.000000]
1.74269e+09,[-0.010472]
1.74269e+09,[-0.000000]
1.74269e+09,[-0.010472]
1.74269e+09,[-0.000000]
1.74269e+09,[55.344975]
1.74269e+09,[-0.010472]
1.74269e+09,[-0.010472]
1.74269e+09,[-0.010472]
1.74269e+09,[-0.010472]
1.74269e+09,[-0.020944]
1.74269e+09,[60.460056]
1.74269e+09,[-0.010472]
1.74269e+09,[-0.020944]
1.74269e+09,[-0.010472]
1.74269e+09,[-0.020944]
1.74269e+09,[-0.010472]
1.74269e+09,[60.460056]
1.74269e+09,[-0.020944]
1.74269e+09,[-0.010472]
1.74269e+09,[-0.020944]
1.74269e+09,[-0.010472]
1.74269e+09,[-0.020944]
1.74269e+09,[60.460056]
1.74269e+09,[-0.010472]
1.74269e+09,[-0.020944]
1.74269e+09,[-0.010472]
1.74269e+09,[-0.020944]
1.74269e+09,[-0.010472]
1.74269e+09,[60.460056]
1.74269e+09,[-0.020944]
1.74269e+09,[-0.010472]
1.74269e+09,[-0.020944]
1.74269e+09,[-0.010472]
1.74269e+09,[-0.020944]
1.74269e+09,[60.460056]
1.74269e+09,[-0.010472]
1.74269e+09,[-0.020944]
1.74269e+09,[-0.010472]
1.74269e+09,[-0.010472]
1.74269e+09,[-0.010472]
1.74269e+09,[58.583073]
1.74269e+09,[-0.010472]
1.74269e+09,[-0.000000]
1.74269e+09,[-0.010472]
1.74269e+09,[0.000000]
1.74269e+09,[0.000000]
1.74269e+09,[54.702522]
1.74269e+09,[0.010472]
1.74269e+09,[0.000000]
1.74269e+09,[0.010472]
1.74269e+09,[0.010472]
1.74269e+09,[0.020944]
1.74269e+09,[65.007401]
1.74269e+09,[0.020944]
1.74269e+09,[0.020944]
1.74269e+09,[0.031416]
1.74269e+09,[0.031416]
1.74269e+09,[0.031416]
1.74269e+09,[77.101173]
1.74269e+09,[0.041888]
1.74269e+09,[0.041888]
1.74269e+09,[0.041888]
1.74269e+09,[0.052360]
1.74269e+09,[0.052360]
1.74269e+09,[100.782928]
1.74269e+09,[0.062832]
1.74269e+09,[0.062832]
1.74269e+09,[0.062832]
1.74269e+09,[0.073304]
1.74269e+09,[0.073304]
1.74269e+09,[127.101883]
1.74269e+09,[0.073304]
1.74269e+09,[0.083776]
1.74269e+09,[0.083776]
1.74269e+09,[0.094248]
1.74269e+09,[0.094248]
1.74269e+09,[154.935272]
1.74269e+09,[0.104720]
1.74269e+09,[0.104720]
1.74269e+09,[0.104720]
1.74269e+09,[0.104720]
1.74269e+09,[0.115192]
1.74269e+09,[175.923782]
1.74269e+09,[0.115192]
1.74269e+09,[0.125664]
1.74269e+09,[0.125664]
1.74269e+09,[0.136136]
1.74269e+09,[0.125664]
1.74269e+09,[205.189224]
1.74269e+09,[0.136136]
1.74269e+09,[0.136136]
1.74269e+09,[0.146608]
1.74269e+09,[0.146608]
1.74269e+09,[0.157080]
1.74269e+09,[234.777557]
1.74269e+09,[0.146608]
1.74269e+09,[0.157080]
1.74269e+09,[0.157080]
1.74269e+09,[0.167552]
1.74269e+09,[0.167552]
1.74269e+09,[257.346405]
1.74269e+09,[0.178024]
1.74269e+09,[0.167552]
1.74269e+09,[0.188496]
1.74269e+09,[0.178024]
1.74269e+09,[0.188496]
1.74269e+09,[279.473450]
1.74269e+09,[0.188496]
1.74269e+09,[0.198968]
1.74269e+09,[0.188496]
1.74269e+09,[0.209440]
1.74269e+09,[0.198968]
1.74269e+09,[309.353790]
1.74269e+09,[0.219911]
1.74269e+09,[0.198968]
1.74269e+09,[0.219911]
1.74269e+09,[0.198968]
1.74269e+09,[0.230383]
1.74269e+09,[323.955994]
1.74269e+09,[0.209440]
1.74269e+09,[0.240855]
1.74269e+09,[0.209440]
1.74269e+09,[0.240855]
1.74269e+09,[0.219911]
1.74269e+09,[346.542023]
1.74269e+09,[0.251327]
1.74269e+09,[0.219911]
1.74269e+09,[0.261799]
1.74269e+09,[0.230383]
1.74269e+09,[0.261799]
1.74269e+09,[368.777985]
1.74269e+09,[0.230383]
1.74269e+09,[0.272271]
1.74269e+09,[0.240855]
1.74269e+09,[0.282743]
1.74269e+09,[0.240855]
1.74269e+09,[390.978302]
1.74269e+09,[0.282743]
1.74269e+09,[0.251327]
1.74269e+09,[0.293215]
1.74269e+09,[0.251327]
1.74269e+09,[0.293215]
1.74269e+09,[405.843903]
1.74269e+09,[0.261799]
1.74269e+09,[0.303687]
1.74269e+09,[0.272271]
1.74269e+09,[0.303687]
1.74269e+09,[0.272271]
1.74269e+09,[428.213348]
1.74269e+09,[0.314159]
1.74269e+09,[0.282743]
1.74269e+09,[0.324631]
1.74269e+09,[0.282743]
1.74269e+09,[0.324631]
1.74269e+09,[450.241364]
1.74269e+09,[0.293215]
1.74269e+09,[0.335103]
1.74269e+09,[0.293215]
1.74269e+09,[0.335103]
1.74269e+09,[0.303687]
1.74269e+09,[472.432831]
1.74269e+09,[0.345575]
1.74269e+09,[0.303687]
1.74269e+09,[0.356047]
1.74269e+09,[0.314159]
1.74269e+09,[0.356047]
1.74269e+09,[494.284149]
1.74269e+09,[0.314159]
1.74269e+09,[0.366519]
1.74269e+09,[0.324631]
1.74269e+09,[0.366519]
1.74269e+09,[0.324631]
1.74269e+09,[508.874969]
1.74269e+09,[0.366519]
1.74269e+09,[0.324631]
1.74269e+09,[0.376991]
1.74269e+09,[0.335103]
1.74269e+09,[0.376991]
1.74269e+09,[523.417053]
1.74269e+09,[0.335103]
1.74269e+09,[0.387463]
1.74269e+09,[0.335103]
1.74269e+09,[0.387463]
1.74269e+09,[0.335103]
1.74269e+09,[530.542114]
1.74269e+09,[0.387463]
1.74269e+09,[0.345575]
1.74269e+09,[0.387463]
1.74269e+09,[0.345575]
1.74269e+09,[0.397935]
1.74269e+09,[545.007812]
1.74269e+09,[0.345575]
1.74269e+09,[0.397935]
1.74269e+09,[0.345575]
1.74269e+09,[0.397935]
1.74269e+09,[0.356047]
1.74269e+09,[552.346436]
1.74269e+09,[0.408407]
1.74269e+09,[0.356047]
1.74269e+09,[0.408407]
1.74269e+09,[0.356047]
1.74269e+09,[0.408407]
1.74269e+09,[559.419434]
1.74269e+09,[0.356047]
1.74269e+09,[0.418879]
1.74269e+09,[0.366519]
1.74269e+09,[0.418879]
1.74269e+09,[0.366519]
1.74269e+09,[573.774841]
1.74269e+09,[0.418879]
1.74269e+09,[0.366519]
1.74269e+09,[0.429351]
1.74269e+09,[0.376991]
1.74269e+09,[0.429351]
1.74269e+09,[588.072266]
1.74269e+09,[0.376991]
1.74269e+09,[0.429351]
1.74269e+09,[0.376991]
1.74269e+09,[0.439823]
1.74269e+09,[0.387463]
1.74269e+09,[602.309692]
1.74269e+09,[0.439823]
1.74269e+09,[0.387463]
1.74269e+09,[0.450295]
1.74269e+09,[0.387463]
1.74269e+09,[0.450295]
1.74269e+09,[609.265015]
1.74269e+09,[0.387463]
1.74269e+09,[0.450295]
1.74269e+09,[0.397935]
1.74269e+09,[0.450295]
1.74269e+09,[0.397935]
1.74269e+09,[616.485352]
1.74269e+09,[0.460767]
1.74269e+09,[0.397935]
1.74269e+09,[0.460767]
1.74269e+09,[0.397935]
1.74269e+09,[0.460767]
1.74269e+09,[623.408569]
1.74269e+09,[0.408407]
1.74269e+09,[0.471239]
1.74269e+09,[0.408407]
1.74269e+09,[0.471239]
1.74269e+09,[0.408407]
1.74269e+09,[637.487549]
1.74269e+09,[0.471239]
1.74269e+09,[0.408407]
1.74269e+09,[0.471239]
1.74269e+09,[0.418879]
1.74269e+09,[0.481711]
1.74269e+09,[651.500244]
1.74269e+09,[0.418879]
1.74269e+09,[0.481711]
1.74269e+09,[0.418879]
1.74269e+09,[0.481711]
1.74269e+09,[0.429351]
1.74269e+09,[658.623352]
1.74269e+09,[0.481711]
1.74269e+09,[0.429351]
1.74269e+09,[0.481711]
1.74269e+09,[0.429351]
1.74269e+09,[0.492183]
1.74269e+09,[665.444641]
1.74269e+09,[0.439823]
1.74269e+09,[0.492183]
1.74269e+09,[0.439823]
1.74269e+09,[0.492183]
1.74269e+09,[0.439823]
1.74269e+09,[672.533875]
1.74269e+09,[0.492183]
1.74269e+09,[0.450295]
1.74269e+09,[0.502655]
1.74269e+09,[0.450295]
1.74269e+09,[0.502655]
1.74269e+09,[686.373840]
1.74269e+09,[0.450295]
1.74269e+09,[0.502655]
1.74269e+09,[0.460767]
1.74269e+09,[0.502655]
1.74269e+09,[0.460767]
1.74269e+09,[693.392761]
1.74269e+09,[0.513127]
1.74269e+09,[0.460767]
1.74269e+09,[0.513127]
1.74269e+09,[0.460767]
1.74269e+09,[0.513127]
1.74269e+09,[700.141296]
1.74269e+09,[0.471239]
1.74269e+09,[0.513127]
1.74269e+09,[0.471239]
1.74269e+09,[0.523599]
1.74269e+09,[0.471239]
1.74269e+09,[713.834900]
1.74269e+09,[0.523599]
1.74269e+09,[0.471239]
1.74269e+09,[0.523599]
1.74269e+09,[0.481711]
1.74269e+09,[0.523599]
1.74269e+09,[720.780457]
1.74269e+09,[0.481711]
1.74269e+09,[0.534071]
1.74269e+09,[0.481711]
1.74269e+09,[0.534071]
1.74269e+09,[0.481711]
1.74269e+09,[727.452820]
1.74269e+09,[0.534071]
1.74269e+09,[0.492183]
1.74269e+09,[0.534071]
1.74269e+09,[0.492183]
1.74269e+09,[0.544543]
1.74269e+09,[740.993530]
1.74269e+09,[0.492183]
1.74269e+09,[0.544543]
1.74269e+09,[0.502655]
1.74269e+09,[0.544543]
1.74269e+09,[0.502655]
1.74269e+09,[747.862549]
1.74269e+09,[0.544543]
1.74269e+09,[0.502655]
1.74269e+09,[0.555015]
1.74269e+09,[0.502655]
1.74269e+09,[0.555015]
1.74269e+09,[754.455322]
1.74269e+09,[0.513127]
1.74269e+09,[0.555015]
1.74269e+09,[0.513127]
1.74269e+09,[0.555015]
1.74269e+09,[0.513127]
1.74269e+09,[761.285034]
1.74269e+09,[0.565487]
1.74269e+09,[0.513127]
1.74269e+09,[0.565487]
1.74269e+09,[0.513127]
1.74269e+09,[0.565487]
1.74269e+09,[767.836548]
1.74269e+09,[0.523599]
1.74269e+09,[0.565487]
1.74269e+09,[0.523599]
1.74269e+09,[0.575959]
1.74269e+09,[0.523599]
1.74269e+09,[781.135803]
1.74269e+09,[0.575959]
1.74269e+09,[0.523599]
1.74269e+09,[0.575959]
1.74269e+09,[0.534071]
1.74269e+09,[0.575959]
1.74269e+09,[787.884521]
1.74269e+09,[0.534071]
1.74269e+09,[0.575959]
1.74269e+09,[0.534071]
1.74269e+09,[0.586431]
1.74269e+09,[0.534071]
1.74269e+09,[794.351501]
1.74269e+09,[0.586431]
1.74269e+09,[0.544543]
1.74269e+09,[0.586431]
1.74269e+09,[0.544543]
1.74269e+09,[0.586431]
1.74269e+09,[801.058594]
1.74269e+09,[0.544543]
1.74269e+09,[0.586431]
1.74269e+09,[0.544543]
1.74269e+09,[0.596903]
1.74269e+09,[0.544543]
1.74269e+09,[807.481934]
1.74269e+09,[0.596903]
1.74269e+09,[0.544543]
1.74269e+09,[0.596903]
1.74269e+09,[0.544543]
1.74269e+09,[0.596903]
1.74269e+09,[807.481934]
1.74269e+09,[0.555015]
1.74269e+09,[0.596903]
1.74269e+09,[0.555015]
1.74269e+09,[0.596903]
1.74269e+09,[0.555015]
1.74269e+09,[814.146729]
1.74269e+09,[0.596903]
1.74269e+09,[0.555015]
1.74269e+09,[0.596903]
1.74269e+09,[0.555015]
1.74269e+09,[0.596903]
1.74269e+09,[814.146729]
1.74269e+09,[0.555015]
1.74269e+09,[0.596903]
1.74269e+09,[0.555015]
1.74269e+09,[0.596903]
1.74269e+09,[0.555015]
1.74269e+09,[814.146729]
1.74269e+09,[0.596903]
1.74269e+09,[0.555015]
1.74269e+09,[0.607375]
1.74269e+09,[0.555015]
1.74269e+09,[0.607375]
1.74269e+09,[820.525757]
1.74269e+09,[0.555015]
1.74269e+09,[0.607375]
1.74269e+09,[0.555015]
1.74269e+09,[0.607375]
1.74269e+09,[0.555015]
1.74269e+09,[820.525757]
1.74269e+09,[0.607375]
1.74269e+09,[0.555015]
1.74269e+09,[0.607375]
1.74269e+09,[0.555015]
1.74269e+09,[0.607375]
1.74269e+09,[820.525757]
1.74269e+09,[0.555015]
1.74269e+09,[0.607375]
1.74269e+09,[0.555015]
1.74269e+09,[0.607375]
1.74269e+09,[0.555015]
1.74269e+09,[820.525757]
1.74269e+09,[0.607375]
1.74269e+09,[0.555015]
1.74269e+09,[0.596903]
1.74269e+09,[0.555015]
1.74269e+09,[0.596903]
1.74269e+09,[814.146729]
1.74269e+09,[0.555015]
1.74269e+09,[0.596903]
1.74269e+09,[0.555015]
1.74269e+09,[0.586431]
1.74269e+09,[0.544543]
1.74269e+09,[801.058594]
1.74269e+09,[0.586431]
1.74269e+09,[0.534071]
1.74269e+09,[0.575959]
1.74269e+09,[0.534071]
1.74269e+09,[0.575959]
1.74269e+09,[787.884521]
1.74269e+09,[0.523599]
1.74269e+09,[0.565487]
1.74269e+09,[0.523599]
1.74269e+09,[0.565487]
1.74269e+09,[0.513127]
1.74269e+09,[767.836548]
1.74269e+09,[0.555015]
1.74269e+09,[0.513127]
1.74269e+09,[0.555015]
1.74269e+09,[0.513127]
1.74269e+09,[0.544543]
1.74269e+09,[754.692261]
1.74269e+09,[0.502655]
1.74269e+09,[0.544543]
1.74269e+09,[0.492183]
1.74269e+09,[0.534071]
1.74269e+09,[0.492183]
1.74269e+09,[734.360596]
1.74269e+09,[0.534071]
1.74269e+09,[0.481711]
1.74269e+09,[0.523599]
1.74269e+09,[0.481711]
1.74269e+09,[0.523599]
1.74269e+09,[720.780457]
1.74269e+09,[0.471239]
1.74269e+09,[0.513127]
1.74269e+09,[0.471239]
1.74269e+09,[0.513127]
1.74269e+09,[0.460767]
1.74269e+09,[700.141296]
1.74269e+09,[0.502655]
1.74269e+09,[0.460767]
1.74269e+09,[0.502655]
1.74269e+09,[0.450295]
1.74269e+09,[0.492183]
1.74269e+09,[679.588440]
1.74269e+09,[0.439823]
1.74269e+09,[0.492183]
1.74269e+09,[0.429351]
1.74269e+09,[0.481711]
1.74269e+09,[0.429351]
1.74269e+09,[658.623352]
1.74269e+09,[0.471239]
1.74269e+09,[0.418879]
1.74269e+09,[0.471239]
1.74269e+09,[0.408407]
1.74269e+09,[0.460767]
1.74269e+09,[630.597412]
1.74269e+09,[0.408407]
1.74269e+09,[0.450295]
1.74269e+09,[0.397935]
1.74269e+09,[0.450295]
1.74269e+09,[0.387463]
1.74269e+09,[609.265015]
1.74269e+09,[0.439823]
1.74269e+09,[0.387463]
1.74269e+09,[0.439823]
1.74269e+09,[0.376991]
1.74269e+09,[0.429351]
1.74269e+09,[588.072266]
1.74269e+09,[0.366519]
1.74269e+09,[0.418879]
1.74269e+09,[0.356047]
1.74269e+09,[0.418879]
1.74269e+09,[0.356047]
1.74269e+09,[566.464600]
1.74269e+09,[0.408407]
1.74269e+09,[0.345575]
1.74269e+09,[0.397935]
1.74269e+09,[0.335103]
1.74269e+09,[0.387463]
1.74269e+09,[530.542114]
1.74269e+09,[0.324631]
1.74269e+09,[0.387463]
1.74269e+09,[0.324631]
1.74269e+09,[0.376991]
1.74269e+09,[0.314159]
1.74269e+09,[508.605621]
1.74269e+09,[0.376991]
1.74269e+09,[0.303687]
1.74269e+09,[0.366519]
1.74269e+09,[0.293215]
1.74269e+09,[0.356047]
1.74269e+09,[479.372681]
1.74269e+09,[0.282743]
1.74269e+09,[0.345575]
1.74269e+09,[0.282743]
1.74269e+09,[0.345575]
1.74269e+09,[0.272271]
1.74269e+09,[457.174194]
1.74269e+09,[0.335103]
1.74269e+09,[0.272271]
1.74269e+09,[0.324631]
1.74269e+09,[0.261799]
1.74269e+09,[0.314159]
1.74269e+09,[427.943054]
1.74269e+09,[0.261799]
1.74269e+09,[0.303687]
1.74269e+09,[0.251327]
1.74269e+09,[0.303687]
1.74269e+09,[0.251327]
1.74269e+09,[413.122314]
1.74269e+09,[0.293215]
1.74269e+09,[0.240855]
1.74269e+09,[0.282743]
1.74269e+09,[0.240855]
1.74269e+09,[0.282743]
1.74269e+09,[390.978302]
1.74269e+09,[0.230383]
1.74269e+09,[0.272271]
1.74269e+09,[0.230383]
1.74269e+09,[0.261799]
1.74269e+09,[0.230383]
1.74269e+09,[368.777985]
1.74269e+09,[0.261799]
1.74269e+09,[0.219911]
1.74269e+09,[0.251327]
1.74269e+09,[0.219911]
1.74269e+09,[0.240855]
1.74269e+09,[346.542023]
1.74269e+09,[0.209440]
1.74269e+09,[0.240855]
1.74269e+09,[0.209440]
1.74269e+09,[0.230383]
1.74269e+09,[0.198968]
1.74269e+09,[323.955994]
1.74269e+09,[0.230383]
1.74269e+09,[0.188496]
1.74269e+09,[0.219911]
1.74269e+09,[0.188496]
1.74269e+09,[0.219911]
1.74269e+09,[308.989685]
1.74269e+09,[0.188496]
1.74269e+09,[0.209440]
1.74269e+09,[0.178024]
1.74269e+09,[0.209440]
1.74269e+09,[0.178024]
1.74269e+09,[294.018616]
1.74269e+09,[0.198968]
1.74269e+09,[0.167552]
1.74269e+09,[0.198968]
1.74269e+09,[0.167552]
1.74269e+09,[0.188496]
1.74269e+09,[271.785980]
1.74269e+09,[0.157080]
1.74269e+09,[0.188496]
1.74269e+09,[0.157080]
1.74269e+09,[0.188496]
1.74269e+09,[0.157080]
1.74269e+09,[264.086731]
1.74269e+09,[0.178024]
1.74269e+09,[0.146608]
1.74269e+09,[0.178024]
1.74269e+09,[0.146608]
1.74269e+09,[0.167552]
1.74269e+09,[241.937408]
1.74269e+09,[0.146608]
1.74269e+09,[0.167552]
1.74269e+09,[0.136136]
1.74269e+09,[0.157080]
1.74269e+09,[0.136136]
1.74269e+09,[227.058685]
1.74269e+09,[0.157080]
1.74269e+09,[0.136136]
1.74269e+09,[0.146608]
1.74269e+09,[0.125664]
1.74269e+09,[0.146608]
1.74269e+09,[212.226700]
1.74269e+09,[0.125664]
1.74269e+09,[0.146608]
1.74269e+09,[0.125664]
1.74269e+09,[0.136136]
1.74269e+09,[0.115192]
1.74269e+09,[197.457031]
1.74269e+09,[0.136136]
1.74269e+09,[0.115192]
1.74269e+09,[0.125664]
1.74269e+09,[0.104720]
1.74269e+09,[0.125664]
1.74269e+09,[182.769104]
1.74269e+09,[0.104720]
1.74269e+09,[0.115192]
1.74269e+09,[0.094248]
1.74269e+09,[0.115192]
1.74269e+09,[0.083776]
1.74269e+09,[160.453720]
1.74269e+09,[0.104720]
1.74269e+09,[0.083776]
1.74269e+09,[0.094248]
1.74269e+09,[0.073304]
1.74269e+09,[0.094248]
1.74269e+09,[139.476440]
1.74269e+09,[0.062832]
1.74269e+09,[0.083776]
1.74269e+09,[0.062832]
1.74269e+09,[0.083776]
1.74269e+09,[0.052360]
1.74269e+09,[117.764305]
1.74269e+09,[0.073304]
1.74269e+09,[0.052360]
1.74269e+09,[0.073304]
1.74269e+09,[0.041888]
1.74269e+09,[0.073304]
1.74269e+09,[104.093788]
1.74269e+09,[0.041888]
1.74269e+09,[0.073304]
1.74269e+09,[0.031416]
1.74269e+09,[0.062832]
1.74269e+09,[0.031416]
1.74269e+09,[90.892509]
1.74269e+09,[0.062832]
1.74269e+09,[0.031416]
1.74269e+09,[0.062832]
1.74269e+09,[0.031416]
1.74269e+09,[0.062832]
1.74269e+09,[90.892509]
1.74269e+09,[0.031416]
1.74269e+09,[0.062832]
1.74269e+09,[0.031416]
1.74269e+09,[0.052360]
1.74269e+09,[0.031416]
1.74269e+09,[85.654999]
1.74269e+09,[0.052360]
1.74269e+09,[0.031416]
1.74269e+09,[0.052360]
1.74269e+09,[0.031416]
1.74269e+09,[0.052360]
1.74269e+09,[85.654999]
1.74269e+09,[0.031416]
1.74269e+09,[0.052360]
1.74269e+09,[0.031416]
1.74269e+09,[0.052360]
1.74269e+09,[0.031416]
1.74269e+09,[85.654999]
1.74269e+09,[0.052360]
1.74269e+09,[0.031416]
1.74269e+09,[0.041888]
1.74269e+09,[0.031416]
1.74269e+09,[0.041888]
1.74269e+09,[74.713257]
1.74269e+09,[0.031416]
1.74269e+09,[0.041888]
1.74269e+09,[0.031416]
1.74269e+09,[0.041888]
1.74269e+09,[0.031416]
1.74269e+09,[62.514427]
1.74269e+09,[0.031416]
1.74269e+09,[0.031416]
1.74269e+09,[0.031416]
1.74269e+09,[0.031416]
1.74269e+09,[0.031416]
1.74269e+09,[52.899609]
1.74269e+09,[0.031416]
1.74269e+09,[0.031416]
1.74269e+09,[0.031416]
1.74269e+09,[0.031416]
1.74269e+09,[0.031416]
1.74269e+09,[57.871639]
1.74269e+09,[0.031416]
1.74269e+09,[0.031416]
1.74269e+09,[0.031416]
1.74269e+09,[0.031416]
1.74269e+09,[0.031416]
1.74269e+09,[63.781002]
1.74269e+09,[0.031416]
1.74269e+09,[0.031416]
1.74269e+09,[0.031416]
1.74269e+09,[0.031416]
1.74269e+09,[0.031416]
1.74269e+09,[80.560905]
1.74269e+09,[0.031416]
1.74269e+09,[0.031416]
1.74269e+09,[0.031416]
1.74269e+09,[0.031416]
1.74269e+09,[0.031416]
1.74269e+09,[98.513199]
1.74269e+09,[0.031416]
1.74269e+09,[0.031416]
1.74269e+09,[0.031416]
1.74269e+09,[0.031416]
1.74269e+09,[0.031416]
1.74269e+09,[126.393700]
1.74269e+09,[0.031416]
1.74269e+09,[0.031416]
1.74269e+09,[0.031416]
1.74269e+09,[0.031416]
1.74269e+09,[0.031416]
1.74269e+09,[140.873993]
1.74269e+09,[0.031416]
1.74269e+09,[0.031416]
1.74269e+09,[0.031416]
1.74269e+09,[0.031416]
1.74269e+09,[0.031416]
1.74269e+09,[163.065338]
1.74269e+09,[0.031416]
1.74269e+09,[0.031416]
1.74269e+09,[0.031416]
1.74269e+09,[0.041888]
1.74269e+09,[0.031416]
1.74269e+09,[187.300369]
1.74269e+09,[0.041888]
1.74269e+09,[0.031416]
1.74269e+09,[0.041888]
1.74269e+09,[0.031416]
1.74269e+09,[0.052360]
1.74269e+09,[211.749146]
1.74269e+09,[0.031416]
1.74269e+09,[0.052360]
1.74269e+09,[0.031416]
1.74269e+09,[0.062832]
1.74269e+09,[0.031416]
1.74269e+09,[229.349792]
1.74269e+09,[0.062832]
1.74269e+09,[0.031416]
1.74269e+09,[0.073304]
1.74269e+09,[0.031416]
1.74269e+09,[0.073304]
1.74269e+09,[246.849350]
1.74269e+09,[0.041888]
1.74269e+09,[0.073304]
1.74269e+09,[0.052360]
1.74269e+09,[0.083776]
1.74269e+09,[0.052360]
1.74269e+09,[275.584961]
1.74269e+09,[0.083776]
1.74269e+09,[0.062832]
1.74269e+09,[0.094248]
1.74269e+09,[0.073304]
1.74269e+09,[0.094248]
1.74269e+09,[311.791718]
1.74269e+09,[0.073304]
1.74269e+09,[0.104720]
1.74269e+09,[0.083776]
1.74269e+09,[0.104720]
1.74269e+09,[0.094248]
1.74269e+09,[341.379822]
1.74269e+09,[0.115192]
1.74269e+09,[0.104720]
1.74269e+09,[0.115192]
1.74269e+09,[0.115192]
1.74269e+09,[0.125664]
1.74269e+09,[367.810577]
1.74269e+09,[0.125664]
1.74269e+09,[0.136136]
1.74269e+09,[0.136136]
1.74269e+09,[0.136136]
1.74269e+09,[0.136136]
1.74269e+09,[397.667084]
1.74269e+09,[0.146608]
1.74269e+09,[0.146608]
1.74269e+09,[0.157080]
1.74269e+09,[0.157080]
1.74269e+09,[0.157080]
1.74269e+09,[424.803284]
1.74269e+09,[0.157080]
1.74269e+09,[0.167552]
1.74269e+09,[0.167552]
1.74269e+09,[0.178024]
1.74269e+09,[0.178024]
1.74269e+09,[458.261292]
1.74269e+09,[0.178024]
1.74269e+09,[0.188496]
1.74269e+09,[0.188496]
1.74269e+09,[0.188496]
1.74269e+09,[0.198968]
1.74269e+09,[481.875031]
1.74269e+09,[0.198968]
1.74269e+09,[0.198968]
1.74269e+09,[0.209440]
1.74269e+09,[0.209440]
1.74269e+09,[0.209440]
1.74269e+09,[499.443542]
1.74269e+09,[0.219911]
1.74269e+09,[0.219911]
1.74269e+09,[0.219911]
1.74269e+09,[0.230383]
1.74269e+09,[0.230383]
1.74269e+09,[526.839600]
1.74269e+09,[0.230383]
1.74269e+09,[0.240855]
1.74269e+09,[0.240855]
1.74269e+09,[0.240855]
1.74269e+09,[0.251327]
1.74269e+09,[544.551880]
1.74269e+09,[0.251327]
1.74269e+09,[0.251327]
1.74269e+09,[0.261799]
1.74269e+09,[0.261799]
1.74269e+09,[0.261799]
1.74269e+09,[562.607056]
1.74269e+09,[0.272271]
1.74269e+09,[0.272271]
1.74269e+09,[0.282743]
1.74269e+09,[0.282743]
1.74269e+09,[0.293215]
1.74269e+09,[589.196289]
1.74269e+09,[0.293215]
1.74269e+09,[0.303687]
1.74269e+09,[0.303687]
1.74269e+09,[0.314159]
1.74269e+09,[0.314159]
1.74269e+09,[616.363403]
1.74269e+09,[0.324631]
1.74269e+09,[0.324631]
1.74269e+09,[0.335103]
1.74269e+09,[0.324631]
1.74269e+09,[0.356047]
1.74269e+09,[643.209473]
1.74269e+09,[0.335103]
1.74269e+09,[0.366519]
1.74269e+09,[0.345575]
1.74269e+09,[0.376991]
1.74269e+09,[0.356047]
1.74269e+09,[666.678650]
1.74269e+09,[0.387463]
1.74269e+09,[0.366519]
1.74269e+09,[0.397935]
1.74269e+09,[0.376991]
1.74269e+09,[0.408407]
1.74269e+09,[690.541260]
1.74269e+09,[0.387463]
1.74269e+09,[0.418879]
1.74269e+09,[0.387463]
1.74269e+09,[0.429351]
1.74269e+09,[0.397935]
1.74269e+09,[709.999146]
1.74269e+09,[0.439823]
1.74269e+09,[0.408407]
1.74269e+09,[0.450295]
1.74269e+09,[0.418879]
1.74269e+09,[0.450295]
1.74269e+09,[729.672485]
1.74269e+09,[0.429351]
1.74269e+09,[0.460767]
1.74269e+09,[0.429351]
1.74269e+09,[0.471239]
1.74269e+09,[0.439823]
1.74269e+09,[749.511414]
1.74269e+09,[0.481711]
1.74269e+09,[0.450295]
1.74269e+09,[0.481711]
1.74269e+09,[0.460767]
1.74269e+09,[0.492183]
1.74269e+09,[767.022339]
1.74269e+09,[0.471239]
1.74269e+09,[0.492183]
1.74269e+09,[0.471239]
1.74269e+09,[0.502655]
1.74269e+09,[0.481711]
1.74269e+09,[775.142883]
1.74269e+09,[0.502655]
1.74269e+09,[0.492183]
1.74269e+09,[0.513127]
1.74269e+09,[0.492183]
1.74269e+09,[0.513127]
1.74269e+09,[779.173340]
1.74269e+09,[0.502655]
1.74269e+09,[0.513127]
1.74269e+09,[0.502655]
1.74269e+09,[0.523599]
1.74269e+09,[0.502655]
1.74269e+09,[782.089905]
1.74269e+09,[0.523599]
1.74269e+09,[0.513127]
1.74269e+09,[0.523599]
1.74269e+09,[0.513127]
1.74269e+09,[0.523599]
1.74269e+09,[780.628418]
1.74269e+09,[0.513127]
1.74269e+09,[0.534071]
1.74269e+09,[0.513127]
1.74269e+09,[0.534071]
1.74269e+09,[0.513127]
1.74269e+09,[778.255310]
1.74269e+09,[0.534071]
1.74269e+09,[0.523599]
1.74269e+09,[0.534071]
1.74269e+09,[0.523599]
1.74269e+09,[0.534071]
1.74269e+09,[777.431458]
1.74269e+09,[0.523599]
1.74269e+09,[0.534071]
1.74269e+09,[0.523599]
1.74269e+09,[0.534071]
1.74269e+09,[0.523599]
1.74269e+09,[771.126709]
1.74269e+09,[0.534071]
1.74269e+09,[0.523599]
1.74269e+09,[0.534071]
1.74269e+09,[0.523599]
1.74269e+09,[0.534071]
1.74269e+09,[765.940613]
1.74269e+09,[0.523599]
1.74269e+09,[0.534071]
1.74269e+09,[0.523599]
1.74269e+09,[0.534071]
1.74269e+09,[0.523599]
1.74269e+09,[761.702637]
1.74269e+09,[0.534071]
1.74269e+09,[0.523599]
1.74269e+09,[0.534071]
1.74269e+09,[0.523599]
1.74269e+09,[0.534071]
1.74269e+09,[758.441223]
1.74269e+09,[0.523599]
1.74269e+09,[0.534071]
1.74269e+09,[0.523599]
1.74269e+09,[0.534071]
1.74269e+09,[0.523599]
1.74269e+09,[755.041565]
1.74269e+09,[0.534071]
1.74269e+09,[0.523599]
1.74269e+09,[0.534071]
1.74269e+09,[0.523599]
1.74269e+09,[0.534071]
1.74269e+09,[754.071655]
1.74269e+09,[0.523599]
1.74269e+09,[0.534071]
1.74269e+09,[0.523599]
1.74269e+09,[0.534071]
1.74269e+09,[0.523599]
1.74269e+09,[753.613403]
1.74269e+09,[0.534071]
1.74269e+09,[0.523599]
1.74269e+09,[0.534071]
1.74269e+09,[0.523599]
1.74269e+09,[0.523599]
1.74269e+09,[747.728760]
1.74269e+09,[0.523599]
1.74269e+09,[0.523599]
1.74269e+09,[0.523599]
1.74269e+09,[0.523599]
1.74269e+09,[0.523599]
1.74269e+09,[748.789734]
1.74269e+09,[0.513127]
1.74269e+09,[0.523599]
1.74269e+09,[0.513127]
1.74269e+09,[0.523599]
1.74269e+09,[0.513127]
1.74269e+09,[744.092041]
1.74269e+09,[0.523599]
1.74269e+09,[0.502655]
1.74269e+09,[0.513127]
1.74269e+09,[0.502655]
1.74269e+09,[0.513127]
1.74269e+09,[731.459717]
1.74269e+09,[0.502655]
1.74269e+09,[0.513127]
1.74269e+09,[0.492183]
1.74269e+09,[0.502655]
1.74269e+09,[0.492183]
1.74269e+09,[720.496826]
1.74269e+09,[0.502655]
1.74269e+09,[0.481711]
1.74269e+09,[0.492183]
1.74269e+09,[0.481711]
1.74269e+09,[0.492183]
1.74269e+09,[708.253235]
1.74269e+09,[0.471239]
1.74269e+09,[0.481711]
1.74269e+09,[0.471239]
1.74269e+09,[0.481711]
1.74269e+09,[0.460767]
1.74269e+09,[690.349304]
1.74269e+09,[0.481711]
1.74269e+09,[0.460767]
1.74269e+09,[0.471239]
1.74269e+09,[0.450295]
1.74269e+09,[0.471239]
1.74269e+09,[679.384277]
1.74269e+09,[0.450295]
1.74269e+09,[0.460767]
1.74269e+09,[0.439823]
1.74269e+09,[0.460767]
1.74269e+09,[0.439823]
1.74269e+09,[667.770569]
1.74269e+09,[0.460767]
1.74269e+09,[0.429351]
1.74269e+09,[0.450295]
1.74269e+09,[0.429351]
1.74269e+09,[0.450295]
1.74269e+09,[657.457581]
1.74269e+09,[0.418879]
1.74269e+09,[0.439823]
1.74269e+09,[0.418879]
1.74269e+09,[0.439823]
1.74269e+09,[0.408407]
1.74269e+09,[640.037476]
1.74269e+09,[0.429351]
1.74269e+09,[0.408407]
1.74269e+09,[0.429351]
1.74269e+09,[0.397935]
1.74269e+09,[0.418879]
1.74269e+09,[625.312134]
1.74269e+09,[0.387463]
1.74269e+09,[0.418879]
1.74269e+09,[0.387463]
1.74269e+09,[0.418879]
1.74269e+09,[0.376991]
1.74269e+09,[615.568542]
1.74269e+09,[0.408407]
1.74269e+09,[0.376991]
1.74269e+09,[0.408407]
1.74269e+09,[0.366519]
1.74269e+09,[0.397935]
1.74269e+09,[597.792236]
1.74269e+09,[0.356047]
1.74269e+09,[0.397935]
1.74269e+09,[0.345575]
1.74269e+09,[0.387463]
1.74269e+09,[0.345575]
1.74269e+09,[582.134705]
1.74269e+09,[0.387463]
1.74269e+09,[0.335103]
1.74269e+09,[0.376991]
1.74269e+09,[0.335103]
1.74269e+09,[0.366519]
1.74269e+09,[562.875244]
1.74269e+09,[0.324631]
1.74269e+09,[0.366519]
1.74269e+09,[0.314159]
1.74269e+09,[0.356047]
1.74269e+09,[0.303687]
1.74269e+09,[538.698547]
1.74269e+09,[0.345575]
1.74269e+09,[0.303687]
1.74269e+09,[0.345575]
1.74269e+09,[0.293215]
1.74269e+09,[0.335103]
1.74269e+09,[519.588379]
1.74269e+09,[0.282743]
1.74269e+09,[0.324631]
1.74269e+09,[0.282743]
1.74269e+09,[0.324631]
1.74269e+09,[0.272271]
1.74269e+09,[501.594360]
1.74269e+09,[0.314159]
1.74269e+09,[0.261799]
1.74269e+09,[0.303687]
1.74269e+09,[0.251327]
1.74269e+09,[0.303687]
1.74269e+09,[477.222717]
1.74269e+09,[0.251327]
1.74269e+09,[0.293215]
1.74269e+09,[0.240855]
1.74269e+09,[0.293215]
1.74269e+09,[0.230383]
1.74269e+09,[459.863342]
1.74269e+09,[0.282743]
1.74269e+09,[0.219911]
1.74269e+09,[0.282743]
1.74269e+09,[0.209440]
1.74269e+09,[0.272271]
1.74269e+09,[436.334442]
1.74269e+09,[0.209440]
1.74269e+09,[0.272271]
1.74269e+09,[0.198968]
1.74269e+09,[0.272271]
1.74269e+09,[0.198968]
1.74269e+09,[431.344696]
1.74269e+09,[0.261799]
1.74269e+09,[0.188496]
1.74269e+09,[0.261799]
1.74269e+09,[0.178024]
1.74269e+09,[0.261799]
1.74269e+09,[415.210632]
1.74269e+09,[0.178024]
1.74269e+09,[0.251327]
1.74269e+09,[0.167552]
1.74269e+09,[0.251327]
1.74269e+09,[0.167552]
1.74269e+09,[404.128693]
1.74269e+09,[0.251327]
1.74269e+09,[0.157080]
1.74269e+09,[0.240855]
1.74269e+09,[0.157080]
1.74269e+09,[0.240855]
1.74269e+09,[396.799988]
1.74269e+09,[0.146608]
1.74269e+09,[0.230383]
1.74269e+09,[0.146608]
1.74269e+09,[0.230383]
1.74269e+09,[0.136136]
1.74269e+09,[382.294708]
1.74269e+09,[0.219911]
1.74269e+09,[0.136136]
1.74269e+09,[0.219911]
1.74269e+09,[0.125664]
1.74269e+09,[0.209440]
1.74269e+09,[355.761169]
1.74269e+09,[0.115192]
1.74269e+09,[0.209440]
1.74269e+09,[0.115192]
1.74269e+09,[0.198968]
1.74269e+09,[0.104720]
1.74269e+09,[335.636810]
1.74269e+09,[0.198968]
1.74269e+09,[0.104720]
1.74269e+09,[0.188496]
1.74269e+09,[0.094248]
1.74269e+09,[0.188496]
1.74269e+09,[315.183868]
1.74269e+09,[0.094248]
1.74269e+09,[0.178024]
1.74269e+09,[0.083776]
1.74269e+09,[0.178024]
1.74269e+09,[0.083776]
1.74269e+09,[287.902252]
1.74269e+09,[0.167552]
1.74269e+09,[0.073304]
1.74269e+09,[0.167552]
1.74269e+09,[0.073304]
1.74269e+09,[0.157080]
1.74269e+09,[260.906769]
1.74269e+09,[0.073304]
1.74269e+09,[0.157080]
1.74269e+09,[0.062832]
1.74269e+09,[0.157080]
1.74269e+09,[0.062832]
1.74269e+09,[239.761108]
1.74269e+09,[0.157080]
1.74269e+09,[0.062832]
1.74269e+09,[0.157080]
1.74269e+09,[0.062832]
1.74269e+09,[0.157080]
1.74269e+09,[229.235458]
1.74269e+09,[0.062832]
1.74269e+09,[0.157080]
1.74269e+09,[0.062832]
1.74269e+09,[0.157080]
1.74269e+09,[0.052360]
1.74269e+09,[201.951172]
1.74269e+09,[0.157080]
1.74269e+09,[0.052360]
1.74269e+09,[0.157080]
1.74269e+09,[0.052360]
1.74269e+09,[0.157080]
1.74269e+09,[195.492905]
1.74269e+09,[0.052360]
1.74269e+09,[0.157080]
1.74269e+09,[0.052360]
1.74269e+09,[0.157080]
1.74269e+09,[0.052360]
1.74269e+09,[186.369339]
1.74269e+09,[0.157080]
1.74269e+09,[0.052360]
1.74269e+09,[0.157080]
1.74269e+09,[0.052360]
1.74269e+09,[0.157080]
1.74269e+09,[178.052277]
1.74269e+09,[0.052360]
1.74269e+09,[0.157080]
1.74269e+09,[0.062832]
1.74269e+09,[0.157080]
1.74269e+09,[0.062832]
1.74269e+09,[183.799133]
1.74269e+09,[0.157080]
1.74269e+09,[0.062832]
1.74269e+09,[0.157080]
1.74269e+09,[0.073304]
1.74269e+09,[0.167552]
1.74269e+09,[189.498352]
1.74269e+09,[0.073304]
1.74269e+09,[0.167552]
1.74269e+09,[0.083776]
1.74269e+09,[0.178024]
1.74269e+09,[0.083776]
1.74269e+09,[199.765732]
1.74269e+09,[0.188496]
1.74269e+09,[0.094248]
1.74269e+09,[0.188496]
1.74269e+09,[0.104720]
1.74269e+09,[0.198968]
1.74269e+09,[227.149521]
1.74269e+09,[0.104720]
1.74269e+09,[0.198968]
1.74269e+09,[0.115192]
1.74269e+09,[0.209440]
1.74269e+09,[0.115192]
1.74269e+09,[241.240219]
1.74269e+09,[0.209440]
1.74269e+09,[0.125664]
1.74269e+09,[0.219911]
1.74269e+09,[0.136136]
1.74269e+09,[0.219911]
1.74269e+09,[266.025421]
1.74269e+09,[0.136136]
1.74269e+09,[0.230383]
1.74269e+09,[0.146608]
1.74269e+09,[0.240855]
1.74269e+09,[0.157080]
1.74269e+09,[299.543549]
1.74269e+09,[0.240855]
1.74269e+09,[0.167552]
1.74269e+09,[0.240855]
1.74269e+09,[0.167552]
1.74269e+09,[0.251327]
1.74269e+09,[317.431702]
1.74269e+09,[0.178024]
1.74269e+09,[0.251327]
1.74269e+09,[0.188496]
1.74269e+09,[0.261799]
1.74269e+09,[0.188496]
1.74269e+09,[345.149170]
1.74269e+09,[0.261799]
1.74269e+09,[0.198968]
1.74269e+09,[0.272271]
1.74269e+09,[0.209440]
1.74269e+09,[0.272271]
1.74269e+09,[372.746185]
1.74269e+09,[0.219911]
1.74269e+09,[0.282743]
1.74269e+09,[0.219911]
1.74269e+09,[0.282743]
1.74269e+09,[0.230383]
1.74269e+09,[401.102600]
1.74269e+09,[0.293215]
1.74269e+09,[0.240855]
1.74269e+09,[0.293215]
1.74269e+09,[0.251327]
1.74269e+09,[0.303687]
1.74269e+09,[433.762146]
1.74269e+09,[0.261799]
1.74269e+09,[0.303687]
1.74269e+09,[0.261799]
1.74269e+09,[0.314159]
1.74269e+09,[0.272271]
1.74269e+09,[461.954926]
1.74269e+09,[0.314159]
1.74269e+09,[0.272271]
1.74269e+09,[0.324631]
1.74269e+09,[0.282743]
1.74269e+09,[0.324631]
1.74269e+09,[482.926819]
1.74269e+09,[0.293215]
1.74269e+09,[0.324631]
1.74269e+09,[0.293215]
1.74269e+09,[0.335103]
1.74269e+09,[0.293215]
1.74269e+09,[504.560059]
1.74269e+09,[0.335103]
1.74269e+09,[0.303687]
1.74269e+09,[0.345575]
1.74269e+09,[0.303687]
1.74269e+09,[0.345575]
1.74269e+09,[523.091492]
1.74269e+09,[0.314159]
1.74269e+09,[0.345575]
1.74269e+09,[0.324631]
1.74269e+09,[0.356047]
1.74269e+09,[0.324631]
1.74269e+09,[548.310852]
1.74269e+09,[0.366519]
1.74269e+09,[0.335103]
1.74269e+09,[0.376991]
1.74269e+09,[0.345575]
1.74269e+09,[0.376991]
1.74269e+09,[575.875549]
1.74269e+09,[0.345575]
1.74269e+09,[0.387463]
1.74269e+09,[0.356047]
1.74269e+09,[0.387463]
1.74269e+09,[0.366519]
1.74269e+09,[597.402954]
1.74269e+09,[0.397935]
1.74269e+09,[0.366519]
1.74269e+09,[0.397935]
1.74269e+09,[0.376991]
1.74269e+09,[0.408407]
1.74269e+09,[619.078979]
1.74269e+09,[0.387463]
1.74269e+09,[0.408407]
1.74269e+09,[0.387463]
1.74269e+09,[0.418879]
1.74269e+09,[0.397935]
1.74269e+09,[639.528809]
1.74269e+09,[0.429351]
1.74269e+09,[0.408407]
1.74269e+09,[0.439823]
1.74269e+09,[0.418879]
1.74269e+09,[0.450295]
1.74269e+09,[670.449219]
1.74269e+09,[0.429351]
1.74269e+09,[0.450295]
1.74269e+09,[0.439823]
1.74269e+09,[0.460767]
1.74269e+09,[0.439823]
1.74269e+09,[688.770142]
1.74269e+09,[0.471239]
1.74269e+09,[0.450295]
1.74269e+09,[0.471239]
1.74269e+09,[0.460767]
1.74269e+09,[0.481711]
1.74269e+09,[713.318176]
1.74269e+09,[0.471239]
1.74269e+09,[0.481711]
1.74269e+09,[0.481711]
1.74269e+09,[0.492183]
1.74269e+09,[0.481711]
1.74269e+09,[731.558655]
1.74269e+09,[0.502655]
1.74269e+09,[0.492183]
1.74269e+09,[0.502655]
1.74269e+09,[0.492183]
1.74269e+09,[0.513127]
1.74269e+09,[749.950378]
1.74269e+09,[0.502655]
1.74269e+09,[0.523599]
1.74269e+09,[0.502655]
1.74269e+09,[0.523599]
1.74269e+09,[0.513127]
1.74269e+09,[766.768982]
1.74269e+09,[0.534071]
1.74269e+09,[0.513127]
1.74269e+09,[0.544543]
1.74269e+09,[0.523599]
1.74269e+09,[0.544543]
1.74269e+09,[784.016846]
1.74269e+09,[0.523599]
1.74269e+09,[0.544543]
1.74269e+09,[0.523599]
1.74269e+09,[0.555015]
1.74269e+09,[0.534071]
1.74269e+09,[789.263245]
1.74269e+09,[0.555015]
1.74269e+09,[0.534071]
1.74269e+09,[0.565487]
1.74269e+09,[0.534071]
1.74269e+09,[0.565487]
1.74269e+09,[797.630005]
1.74269e+09,[0.534071]
1.74269e+09,[0.575959]
1.74269e+09,[0.544543]
1.74269e+09,[0.575959]
1.74269e+09,[0.544543]
1.74269e+09,[806.824768]
1.74269e+09,[0.575959]
1.74269e+09,[0.544543]
1.74269e+09,[0.575959]
1.74269e+09,[0.544543]
1.74269e+09,[0.575959]
1.74269e+09,[804.582031]
1.74269e+09,[0.544543]
1.74269e+09,[0.575959]
1.74269e+09,[0.544543]
1.74269e+09,[0.575959]
1.74269e+09,[0.544543]
1.74269e+09,[800.656738]
1.74269e+09,[0.575959]
1.74269e+09,[0.544543]
1.74269e+09,[0.575959]
1.74269e+09,[0.544543]
1.74269e+09,[0.575959]
1.74269e+09,[798.331909]
1.74269e+09,[0.544543]
1.74269e+09,[0.575959]
1.74269e+09,[0.544543]
1.74269e+09,[0.575959]
1.74269e+09,[0.544543]
1.74269e+09,[795.366333]
1.74269e+09,[0.575959]
1.74269e+09,[0.544543]
1.74269e+09,[0.575959]
1.74269e+09,[0.544543]
1.74269e+09,[0.575959]
1.74269e+09,[794.401306]
1.74269e+09,[0.544543]
1.74269e+09,[0.575959]
1.74269e+09,[0.544543]
1.74269e+09,[0.575959]
1.74269e+09,[0.544543]
1.74269e+09,[793.768860]
1.74269e+09,[0.575959]
1.74269e+09,[0.544543]
1.74269e+09,[0.575959]
1.74269e+09,[0.544543]
1.74269e+09,[0.575959]
1.74269e+09,[794.555054]
1.74269e+09,[0.544543]
1.74269e+09,[0.565487]
1.74269e+09,[0.544543]
1.74269e+09,[0.565487]
1.74269e+09,[0.534071]
1.74269e+09,[782.375366]
1.74269e+09,[0.565487]
1.74269e+09,[0.534071]
1.74269e+09,[0.555015]
1.74269e+09,[0.523599]
1.74269e+09,[0.555015]
1.74269e+09,[771.042664]
1.74269e+09,[0.523599]
1.74269e+09,[0.544543]
1.74269e+09,[0.513127]
1.74269e+09,[0.534071]
1.74269e+09,[0.513127]
1.74269e+09,[753.215027]
1.74269e+09,[0.534071]
1.74269e+09,[0.502655]
1.74269e+09,[0.523599]
1.74269e+09,[0.502655]
1.74269e+09,[0.523599]
1.74269e+09,[742.451233]
1.74269e+09,[0.492183]
1.74269e+09,[0.513127]
1.74269e+09,[0.492183]
1.74269e+09,[0.513127]
1.74269e+09,[0.481711]
1.74269e+09,[724.629272]
1.74269e+09,[0.502655]
1.74269e+09,[0.471239]
1.74269e+09,[0.492183]
1.74269e+09,[0.460767]
1.74269e+09,[0.492183]
1.74269e+09,[699.515076]
1.74269e+09,[0.460767]
1.74269e+09,[0.481711]
1.74269e+09,[0.450295]
1.74269e+09,[0.481711]
1.74269e+09,[0.450295]
1.74269e+09,[688.939453]
1.74269e+09,[0.471239]
1.74269e+09,[0.439823]
1.74269e+09,[0.471239]
1.74269e+09,[0.429351]
1.74269e+09,[0.460767]
1.74269e+09,[665.742920]
1.74269e+09,[0.429351]
1.74269e+09,[0.460767]
1.74269e+09,[0.418879]
1.74269e+09,[0.450295]
1.74269e+09,[0.408407]
1.74269e+09,[648.037903]
1.74269e+09,[0.439823]
1.74269e+09,[0.408407]
1.74269e+09,[0.439823]
1.74269e+09,[0.397935]
1.74269e+09,[0.429351]
1.74269e+09,[628.481750]
1.74269e+09,[0.387463]
1.74269e+09,[0.418879]
1.74269e+09,[0.387463]
1.74269e+09,[0.418879]
1.74269e+09,[0.376991]
1.74269e+09,[608.930847]
1.74269e+09,[0.418879]
1.74269e+09,[0.366519]
1.74269e+09,[0.408407]
1.74269e+09,[0.366519]
1.74269e+09,[0.397935]
1.74269e+09,[591.698547]
1.74269e+09,[0.345575]
1.74269e+09,[0.397935]
1.74269e+09,[0.345575]
1.74269e+09,[0.387463]
1.74269e+09,[0.335103]
1.74269e+09,[565.966064]
1.74269e+09,[0.387463]
1.74269e+09,[0.324631]
1.74269e+09,[0.376991]
1.74269e+09,[0.314159]
1.74269e+09,[0.366519]
1.74269e+09,[540.101196]
1.74269e+09,[0.303687]
1.74269e+09,[0.366519]
1.74269e+09,[0.293215]
1.74269e+09,[0.356047]
1.74269e+09,[0.282743]
1.74269e+09,[514.697449]
1.74269e+09,[0.356047]
1.74269e+09,[0.282743]
1.74269e+09,[0.345575]
1.74269e+09,[0.272271]
1.74269e+09,[0.345575]
1.74269e+09,[501.915283]
1.74269e+09,[0.261799]
1.74269e+09,[0.335103]
1.74269e+09,[0.261799]
1.74269e+09,[0.335103]
1.74269e+09,[0.251327]
1.74269e+09,[483.100525]
1.74269e+09,[0.324631]
1.74269e+09,[0.240855]
1.74269e+09,[0.314159]
1.74269e+09,[0.240855]
1.74269e+09,[0.314159]
1.74269e+09,[463.943481]
1.74269e+09,[0.230383]
1.74269e+09,[0.303687]
1.74269e+09,[0.219911]
1.74269e+09,[0.303687]
1.74269e+09,[0.219911]
1.74269e+09,[445.577087]
1.74269e+09,[0.293215]
1.74269e+09,[0.209440]
1.74269e+09,[0.293215]
1.74269e+09,[0.198968]
1.74269e+09,[0.282743]
1.74269e+09,[421.104492]
1.74269e+09,[0.188496]
1.74269e+09,[0.282743]
1.74269e+09,[0.178024]
1.74269e+09,[0.272271]
1.74269e+09,[0.178024]
1.74269e+09,[403.640076]
1.74269e+09,[0.272271]
1.74269e+09,[0.167552]
1.74269e+09,[0.261799]
1.74269e+09,[0.157080]
1.74269e+09,[0.251327]
1.74269e+09,[380.402985]
1.74269e+09,[0.146608]
1.74269e+09,[0.251327]
1.74269e+09,[0.146608]
1.74269e+09,[0.240855]
1.74269e+09,[0.136136]
1.74269e+09,[358.585419]
1.74269e+09,[0.240855]
1.74269e+09,[0.125664]
1.74269e+09,[0.230383]
1.74269e+09,[0.125664]
1.74269e+09,[0.219911]
1.74269e+09,[337.495667]
1.74269e+09,[0.115192]
1.74269e+09,[0.219911]
1.74269e+09,[0.104720]
1.74269e+09,[0.209440]
1.74269e+09,[0.104720]
1.74269e+09,[316.126892]
1.74269e+09,[0.209440]
1.74269e+09,[0.104720]
1.74269e+09,[0.198968]
1.74269e+09,[0.094248]
1.74269e+09,[0.188496]
1.74269e+09,[285.125183]
1.74269e+09,[0.083776]
1.74269e+09,[0.188496]
1.74269e+09,[0.083776]
1.74269e+09,[0.178024]
1.74269e+09,[0.073304]
1.74269e+09,[257.533142]
1.74269e+09,[0.167552]
1.74269e+09,[0.073304]
1.74269e+09,[0.167552]
1.74269e+09,[0.073304]
1.74269e+09,[0.167552]
1.74269e+09,[240.756790]
1.74269e+09,[0.062832]
1.74269e+09,[0.167552]
1.74269e+09,[0.062832]
1.74269e+09,[0.157080]
1.74269e+09,[0.062832]
1.74269e+09,[219.663773]
1.74269e+09,[0.157080]
1.74269e+09,[0.052360]
1.74269e+09,[0.157080]
1.74269e+09,[0.052360]
1.74269e+09,[0.157080]
1.74269e+09,[198.831757]
1.74269e+09,[0.041888]
1.74269e+09,[0.146608]
1.74269e+09,[0.041888]
1.74269e+09,[0.146608]
1.74269e+09,[0.031416]
1.74269e+09,[160.552597]
1.74269e+09,[0.146608]
1.74269e+09,[0.031416]
1.74269e+09,[0.136136]
1.74269e+09,[0.031416]
1.74269e+09,[0.136136]
1.74269e+09,[136.528351]
1.74269e+09,[0.020944]
1.74269e+09,[0.136136]
1.74269e+09,[0.020944]
1.74269e+09,[0.136136]
1.74269e+09,[0.020944]
1.74269e+09,[123.359879]
1.74269e+09,[0.136136]
1.74269e+09,[0.020944]
1.74269e+09,[0.136136]
1.74269e+09,[0.020944]
1.74269e+09,[0.136136]
1.74269e+09,[124.598961]
1.74269e+09,[0.020944]
1.74269e+09,[0.136136]
1.74269e+09,[0.020944]
1.74269e+09,[0.125664]
1.74269e+09,[0.020944]
1.74269e+09,[135.656235]
1.74269e+09,[0.125664]
1.74269e+09,[0.020944]
1.74269e+09,[0.125664]
1.74269e+09,[0.020944]
1.74269e+09,[0.125664]
1.74269e+09,[153.239929]
1.74269e+09,[0.020944]
1.74269e+09,[0.125664]
1.74269e+09,[0.020944]
1.74269e+09,[0.125664]
1.74269e+09,[0.020944]
1.74269e+09,[180.741943]
1.74269e+09,[0.125664]
1.74269e+09,[0.020944]
1.74269e+09,[0.125664]
1.74269e+09,[0.020944]
1.74269e+09,[0.125664]
1.74269e+09,[195.149658]
1.74269e+09,[0.020944]
1.74269e+09,[0.125664]
1.74269e+09,[0.020944]
1.74269e+09,[0.125664]
1.74269e+09,[0.020944]
1.74269e+09,[226.504730]
1.74269e+09,[0.125664]
1.74269e+09,[0.020944]
1.74269e+09,[0.125664]
1.74269e+09,[0.020944]
1.74269e+09,[0.125664]
1.74269e+09,[249.097214]
1.74269e+09,[0.020944]
1.74269e+09,[0.125664]
1.74269e+09,[0.020944]
1.74269e+09,[0.125664]
1.74269e+09,[0.020944]
1.74269e+09,[277.482788]
1.74269e+09,[0.125664]
1.74269e+09,[0.020944]
1.74269e+09,[0.125664]
1.74269e+09,[0.020944]
1.74269e+09,[0.125664]
1.74269e+09,[296.576294]
1.74269e+09,[0.020944]
1.74269e+09,[0.125664]
1.74269e+09,[0.020944]
1.74269e+09,[0.125664]
1.74269e+09,[0.031416]
1.74269e+09,[318.595306]
1.74269e+09,[0.125664]
1.74269e+09,[0.031416]
1.74269e+09,[0.125664]
1.74269e+09,[0.041888]
1.74269e+09,[0.125664]
1.74269e+09,[347.007507]
1.74269e+09,[0.041888]
1.74269e+09,[0.125664]
1.74269e+09,[0.052360]
1.74269e+09,[0.125664]
1.74269e+09,[0.062832]
1.74269e+09,[370.899750]
1.74269e+09,[0.125664]
1.74269e+09,[0.073304]
1.74269e+09,[0.136136]
1.74269e+09,[0.083776]
1.74269e+09,[0.136136]
1.74269e+09,[405.344971]
1.74269e+09,[0.094248]
1.74269e+09,[0.146608]
1.74269e+09,[0.104720]
1.74269e+09,[0.146608]
1.74269e+09,[0.104720]
1.74269e+09,[433.534943]
1.74269e+09,[0.157080]
1.74269e+09,[0.115192]
1.74269e+09,[0.167552]
1.74269e+09,[0.125664]
1.74269e+09,[0.178024]
1.74269e+09,[468.767273]
1.74269e+09,[0.136136]
1.74269e+09,[0.178024]
1.74269e+09,[0.136136]
1.74269e+09,[0.188496]
1.74269e+09,[0.146608]
1.74269e+09,[484.515350]
1.74269e+09,[0.198968]
1.74269e+09,[0.146608]
1.74269e+09,[0.198968]
1.74269e+09,[0.157080]
1.74269e+09,[0.209440]
1.74269e+09,[507.719421]
1.74269e+09,[0.157080]
1.74269e+09,[0.219911]
1.74269e+09,[0.167552]
1.74269e+09,[0.230383]
1.74269e+09,[0.178024]
1.74269e+09,[533.595337]
1.74269e+09,[0.240855]
1.74269e+09,[0.178024]
1.74269e+09,[0.240855]
1.74269e+09,[0.188496]
1.74269e+09,[0.251327]
1.74269e+09,[550.436157]
1.74269e+09,[0.198968]
1.74269e+09,[0.261799]
1.74269e+09,[0.209440]
1.74269e+09,[0.272271]
1.74269e+09,[0.219911]
1.74269e+09,[574.621216]
1.74269e+09,[0.282743]
1.74269e+09,[0.230383]
1.74269e+09,[0.293215]
1.74269e+09,[0.240855]
1.74269e+09,[0.303687]
1.74269e+09,[595.290771]
1.74269e+09,[0.251327]
1.74269e+09,[0.314159]
1.74269e+09,[0.261799]
1.74269e+09,[0.324631]
1.74269e+09,[0.272271]
1.74269e+09,[615.595154]
1.74269e+09,[0.335103]
1.74269e+09,[0.282743]
1.74269e+09,[0.345575]
1.74269e+09,[0.282743]
1.74269e+09,[0.345575]
1.74269e+09,[629.257141]
1.74269e+09,[0.293215]
1.74269e+09,[0.356047]
1.74269e+09,[0.303687]
1.74269e+09,[0.356047]
1.74269e+09,[0.314159]
1.74269e+09,[645.850342]
1.74269e+09,[0.366519]
1.74269e+09,[0.314159]
1.74269e+09,[0.376991]
1.74269e+09,[0.324631]
1.74269e+09,[0.376991]
1.74269e+09,[656.625427]
1.74269e+09,[0.324631]
1.74269e+09,[0.387463]
1.74269e+09,[0.335103]
1.74269e+09,[0.387463]
1.74269e+09,[0.335103]
1.74269e+09,[662.722961]
1.74269e+09,[0.397935]
1.74269e+09,[0.345575]
1.74269e+09,[0.397935]
1.74269e+09,[0.345575]
1.74269e+09,[0.408407]
1.74269e+09,[671.962097]
1.74269e+09,[0.356047]
1.74269e+09,[0.408407]
1.74269e+09,[0.356047]
1.74269e+09,[0.418879]
1.74269e+09,[0.356047]
1.74269e+09,[670.915710]
1.74269e+09,[0.418879]
1.74269e+09,[0.366519]
1.74269e+09,[0.429351]
1.74269e+09,[0.366519]
1.74269e+09,[0.439823]
1.74269e+09,[680.751648]
1.74269e+09,[0.376991]
1.74269e+09,[0.439823]
1.74269e+09,[0.376991]
1.74269e+09,[0.450295]
1.74269e+09,[0.387463]
1.74269e+09,[686.671570]
1.74269e+09,[0.450295]
1.74269e+09,[0.387463]
1.74269e+09,[0.460767]
1.74269e+09,[0.397935]
1.74269e+09,[0.460767]
1.74269e+09,[687.124451]
1.74269e+09,[0.408407]
1.74269e+09,[0.471239]
1.74269e+09,[0.408407]
1.74269e+09,[0.471239]
1.74269e+09,[0.418879]
1.74269e+09,[691.729736]
1.74269e+09,[0.481711]
1.74269e+09,[0.418879]
1.74269e+09,[0.481711]
1.74269e+09,[0.418879]
1.74269e+09,[0.481711]
1.74269e+09,[689.797913]
1.74269e+09,[0.429351]
1.74269e+09,[0.481711]
1.74269e+09,[0.429351]
1.74269e+09,[0.492183]
1.74269e+09,[0.429351]
1.74269e+09,[693.731812]
1.74269e+09,[0.492183]
1.74269e+09,[0.429351]
1.74269e+09,[0.492183]
1.74269e+09,[0.439823]
1.74269e+09,[0.492183]
1.74269e+09,[693.550903]
1.74269e+09,[0.439823]
1.74269e+09,[0.492183]
1.74269e+09,[0.439823]
1.74269e+09,[0.492183]
1.74269e+09,[0.439823]
1.74269e+09,[686.315613]
1.74269e+09,[0.492183]
1.74269e+09,[0.439823]
1.74269e+09,[0.492183]
1.74269e+09,[0.439823]
1.74269e+09,[0.492183]
1.74269e+09,[681.134216]
1.74269e+09,[0.439823]
1.74269e+09,[0.492183]
1.74269e+09,[0.439823]
1.74269e+09,[0.492183]
1.74269e+09,[0.439823]
1.74269e+09,[675.408569]
1.74269e+09,[0.492183]
1.74269e+09,[0.439823]
1.74269e+09,[0.492183]
1.74269e+09,[0.439823]
1.74269e+09,[0.492183]
1.74269e+09,[672.997070]
1.74269e+09,[0.439823]
1.74269e+09,[0.492183]
1.74269e+09,[0.439823]
1.74269e+09,[0.492183]
1.74269e+09,[0.439823]
1.74269e+09,[671.351990]
1.74269e+09,[0.492183]
1.74269e+09,[0.439823]
1.74269e+09,[0.492183]
1.74269e+09,[0.439823]
1.74269e+09,[0.492183]
1.74269e+09,[672.009888]
1.74269e+09,[0.439823]
1.74269e+09,[0.492183]
1.74269e+09,[0.439823]
1.74269e+09,[0.492183]
1.74269e+09,[0.429351]
1.74269e+09,[665.637329]
1.74269e+09,[0.492183]
1.74269e+09,[0.429351]
1.74269e+09,[0.492183]
1.74269e+09,[0.429351]
1.74269e+09,[0.492183]
1.74269e+09,[667.734924]
1.74269e+09,[0.429351]
1.74269e+09,[0.492183]
1.74269e+09,[0.418879]
1.74269e+09,[0.492183]
1.74269e+09,[0.418879]
1.74269e+09,[663.662231]
1.74269e+09,[0.492183]
1.74269e+09,[0.408407]
1.74269e+09,[0.492183]
1.74269e+09,[0.408407]
1.74269e+09,[0.492183]
1.74269e+09,[659.576172]
1.74269e+09,[0.397935]
1.74269e+09,[0.481711]
1.74269e+09,[0.387463]
1.74269e+09,[0.481711]
1.74269e+09,[0.387463]
1.74269e+09,[641.383423]
1.74269e+09,[0.471239]
1.74269e+09,[0.376991]
1.74269e+09,[0.460767]
1.74269e+09,[0.376991]
1.74269e+09,[0.450295]
1.74269e+09,[617.470947]
1.74269e+09,[0.366519]
1.74269e+09,[0.439823]
1.74269e+09,[0.356047]
1.74269e+09,[0.429351]
1.74269e+09,[0.345575]
1.74269e+09,[586.991028]
1.74269e+09,[0.418879]
1.74269e+09,[0.335103]
1.74269e+09,[0.418879]
1.74269e+09,[0.335103]
1.74269e+09,[0.408407]
1.74269e+09,[569.117859]
1.74269e+09,[0.324631]
1.74269e+09,[0.408407]
1.74269e+09,[0.314159]
1.74269e+09,[0.397935]
1.74269e+09,[0.303687]
1.74269e+09,[546.823669]
1.74269e+09,[0.397935]
1.74269e+09,[0.293215]
1.74269e+09,[0.387463]
1.74269e+09,[0.282743]
1.74269e+09,[0.376991]
1.74269e+09,[520.575317]
1.74269e+09,[0.282743]
1.74269e+09,[0.366519]
1.74269e+09,[0.272271]
1.74269e+09,[0.356047]
1.74269e+09,[0.261799]
1.74269e+09,[494.437195]
1.74269e+09,[0.356047]
1.74269e+09,[0.251327]
1.74269e+09,[0.345575]
1.74269e+09,[0.240855]
1.74269e+09,[0.345575]
1.74269e+09,[474.959076]
1.74269e+09,[0.230383]
1.74269e+09,[0.335103]
1.74269e+09,[0.219911]
1.74269e+09,[0.335103]
1.74269e+09,[0.209440]
1.74269e+09,[449.414124]
1.74269e+09,[0.324631]
1.74269e+09,[0.198968]
1.74269e+09,[0.314159]
1.74269e+09,[0.188496]
1.74269e+09,[0.303687]
1.74269e+09,[417.754639]
1.74269e+09,[0.178024]
1.74269e+09,[0.293215]
1.74269e+09,[0.167552]
1.74269e+09,[0.282743]
1.74269e+09,[0.157080]
1.74269e+09,[387.338104]
1.74269e+09,[0.282743]
1.74269e+09,[0.146608]
1.74269e+09,[0.272271]
1.74269e+09,[0.136136]
1.74269e+09,[0.261799]
1.74269e+09,[363.706543]
1.74269e+09,[0.125664]
1.74269e+09,[0.261799]
1.74269e+09,[0.115192]
1.74269e+09,[0.251327]
1.74269e+09,[0.104720]
1.74269e+09,[342.516327]
1.74269e+09,[0.240855]
1.74269e+09,[0.094248]
1.74269e+09,[0.240855]
1.74269e+09,[0.083776]
1.74269e+09,[0.230383]
1.74269e+09,[311.293976]
1.74269e+09,[0.073304]
1.74269e+09,[0.219911]
1.74269e+09,[0.062832]
1.74269e+09,[0.219911]
1.74269e+09,[0.052360]
1.74269e+09,[287.203064]
1.74269e+09,[0.209440]
1.74269e+09,[0.041888]
1.74269e+09,[0.209440]
1.74269e+09,[0.031416]
1.74269e+09,[0.198968]
1.74269e+09,[265.654297]
1.74269e+09,[0.020944]
1.74269e+09,[0.198968]
1.74269e+09,[0.010472]
1.74269e+09,[0.188496]
1.74269e+09,[0.000000]
1.74269e+09,[244.534607]
1.74269e+09,[0.178024]
1.74269e+09,[-0.000000]
1.74269e+09,[0.167552]
1.74269e+09,[-0.010472]
1.74269e+09,[0.167552]
1.74269e+09,[228.299194]
1.74269e+09,[-0.020944]
1.74269e+09,[0.157080]
1.74269e+09,[-0.020944]
1.74269e+09,[0.146608]
1.74269e+09,[-0.031416]
1.74269e+09,[207.162430]
1.74269e+09,[0.136136]
1.74269e+09,[-0.031416]
1.74269e+09,[0.125664]
1.74269e+09,[-0.041888]
1.74269e+09,[0.115192]
1.74269e+09,[180.095612]
1.74269e+09,[-0.041888]
1.74269e+09,[0.115192]
1.74269e+09,[-0.041888]
1.74269e+09,[0.104720]
1.74269e+09,[-0.052360]
1.74269e+09,[165.439163]
1.74269e+09,[0.094248]
1.74269e+09,[-0.052360]
1.74269e+09,[0.083776]
1.74269e+09,[-0.062832]
1.74269e+09,[0.083776]
1.74269e+09,[143.713089]
1.74269e+09,[-0.062832]
1.74269e+09,[0.073304]
1.74269e+09,[-0.062832]
1.74269e+09,[0.073304]
1.74269e+09,[-0.062832]
1.74269e+09,[129.509140]
1.74269e+09,[0.073304]
1.74269e+09,[-0.073304]
1.74269e+09,[0.062832]
1.74269e+09,[-0.073304]
1.74269e+09,[0.062832]
1.74269e+09,[116.169800]
1.74269e+09,[-0.073304]
1.74269e+09,[0.062832]
1.74269e+09,[-0.073304]
1.74269e+09,[0.062832]
1.74269e+09,[-0.073304]
1.74269e+09,[111.519699]
1.74269e+09,[0.062832]
1.74269e+09,[-0.073304]
1.74269e+09,[0.062832]
1.74269e+09,[-0.073304]
1.74269e+09,[0.052360]
1.74269e+09,[101.526215]
1.74269e+09,[-0.073304]
1.74269e+09,[0.052360]
1.74269e+09,[-0.073304]
1.74269e+09,[0.052360]
1.74269e+09,[-0.073304]
1.74269e+09,[111.715012]
1.74269e+09,[0.052360]
1.74269e+09,[-0.073304]
1.74269e+09,[0.052360]
1.74269e+09,[-0.073304]
1.74269e+09,[0.052360]
1.74269e+09,[122.625893]
1.74269e+09,[-0.073304]
1.74269e+09,[0.052360]
1.74269e+09,[-0.073304]
1.74269e+09,[0.052360]
1.74269e+09,[-0.073304]
1.74269e+09,[151.365967]
1.74269e+09,[0.052360]
1.74269e+09,[-0.073304]
1.74269e+09,[0.052360]
1.74269e+09,[-0.073304]
1.74269e+09,[0.052360]
1.74269e+09,[175.603622]
1.74269e+09,[-0.073304]
1.74269e+09,[0.052360]
1.74269e+09,[-0.073304]
1.74269e+09,[0.052360]
1.74269e+09,[-0.073304]
1.74269e+09,[201.951172]
1.74269e+09,[0.052360]
1.74269e+09,[-0.073304]
1.74269e+09,[0.052360]
1.74269e+09,[-0.073304]
1.74269e+09,[0.052360]
1.74269e+09,[222.479141]
1.74269e+09,[-0.062832]
1.74269e+09,[0.052360]
1.74269e+09,[-0.062832]
1.74269e+09,[0.052360]
1.74269e+09,[-0.062832]
1.74269e+09,[248.210266]
1.74269e+09,[0.052360]
1.74269e+09,[-0.052360]
1.74269e+09,[0.052360]
1.74269e+09,[-0.052360]
1.74269e+09,[0.052360]
1.74269e+09,[267.861176]
1.74269e+09,[-0.041888]
1.74269e+09,[0.052360]
1.74269e+09,[-0.041888]
1.74269e+09,[0.052360]
1.74269e+09,[-0.041888]
1.74269e+09,[288.437561]
1.74269e+09,[0.052360]
1.74269e+09,[-0.031416]
1.74269e+09,[0.052360]
1.74269e+09,[-0.031416]
1.74269e+09,[0.052360]
1.74269e+09,[309.469940]
1.74269e+09,[-0.020944]
1.74269e+09,[0.052360]
1.74269e+09,[-0.020944]
1.74269e+09,[0.052360]
1.74269e+09,[-0.010472]
1.74269e+09,[323.153564]
1.74269e+09,[0.062832]
1.74269e+09,[-0.010472]
1.74269e+09,[0.062832]
1.74269e+09,[-0.010472]
1.74269e+09,[0.073304]
1.74269e+09,[342.478149]
1.74269e+09,[-0.000000]
1.74269e+09,[0.073304]
1.74269e+09,[0.000000]
1.74269e+09,[0.073304]
1.74269e+09,[0.010472]
1.74269e+09,[357.191895]
1.74269e+09,[0.083776]
1.74269e+09,[0.010472]
1.74269e+09,[0.094248]
1.74269e+09,[0.020944]
1.74269e+09,[0.094248]
1.74269e+09,[377.374939]
1.74269e+09,[0.020944]
1.74269e+09,[0.104720]
1.74269e+09,[0.031416]
1.74269e+09,[0.104720]
1.74269e+09,[0.031416]
1.74269e+09,[380.963684]
1.74269e+09,[0.115192]
1.74269e+09,[0.041888]
1.74269e+09,[0.125664]
1.74269e+09,[0.052360]
1.74269e+09,[0.125664]
1.74269e+09,[403.518738]
1.74269e+09,[0.052360]
1.74269e+09,[0.136136]
1.74269e+09,[0.062832]
1.74269e+09,[0.146608]
1.74269e+09,[0.073304]
1.74269e+09,[413.605774]
1.74269e+09,[0.146608]
1.74269e+09,[0.073304]
1.74269e+09,[0.157080]
1.74269e+09,[0.083776]
1.74269e+09,[0.167552]
1.74269e+09,[423.345947]
1.74269e+09,[0.094248]
1.74269e+09,[0.178024]
1.74269e+09,[0.104720]
1.74269e+09,[0.178024]
1.74269e+09,[0.115192]
1.74269e+09,[434.235870]
1.74269e+09,[0.188496]
1.74269e+09,[0.125664]
1.74269e+09,[0.198968]
1.74269e+09,[0.125664]
1.74269e+09,[0.198968]
1.74269e+09,[445.773438]
1.74269e+09,[0.136136]
1.74269e+09,[0.209440]
1.74269e+09,[0.146608]
1.74269e+09,[0.219911]
1.74269e+09,[0.157080]
1.74269e+09,[464.193817]
1.74269e+09,[0.219911]
1.74269e+09,[0.157080]
1.74269e+09,[0.230383]
1.74269e+09,[0.167552]
1.74269e+09,[0.230383]
1.74269e+09,[467.524841]
1.74269e+09,[0.178024]
1.74269e+09,[0.240855]
1.74269e+09,[0.178024]
1.74269e+09,[0.251327]
1.74269e+09,[0.188496]
1.74269e+09,[485.058167]
1.74269e+09,[0.251327]
1.74269e+09,[0.188496]
1.74269e+09,[0.261799]
1.74269e+09,[0.198968]
1.74269e+09,[0.261799]
1.74269e+09,[479.878326]
1.74269e+09,[0.198968]
1.74269e+09,[0.272271]
1.74269e+09,[0.209440]
1.74269e+09,[0.272271]
1.74269e+09,[0.219911]
1.74269e+09,[479.144196]
1.74269e+09,[0.272271]
1.74269e+09,[0.219911]
1.74269e+09,[0.282743]
1.74269e+09,[0.230383]
1.74269e+09,[0.282743]
1.74269e+09,[480.913696]
1.74269e+09,[0.230383]
1.74269e+09,[0.293215]
1.74269e+09,[0.240855]
1.74269e+09,[0.293215]
1.74269e+09,[0.240855]
1.74269e+09,[478.919128]
1.74269e+09,[0.293215]
1.74269e+09,[0.251327]
1.74269e+09,[0.303687]
1.74269e+09,[0.251327]
1.74269e+09,[0.303687]
1.74269e+09,[479.976959]
1.74269e+09,[0.261799]
1.74269e+09,[0.303687]
1.74269e+09,[0.261799]
1.74269e+09,[0.303687]
1.74269e+09,[0.261799]
1.74269e+09,[471.866058]
1.74269e+09,[0.303687]
1.74269e+09,[0.272271]
1.74269e+09,[0.314159]
1.74269e+09,[0.272271]
1.74269e+09,[0.314159]
1.74269e+09,[472.650848]
1.74269e+09,[0.272271]
1.74269e+09,[0.314159]
1.74269e+09,[0.272271]
1.74269e+09,[0.314159]
1.74269e+09,[0.282743]
1.74269e+09,[470.402832]
1.74269e+09,[0.314159]
1.74269e+09,[0.282743]
1.74269e+09,[0.314159]
1.74269e+09,[0.282743]
1.74269e+09,[0.314159]
1.74269e+09,[461.280670]
1.74269e+09,[0.282743]
1.74269e+09,[0.314159]
1.74269e+09,[0.282743]
1.74269e+09,[0.314159]
1.74269e+09,[0.282743]
1.74269e+09,[454.867218]
1.74269e+09,[0.314159]
1.74269e+09,[0.293215]
1.74269e+09,[0.314159]
1.74269e+09,[0.293215]
1.74269e+09,[0.314159]
1.74269e+09,[454.911469]
1.74269e+09,[0.293215]
1.74269e+09,[0.314159]
1.74269e+09,[0.293215]
1.74269e+09,[0.324631]
1.74269e+09,[0.293215]
1.74269e+09,[458.576080]
1.74269e+09,[0.324631]
1.74269e+09,[0.293215]
1.74269e+09,[0.324631]
1.74269e+09,[0.293215]
1.74269e+09,[0.324631]
1.74269e+09,[455.845123]
1.74269e+09,[0.303687]
1.74269e+09,[0.324631]
1.74269e+09,[0.303687]
1.74269e+09,[0.324631]
1.74269e+09,[0.303687]
1.74269e+09,[461.991425]
1.74269e+09,[0.324631]
1.74269e+09,[0.303687]
1.74269e+09,[0.324631]
1.74269e+09,[0.303687]
1.74269e+09,[0.335103]
1.74269e+09,[469.713745]
1.74269e+09,[0.303687]
1.74269e+09,[0.335103]
1.74269e+09,[0.303687]
1.74269e+09,[0.335103]
1.74269e+09,[0.303687]
1.74269e+09,[470.841858]
1.74269e+09,[0.335103]
1.74269e+09,[0.303687]
1.74269e+09,[0.335103]
1.74269e+09,[0.303687]
1.74269e+09,[0.335103]
1.74269e+09,[472.271576]
1.74269e+09,[0.314159]
1.74269e+09,[0.345575]
1.74269e+09,[0.314159]
1.74269e+09,[0.345575]
1.74269e+09,[0.314159]
1.74269e+09,[488.634247]
1.74269e+09,[0.345575]
1.74269e+09,[0.314159]
1.74269e+09,[0.345575]
1.74269e+09,[0.314159]
1.74269e+09,[0.345575]
1.74269e+09,[490.805145]
1.74269e+09,[0.314159]
1.74269e+09,[0.356047]
1.74269e+09,[0.324631]
1.74269e+09,[0.356047]
1.74269e+09,[0.324631]
1.74269e+09,[506.549957]
1.74269e+09,[0.356047]
1.74269e+09,[0.324631]
1.74269e+09,[0.366519]
1.74269e+09,[0.335103]
1.74269e+09,[0.366519]
1.74269e+09,[520.896790]
1.74269e+09,[0.335103]
1.74269e+09,[0.376991]
1.74269e+09,[0.335103]
1.74269e+09,[0.376991]
1.74269e+09,[0.335103]
1.74269e+09,[529.471802]
1.74269e+09,[0.376991]
1.74269e+09,[0.345575]
1.74269e+09,[0.387463]
1.74269e+09,[0.345575]
1.74269e+09,[0.387463]
1.74269e+09,[543.692993]
1.74269e+09,[0.356047]
1.74269e+09,[0.387463]
1.74269e+09,[0.356047]
1.74269e+09,[0.397935]
1.74269e+09,[0.356047]
1.74269e+09,[560.970337]
1.74269e+09,[0.397935]
1.74269e+09,[0.356047]
1.74269e+09,[0.397935]
1.74269e+09,[0.356047]
1.74269e+09,[0.397935]
1.74269e+09,[561.918091]
1.74269e+09,[0.356047]
1.74269e+09,[0.397935]
1.74269e+09,[0.366519]
1.74269e+09,[0.408407]
1.74269e+09,[0.366519]
1.74269e+09,[579.446960]
1.74269e+09,[0.408407]
1.74269e+09,[0.366519]
1.74269e+09,[0.408407]
1.74269e+09,[0.366519]
1.74269e+09,[0.408407]
1.74269e+09,[583.662231]
1.74269e+09,[0.366519]
1.74269e+09,[0.408407]
1.74269e+09,[0.366519]
1.74269e+09,[0.408407]
1.74269e+09,[0.366519]
1.74269e+09,[589.386475]
1.74269e+09,[0.408407]
1.74269e+09,[0.366519]
1.74269e+09,[0.408407]
1.74269e+09,[0.366519]
1.74269e+09,[0.408407]
1.74269e+09,[594.788635]
1.74269e+09,[0.366519]
1.74269e+09,[0.408407]
1.74269e+09,[0.366519]
1.74269e+09,[0.408407]
1.74269e+09,[0.366519]
1.74269e+09,[597.326233]
1.74269e+09,[0.408407]
1.74269e+09,[0.366519]
1.74269e+09,[0.408407]
1.74269e+09,[0.366519]
1.74269e+09,[0.408407]
1.74269e+09,[597.326233]
1.74269e+09,[0.356047]
1.74269e+09,[0.408407]
1.74269e+09,[0.356047]
1.74269e+09,[0.408407]
1.74269e+09,[0.345575]
1.74269e+09,[584.762085]
1.74269e+09,[0.408407]
1.74269e+09,[0.345575]
1.74269e+09,[0.408407]
1.74269e+09,[0.345575]
1.74269e+09,[0.408407]
1.74269e+09,[584.762085]
1.74269e+09,[0.335103]
1.74269e+09,[0.408407]
1.74269e+09,[0.324631]
1.74269e+09,[0.408407]
1.74269e+09,[0.324631]
1.74269e+09,[572.268433]
1.74269e+09,[0.408407]
1.74269e+09,[0.314159]
1.74269e+09,[0.397935]
1.74269e+09,[0.303687]
1.74269e+09,[0.387463]
1.74269e+09,[546.401184]
1.74269e+09,[0.293215]
1.74269e+09,[0.387463]
1.74269e+09,[0.282743]
1.74269e+09,[0.376991]
1.74269e+09,[0.272271]
1.74269e+09,[527.399048]
1.74269e+09,[0.366519]
1.74269e+09,[0.272271]
1.74269e+09,[0.366519]
1.74269e+09,[0.251327]
1.74269e+09,[0.356047]
1.74269e+09,[495.866394]
1.74269e+09,[0.251327]
1.74269e+09,[0.345575]
1.74269e+09,[0.230383]
1.74269e+09,[0.345575]
1.74269e+09,[0.219911]
1.74269e+09,[471.718536]
1.74269e+09,[0.335103]
1.74269e+09,[0.209440]
1.74269e+09,[0.324631]
1.74269e+09,[0.209440]
1.74269e+09,[0.314159]
1.74269e+09,[445.784576]
1.74269e+09,[0.198968]
1.74269e+09,[0.303687]
1.74269e+09,[0.188496]
1.74269e+09,[0.303687]
1.74269e+09,[0.178024]
1.74269e+09,[422.881714]
1.74269e+09,[0.293215]
1.74269e+09,[0.167552]
1.74269e+09,[0.282743]
1.74269e+09,[0.157080]
1.74269e+09,[0.282743]
1.74269e+09,[399.348022]
1.74269e+09,[0.157080]
1.74269e+09,[0.272271]
1.74269e+09,[0.146608]
1.74269e+09,[0.261799]
1.74269e+09,[0.136136]
1.74269e+09,[376.612000]
1.74269e+09,[0.261799]
1.74269e+09,[0.136136]
1.74269e+09,[0.251327]
1.74269e+09,[0.125664]
1.74269e+09,[0.240855]
1.74269e+09,[358.987061]
1.74269e+09,[0.115192]
1.74269e+09,[0.240855]
1.74269e+09,[0.115192]
1.74269e+09,[0.230383]
1.74269e+09,[0.104720]
1.74269e+09,[344.423950]
1.74269e+09,[0.219911]
1.74269e+09,[0.104720]
1.74269e+09,[0.219911]
1.74269e+09,[0.094248]
1.74269e+09,[0.209440]
1.74269e+09,[324.276154]
1.74269e+09,[0.094248]
1.74269e+09,[0.209440]
1.74269e+09,[0.083776]
1.74269e+09,[0.198968]
1.74269e+09,[0.073304]
1.74269e+09,[300.905457]
1.74269e+09,[0.188496]
1.74269e+09,[0.073304]
1.74269e+09,[0.188496]
1.74269e+09,[0.073304]
1.74269e+09,[0.188496]
1.74269e+09,[287.270477]
1.74269e+09,[0.062832]
1.74269e+09,[0.178024]
1.74269e+09,[0.052360]
1.74269e+09,[0.167552]
1.74269e+09,[0.052360]
1.74269e+09,[264.879120]
1.74269e+09,[0.167552]
1.74269e+09,[0.041888]
1.74269e+09,[0.167552]
1.74269e+09,[0.041888]
1.74269e+09,[0.157080]
1.74269e+09,[248.706375]
1.74269e+09,[0.031416]
1.74269e+09,[0.157080]
1.74269e+09,[0.031416]
1.74269e+09,[0.146608]
1.74269e+09,[0.020944]
1.74269e+09,[239.078064]
1.74269e+09,[0.146608]
1.74269e+09,[0.020944]
1.74269e+09,[0.136136]
1.74269e+09,[0.010472]
1.74269e+09,[0.136136]
1.74269e+09,[220.066467]
1.74269e+09,[0.010472]
1.74269e+09,[0.125664]
1.74269e+09,[0.010472]
1.74269e+09,[0.125664]
1.74269e+09,[0.000000]
1.74269e+09,[193.773743]
1.74269e+09,[0.115192]
1.74269e+09,[-0.000000]
1.74269e+09,[0.115192]
1.74269e+09,[-0.000000]
1.74269e+09,[0.115192]
1.74269e+09,[171.640182]
1.74269e+09,[-0.000000]
1.74269e+09,[0.115192]
1.74269e+09,[-0.000000]
1.74269e+09,[0.104720]
1.74269e+09,[-0.000000]
1.74269e+09,[133.976410]
1.74269e+09,[0.104720]
1.74269e+09,[-0.000000]
1.74269e+09,[0.104720]
1.74269e+09,[-0.000000]
1.74269e+09,[0.104720]
1.74269e+09,[107.404243]
1.74269e+09,[-0.000000]
1.74269e+09,[0.104720]
1.74269e+09,[-0.000000]
1.74269e+09,[0.104720]
1.74269e+09,[-0.000000]
1.74269e+09,[81.421844]
1.74269e+09,[0.104720]
1.74269e+09,[-0.000000]
1.74269e+09,[0.104720]
1.74269e+09,[-0.000000]
1.74269e+09,[0.104720]
1.74269e+09,[86.249001]
1.74269e+09,[-0.000000]
1.74269e+09,[0.104720]
1.74269e+09,[-0.000000]
1.74269e+09,[0.104720]
1.74269e+09,[-0.000000]
1.74269e+09,[101.501289]
1.74269e+09,[0.104720]
1.74269e+09,[-0.000000]
1.74269e+09,[0.104720]
1.74269e+09,[-0.000000]
1.74269e+09,[0.104720]
1.74269e+09,[118.642891]
1.74269e+09,[-0.000000]
1.74269e+09,[0.104720]
1.74269e+09,[-0.000000]
1.74269e+09,[0.104720]
1.74269e+09,[-0.000000]
1.74269e+09,[130.834457]
1.74269e+09,[0.104720]
1.74269e+09,[-0.000000]
1.74269e+09,[0.115192]
1.74269e+09,[0.000000]
1.74269e+09,[0.115192]
1.74269e+09,[148.768158]
1.74269e+09,[0.010472]
1.74269e+09,[0.115192]
1.74269e+09,[0.010472]
1.74269e+09,[0.125664]
1.74269e+09,[0.020944]
1.74269e+09,[168.718964]
1.74269e+09,[0.125664]
1.74269e+09,[0.020944]
1.74269e+09,[0.136136]
1.74269e+09,[0.031416]
1.74269e+09,[0.146608]
1.74269e+09,[188.170166]
1.74269e+09,[0.041888]
1.74269e+09,[0.146608]
1.74269e+09,[0.041888]
1.74269e+09,[0.157080]
1.74269e+09,[0.052360]
1.74269e+09,[211.975967]
1.74269e+09,[0.157080]
1.74269e+09,[0.062832]
1.74269e+09,[0.167552]
1.74269e+09,[0.073304]
1.74269e+09,[0.178024]
1.74269e+09,[243.652573]
1.74269e+09,[0.083776]
1.74269e+09,[0.188496]
1.74269e+09,[0.094248]
1.74269e+09,[0.188496]
1.74269e+09,[0.104720]
1.74269e+09,[265.225922]
1.74269e+09,[0.198968]
1.74269e+09,[0.115192]
1.74269e+09,[0.209440]
1.74269e+09,[0.125664]
1.74269e+09,[0.219911]
1.74269e+09,[302.121887]
1.74269e+09,[0.136136]
1.74269e+09,[0.219911]
1.74269e+09,[0.146608]
1.74269e+09,[0.230383]
1.74269e+09,[0.157080]
1.74269e+09,[329.508301]
1.74269e+09,[0.240855]
1.74269e+09,[0.167552]
1.74269e+09,[0.240855]
1.74269e+09,[0.178024]
1.74269e+09,[0.251327]
1.74269e+09,[355.705475]
1.74269e+09,[0.188496]
1.74269e+09,[0.261799]
1.74269e+09,[0.188496]
1.74269e+09,[0.261799]
1.74269e+09,[0.198968]
1.74269e+09,[379.234131]
1.74269e+09,[0.272271]
1.74269e+09,[0.209440]
1.74269e+09,[0.282743]
1.74269e+09,[0.219911]
1.74269e+09,[0.282743]
1.74269e+09,[405.930847]
1.74269e+09,[0.230383]
1.74269e+09,[0.293215]
1.74269e+09,[0.240855]
1.74269e+09,[0.293215]
1.74269e+09,[0.240855]
1.74269e+09,[425.963470]
1.74269e+09,[0.303687]
1.74269e+09,[0.251327]
1.74269e+09,[0.314159]
1.74269e+09,[0.261799]
1.74269e+09,[0.314159]
1.74269e+09,[453.143738]
1.74269e+09,[0.261799]
1.74269e+09,[0.324631]
1.74269e+09,[0.272271]
1.74269e+09,[0.324631]
1.74269e+09,[0.272271]
1.74269e+09,[466.786560]
1.74269e+09,[0.335103]
1.74269e+09,[0.282743]
1.74269e+09,[0.335103]
1.74269e+09,[0.293215]
1.74269e+09,[0.345575]
1.74269e+09,[494.134644]
1.74269e+09,[0.293215]
1.74269e+09,[0.345575]
1.74269e+09,[0.303687]
1.74269e+09,[0.356047]
1.74269e+09,[0.314159]
1.74269e+09,[514.586548]
1.74269e+09,[0.356047]
1.74269e+09,[0.324631]
1.74269e+09,[0.366519]
1.74269e+09,[0.324631]
1.74269e+09,[0.366519]
1.74269e+09,[528.287537]
1.74269e+09,[0.335103]
1.74269e+09,[0.376991]
1.74269e+09,[0.345575]
1.74269e+09,[0.376991]
1.74269e+09,[0.356047]
1.74269e+09,[555.534363]
1.74269e+09,[0.387463]
1.74269e+09,[0.356047]
1.74269e+09,[0.387463]
1.74269e+09,[0.366519]
1.74269e+09,[0.387463]
1.74269e+09,[569.209900]
1.74269e+09,[0.376991]
1.74269e+09,[0.397935]
1.74269e+09,[0.376991]
1.74269e+09,[0.397935]
1.74269e+09,[0.387463]
1.74269e+09,[589.619141]
1.74269e+09,[0.397935]
1.74269e+09,[0.387463]
1.74269e+09,[0.408407]
1.74269e+09,[0.397935]
1.74269e+09,[0.408407]
1.74269e+09,[601.928833]
1.74269e+09,[0.397935]
1.74269e+09,[0.418879]
1.74269e+09,[0.408407]
1.74269e+09,[0.418879]
1.74269e+09,[0.408407]
1.74269e+09,[614.007812]
1.74269e+09,[0.429351]
1.74269e+09,[0.418879]
1.74269e+09,[0.429351]
1.74269e+09,[0.418879]
1.74269e+09,[0.439823]
1.74269e+09,[633.509583]
1.74269e+09,[0.429351]
1.74269e+09,[0.439823]
1.74269e+09,[0.429351]
1.74269e+09,[0.450295]
1.74269e+09,[0.429351]
1.74269e+09,[644.652344]
1.74269e+09,[0.450295]
1.74269e+09,[0.439823]
1.74269e+09,[0.450295]
1.74269e+09,[0.439823]
1.74269e+09,[0.460767]
1.74269e+09,[655.605164]
1.74269e+09,[0.439823]
1.74269e+09,[0.460767]
1.74269e+09,[0.450295]
1.74269e+09,[0.460767]
1.74269e+09,[0.450295]
1.74269e+09,[660.418396]
1.74269e+09,[0.460767]
1.74269e+09,[0.450295]
1.74269e+09,[0.471239]
1.74269e+09,[0.450295]
1.74269e+09,[0.471239]
1.74269e+09,[665.323914]
1.74269e+09,[0.450295]
1.74269e+09,[0.471239]
1.74269e+09,[0.450295]
1.74269e+09,[0.471239]
1.74269e+09,[0.450295]
1.74269e+09,[664.487122]
1.74269e+09,[0.471239]
1.74269e+09,[0.450295]
1.74269e+09,[0.471239]
1.74269e+09,[0.450295]
1.74269e+09,[0.471239]
1.74269e+09,[664.063538]
1.74269e+09,[0.450295]
1.74269e+09,[0.471239]
1.74269e+09,[0.450295]
1.74269e+09,[0.471239]
1.74269e+09,[0.450295]
1.74269e+09,[664.530396]
1.74269e+09,[0.471239]
1.74269e+09,[0.450295]
1.74269e+09,[0.471239]
1.74269e+09,[0.450295]
1.74269e+09,[0.471239]
1.74269e+09,[666.254761]
1.74269e+09,[0.450295]
1.74269e+09,[0.471239]
1.74269e+09,[0.450295]
1.74269e+09,[0.471239]
1.74269e+09,[0.450295]
1.74269e+09,[667.644043]
1.74269e+09,[0.471239]
1.74269e+09,[0.450295]
1.74269e+09,[0.460767]
1.74269e+09,[0.450295]
1.74269e+09,[0.460767]
1.74269e+09,[662.063904]
1.74269e+09,[0.450295]
1.74269e+09,[0.460767]
1.74269e+09,[0.439823]
1.74269e+09,[0.450295]
1.74269e+09,[0.439823]
1.74269e+09,[648.233521]
1.74269e+09,[0.450295]
1.74269e+09,[0.439823]
1.74269e+09,[0.439823]
1.74269e+09,[0.429351]
1.74269e+09,[0.439823]
1.74269e+09,[635.412659]
1.74269e+09,[0.429351]
1.74269e+09,[0.429351]
1.74269e+09,[0.418879]
1.74269e+09,[0.429351]
1.74269e+09,[0.418879]
1.74269e+09,[622.213135]
1.74269e+09,[0.418879]
1.74269e+09,[0.408407]
1.74269e+09,[0.418879]
1.74269e+09,[0.397935]
1.74269e+09,[0.408407]
1.74269e+09,[595.223145]
1.74269e+09,[0.397935]
1.74269e+09,[0.397935]
1.74269e+09,[0.387463]
1.74269e+09,[0.397935]
1.74269e+09,[0.376991]
1.74269e+09,[575.766724]
1.74269e+09,[0.387463]
1.74269e+09,[0.376991]
1.74269e+09,[0.387463]
1.74269e+09,[0.366519]
1.74269e+09,[0.376991]
1.74269e+09,[554.714111]
1.74269e+09,[0.356047]
1.74269e+09,[0.366519]
1.74269e+09,[0.345575]
1.74269e+09,[0.366519]
1.74269e+09,[0.335103]
1.74269e+09,[526.791443]
1.74269e+09,[0.356047]
1.74269e+09,[0.324631]
1.74269e+09,[0.356047]
1.74269e+09,[0.314159]
1.74269e+09,[0.356047]
1.74269e+09,[505.755829]
1.74269e+09,[0.303687]
1.74269e+09,[0.345575]
1.74269e+09,[0.293215]
1.74269e+09,[0.335103]
1.74269e+09,[0.282743]
1.74269e+09,[470.592896]
1.74269e+09,[0.335103]
1.74269e+09,[0.272271]
1.74269e+09,[0.324631]
1.74269e+09,[0.261799]
1.74269e+09,[0.314159]
1.74269e+09,[442.366882]
1.74269e+09,[0.251327]
1.74269e+09,[0.314159]
1.74269e+09,[0.251327]
1.74269e+09,[0.314159]
1.74269e+09,[0.240855]
1.74269e+09,[428.581696]
1.74269e+09,[0.303687]
1.74269e+09,[0.230383]
1.74269e+09,[0.303687]
1.74269e+09,[0.219911]
1.74269e+09,[0.293215]
1.74269e+09,[400.507965]
1.74269e+09,[0.219911]
1.74269e+09,[0.293215]
1.74269e+09,[0.209440]
1.74269e+09,[0.282743]
1.74269e+09,[0.209440]
1.74269e+09,[386.521881]
1.74269e+09,[0.282743]
1.74269e+09,[0.198968]
1.74269e+09,[0.272271]
1.74269e+09,[0.198968]
1.74269e+09,[0.272271]
1.74269e+09,[372.584106]
1.74269e+09,[0.188496]
1.74269e+09,[0.261799]
1.74269e+09,[0.188496]
1.74269e+09,[0.261799]
1.74269e+09,[0.178024]
1.74269e+09,[352.130341]
1.74269e+09,[0.251327]
1.74269e+09,[0.178024]
1.74269e+09,[0.240855]
1.74269e+09,[0.167552]
1.74269e+09,[0.240855]
1.74269e+09,[331.196838]
1.74269e+09,[0.157080]
1.74269e+09,[0.230383]
1.74269e+09,[0.157080]
1.74269e+09,[0.230383]
1.74269e+09,[0.146608]
1.74269e+09,[311.333771]
1.74269e+09,[0.219911]
1.74269e+09,[0.146608]
1.74269e+09,[0.219911]
1.74269e+09,[0.136136]
1.74269e+09,[0.209440]
1.74269e+09,[290.829834]
1.74269e+09,[0.125664]
1.74269e+09,[0.209440]
1.74269e+09,[0.115192]
1.74269e+09,[0.198968]
1.74269e+09,[0.115192]
1.74269e+09,[271.951874]
1.74269e+09,[0.188496]
1.74269e+09,[0.104720]
1.74269e+09,[0.188496]
1.74269e+09,[0.094248]
1.74269e+09,[0.178024]
1.74269e+09,[246.932465]
1.74269e+09,[0.083776]
1.74269e+09,[0.167552]
1.74269e+09,[0.073304]
1.74269e+09,[0.167552]
1.74269e+09,[0.073304]
1.74269e+09,[230.341721]
1.74269e+09,[0.157080]
1.74269e+09,[0.062832]
1.74269e+09,[0.146608]
1.74269e+09,[0.052360]
1.74269e+09,[0.146608]
1.74269e+09,[208.584366]
1.74269e+09,[0.041888]
1.74269e+09,[0.136136]
1.74269e+09,[0.031416]
1.74269e+09,[0.125664]
1.74269e+09,[0.020944]
1.74269e+09,[187.519394]
1.74269e+09,[0.125664]
1.74269e+09,[0.020944]
1.74269e+09,[0.115192]
1.74269e+09,[0.010472]
1.74269e+09,[0.115192]
1.74269e+09,[179.802719]
1.74269e+09,[0.010472]
1.74269e+09,[0.104720]
1.74269e+09,[0.010472]
1.74269e+09,[0.104720]
1.74269e+09,[0.010472]
1.74269e+09,[173.385468]
1.74269e+09,[0.094248]
1.74269e+09,[0.010472]
1.74269e+09,[0.094248]
1.74269e+09,[0.010472]
1.74269e+09,[0.094248]
1.74269e+09,[167.171021]
1.74269e+09,[0.010472]
1.74269e+09,[0.094248]
1.74269e+09,[0.010472]
1.74269e+09,[0.094248]
1.74269e+09,[0.010472]
1.74269e+09,[167.171021]
1.74269e+09,[0.094248]
1.74269e+09,[0.010472]
1.74269e+09,[0.094248]
1.74269e+09,[0.010472]
1.74269e+09,[0.094248]
1.74269e+09,[172.089371]
1.74269e+09,[0.010472]
1.74269e+09,[0.094248]
1.74269e+09,[0.010472]
1.74269e+09,[0.094248]
1.74269e+09,[0.010472]
1.74269e+09,[172.089371]
1.74269e+09,[0.094248]
1.74269e+09,[0.010472]
1.74269e+09,[0.094248]
1.74269e+09,[0.020944]
1.74269e+09,[0.094248]
1.74269e+09,[173.224686]
1.74269e+09,[0.020944]
1.74269e+09,[0.104720]
1.74269e+09,[0.031416]
1.74269e+09,[0.104720]
1.74269e+09,[0.031416]
1.74269e+09,[180.970093]
1.74269e+09,[0.115192]
1.74269e+09,[0.041888]
1.74269e+09,[0.115192]
1.74269e+09,[0.052360]
1.74269e+09,[0.125664]
1.74269e+09,[199.068985]
1.74269e+09,[0.062832]
1.74269e+09,[0.125664]
1.74269e+09,[0.062832]
1.74269e+09,[0.136136]
1.74269e+09,[0.073304]
1.74269e+09,[213.397446]
1.74269e+09,[0.136136]
1.74269e+09,[0.083776]
1.74269e+09,[0.146608]
1.74269e+09,[0.094248]
1.74269e+09,[0.157080]
1.74269e+09,[236.245850]
1.74269e+09,[0.104720]
1.74269e+09,[0.157080]
1.74269e+09,[0.104720]
1.74269e+09,[0.167552]
1.74269e+09,[0.115192]
1.74269e+09,[253.841370]
1.74269e+09,[0.178024]
1.74269e+09,[0.125664]
1.74269e+09,[0.188496]
1.74269e+09,[0.136136]
1.74269e+09,[0.188496]
1.74269e+09,[279.357483]
1.74269e+09,[0.146608]
1.74269e+09,[0.198968]
1.74269e+09,[0.157080]
1.74269e+09,[0.209440]
1.74269e+09,[0.167552]
1.74269e+09,[312.131989]
1.74269e+09,[0.209440]
1.74269e+09,[0.167552]
1.74269e+09,[0.219911]
1.74269e+09,[0.178024]
1.74269e+09,[0.230383]
1.74269e+09,[332.755280]
1.74269e+09,[0.188496]
1.74269e+09,[0.230383]
1.74269e+09,[0.198968]
1.74269e+09,[0.240855]
1.74269e+09,[0.209440]
1.74269e+09,[359.799500]
1.74269e+09,[0.251327]
1.74269e+09,[0.219911]
1.74269e+09,[0.261799]
1.74269e+09,[0.230383]
1.74269e+09,[0.261799]
1.74269e+09,[387.623688]
1.74269e+09,[0.240855]
1.74269e+09,[0.272271]
1.74269e+09,[0.240855]
1.74269e+09,[0.282743]
1.74269e+09,[0.251327]
1.74269e+09,[415.624695]
1.74269e+09,[0.293215]
1.74269e+09,[0.261799]
1.74269e+09,[0.303687]
1.74269e+09,[0.272271]
1.74269e+09,[0.303687]
1.74269e+09,[443.724060]
1.74269e+09,[0.282743]
1.74269e+09,[0.314159]
1.74269e+09,[0.293215]
1.74269e+09,[0.324631]
1.74269e+09,[0.303687]
1.74269e+09,[480.491974]
1.74269e+09,[0.324631]
1.74269e+09,[0.314159]
1.74269e+09,[0.335103]
1.74269e+09,[0.324631]
1.74269e+09,[0.345575]
1.74269e+09,[508.470520]
1.74269e+09,[0.324631]
1.74269e+09,[0.345575]
1.74269e+09,[0.335103]
1.74269e+09,[0.356047]
1.74269e+09,[0.345575]
1.74269e+09,[529.389893]
1.74269e+09,[0.366519]
1.74269e+09,[0.356047]
1.74269e+09,[0.366519]
1.74269e+09,[0.366519]
1.74269e+09,[0.376991]
1.74269e+09,[555.905518]
1.74269e+09,[0.366519]
1.74269e+09,[0.387463]
1.74269e+09,[0.376991]
1.74269e+09,[0.387463]
1.74269e+09,[0.387463]
1.74269e+09,[576.753418]
1.74269e+09,[0.397935]
1.74269e+09,[0.387463]
1.74269e+09,[0.408407]
1.74269e+09,[0.397935]
1.74269e+09,[0.408407]
1.74269e+09,[597.627563]
1.74269e+09,[0.408407]
1.74269e+09,[0.418879]
1.74269e+09,[0.408407]
1.74269e+09,[0.429351]
1.74269e+09,[0.418879]
1.74269e+09,[624.285278]
1.74269e+09,[0.429351]
1.74269e+09,[0.418879]
1.74269e+09,[0.439823]
1.74269e+09,[0.429351]
1.74269e+09,[0.439823]
1.74269e+09,[636.869385]
1.74269e+09,[0.429351]
1.74269e+09,[0.450295]
1.74269e+09,[0.429351]
1.74269e+09,[0.450295]
1.74269e+09,[0.439823]
1.74269e+09,[647.327759]
1.74269e+09,[0.450295]
1.74269e+09,[0.439823]
1.74269e+09,[0.460767]
1.74269e+09,[0.439823]
1.74269e+09,[0.460767]
1.74269e+09,[652.994446]
1.74269e+09,[0.450295]
1.74269e+09,[0.460767]
1.74269e+09,[0.450295]
1.74269e+09,[0.460767]
1.74269e+09,[0.450295]
1.74269e+09,[658.923401]
1.74269e+09,[0.471239]
1.74269e+09,[0.450295]
1.74269e+09,[0.471239]
1.74269e+09,[0.450295]
1.74269e+09,[0.471239]
1.74269e+09,[664.530396]
1.74269e+09,[0.460767]
1.74269e+09,[0.471239]
1.74269e+09,[0.460767]
1.74269e+09,[0.471239]
1.74269e+09,[0.460767]
1.74269e+09,[671.196350]
1.74269e+09,[0.471239]
1.74269e+09,[0.471239]
1.74269e+09,[0.471239]
1.74269e+09,[0.471239]
1.74269e+09,[0.471239]
1.74269e+09,[678.171021]
1.74269e+09,[0.471239]
1.74269e+09,[0.471239]
1.74269e+09,[0.471239]
1.74269e+09,[0.471239]
1.74269e+09,[0.471239]
1.74269e+09,[678.858704]
1.74269e+09,[0.471239]
1.74269e+09,[0.471239]
1.74269e+09,[0.471239]
1.74269e+09,[0.471239]
1.74269e+09,[0.471239]
1.74269e+09,[680.336060]
1.74269e+09,[0.471239]
1.74269e+09,[0.471239]
1.74269e+09,[0.471239]
1.74269e+09,[0.471239]
1.74269e+09,[0.471239]
1.74269e+09,[683.227234]
1.74269e+09,[0.471239]
1.74269e+09,[0.471239]
1.74269e+09,[0.471239]
1.74269e+09,[0.471239]
1.74269e+09,[0.471239]
1.74269e+09,[685.782715]
1.74269e+09,[0.471239]
1.74269e+09,[0.471239]
1.74269e+09,[0.471239]
1.74269e+09,[0.471239]
1.74269e+09,[0.471239]
1.74269e+09,[688.440674]
1.74269e+09,[0.471239]
1.74269e+09,[0.471239]
1.74269e+09,[0.471239]
1.74269e+09,[0.471239]
1.74269e+09,[0.471239]
1.74269e+09,[692.978333]
1.74269e+09,[0.471239]
1.74269e+09,[0.460767]
1.74269e+09,[0.471239]
1.74269e+09,[0.460767]
1.74269e+09,[0.471239]
1.74269e+09,[690.358582]
1.74269e+09,[0.450295]
1.74269e+09,[0.460767]
1.74269e+09,[0.439823]
1.74269e+09,[0.460767]
1.74269e+09,[0.439823]
1.74269e+09,[675.451477]
1.74269e+09,[0.450295]
1.74269e+09,[0.429351]
1.74269e+09,[0.450295]
1.74269e+09,[0.429351]
1.74269e+09,[0.439823]
1.74269e+09,[663.895752]
1.74269e+09,[0.418879]
1.74269e+09,[0.439823]
1.74269e+09,[0.408407]
1.74269e+09,[0.429351]
1.74269e+09,[0.408407]
1.74269e+09,[649.122925]
1.74269e+09,[0.429351]
1.74269e+09,[0.397935]
1.74269e+09,[0.418879]
1.74269e+09,[0.397935]
1.74269e+09,[0.408407]
1.74269e+09,[633.243591]
1.74269e+09,[0.387463]
1.74269e+09,[0.397935]
1.74269e+09,[0.387463]
1.74269e+09,[0.387463]
1.74269e+09,[0.376991]
1.74269e+09,[614.486328]
1.74269e+09,[0.387463]
1.74269e+09,[0.366519]
1.74269e+09,[0.376991]
1.74269e+09,[0.356047]
1.74269e+09,[0.366519]
1.74269e+09,[596.365417]
1.74269e+09,[0.356047]
1.74269e+09,[0.356047]
1.74269e+09,[0.345575]
1.74269e+09,[0.345575]
1.74269e+09,[0.335103]
1.74269e+09,[572.921265]
1.74269e+09,[0.335103]
1.74269e+09,[0.335103]
1.74269e+09,[0.324631]
1.74269e+09,[0.324631]
1.74269e+09,[0.314159]
1.74269e+09,[550.627563]
1.74269e+09,[0.314159]
1.74269e+09,[0.303687]
1.74269e+09,[0.314159]
1.74269e+09,[0.303687]
1.74269e+09,[0.303687]
1.74269e+09,[532.987732]
1.74269e+09,[0.293215]
1.74269e+09,[0.293215]
1.74269e+09,[0.282743]
1.74269e+09,[0.282743]
1.74269e+09,[0.272271]
1.74269e+09,[505.373199]
1.74269e+09,[0.282743]
1.74269e+09,[0.272271]
1.74269e+09,[0.272271]
1.74269e+09,[0.261799]
1.74269e+09,[0.261799]
1.74269e+09,[488.343079]
1.74269e+09,[0.251327]
1.74269e+09,[0.261799]
1.74269e+09,[0.240855]
1.74269e+09,[0.251327]
1.74269e+09,[0.230383]
1.74269e+09,[468.018219]
1.74269e+09,[0.251327]
1.74269e+09,[0.219911]
1.74269e+09,[0.240855]
1.74269e+09,[0.209440]
1.74269e+09,[0.240855]
1.74269e+09,[453.084045]
1.74269e+09,[0.198968]
1.74269e+09,[0.230383]
1.74269e+09,[0.188496]
1.74269e+09,[0.219911]
1.74269e+09,[0.178024]
1.74269e+09,[424.554962]
1.74269e+09,[0.219911]
1.74269e+09,[0.167552]
1.74269e+09,[0.209440]
1.74269e+09,[0.157080]
1.74269e+09,[0.209440]
1.74269e+09,[406.705536]
1.74269e+09,[0.146608]
1.74269e+09,[0.198968]
1.74269e+09,[0.136136]
1.74269e+09,[0.188496]
1.74269e+09,[0.125664]
1.74269e+09,[384.927521]
1.74269e+09,[0.188496]
1.74269e+09,[0.115192]
1.74269e+09,[0.178024]
1.74269e+09,[0.104720]
1.74269e+09,[0.167552]
1.74269e+09,[351.418701]
1.74269e+09,[0.104720]
1.74269e+09,[0.157080]
1.74269e+09,[0.094248]
1.74269e+09,[0.157080]
1.74269e+09,[0.094248]
1.74269e+09,[331.242798]
1.74269e+09,[0.146608]
1.74269e+09,[0.083776]
1.74269e+09,[0.146608]
1.74269e+09,[0.083776]
1.74269e+09,[0.146608]
1.74269e+09,[303.982758]
1.74269e+09,[0.083776]
1.74269e+09,[0.146608]
1.74269e+09,[0.073304]
1.74269e+09,[0.146608]
1.74269e+09,[0.073304]
1.74269e+09,[282.667847]
1.74269e+09,[0.146608]
1.74269e+09,[0.073304]
1.74269e+09,[0.146608]
1.74269e+09,[0.073304]
1.74269e+09,[0.146608]
1.74269e+09,[256.877838]
1.74269e+09,[0.073304]
1.74269e+09,[0.146608]
1.74269e+09,[0.073304]
1.74269e+09,[0.146608]
1.74269e+09,[0.073304]
1.74269e+09,[239.820251]
1.74269e+09,[0.146608]
1.74269e+09,[0.073304]
1.74269e+09,[0.146608]
1.74269e+09,[0.073304]
1.74269e+09,[0.146608]
1.74269e+09,[221.238312]
1.74269e+09,[0.073304]
1.74269e+09,[0.146608]
1.74269e+09,[0.073304]
1.74269e+09,[0.146608]
1.74269e+09,[0.073304]
1.74269e+09,[198.884079]
1.74269e+09,[0.146608]
1.74269e+09,[0.073304]
1.74269e+09,[0.146608]
1.74269e+09,[0.073304]
1.74269e+09,[0.146608]
1.74269e+09,[191.853348]
1.74269e+09,[0.073304]
1.74269e+09,[0.146608]
1.74269e+09,[0.073304]
1.74269e+09,[0.146608]
1.74269e+09,[0.073304]
1.74269e+09,[176.433273]
1.74269e+09,[0.146608]
1.74269e+09,[0.073304]
1.74269e+09,[0.146608]
1.74269e+09,[0.073304]
1.74269e+09,[0.146608]
1.74269e+09,[174.372055]
1.74269e+09,[0.073304]
1.74269e+09,[0.146608]
1.74269e+09,[0.073304]
1.74269e+09,[0.146608]
1.74269e+09,[0.073304]
1.74269e+09,[170.137543]
1.74269e+09,[0.146608]
1.74269e+09,[0.073304]
1.74269e+09,[0.146608]
1.74269e+09,[0.073304]
1.74269e+09,[0.146608]
1.74269e+09,[170.266968]
1.74269e+09,[0.073304]
1.74269e+09,[0.157080]
1.74269e+09,[0.073304]
1.74269e+09,[0.157080]
1.74269e+09,[0.073304]
1.74269e+09,[182.287491]
1.74269e+09,[0.167552]
1.74269e+09,[0.073304]
1.74269e+09,[0.178024]
1.74269e+09,[0.083776]
1.74269e+09,[0.178024]
1.74269e+09,[209.106995]
1.74269e+09,[0.094248]
1.74269e+09,[0.188496]
1.74269e+09,[0.094248]
1.74269e+09,[0.198968]
1.74269e+09,[0.104720]
1.74269e+09,[240.596375]
1.74269e+09,[0.209440]
1.74269e+09,[0.115192]
1.74269e+09,[0.219911]
1.74269e+09,[0.125664]
1.74269e+09,[0.219911]
1.74269e+09,[269.496338]
1.74269e+09,[0.136136]
1.74269e+09,[0.230383]
1.74269e+09,[0.146608]
1.74269e+09,[0.230383]
1.74269e+09,[0.157080]
1.74269e+09,[298.902679]
1.74269e+09,[0.240855]
1.74269e+09,[0.167552]
1.74269e+09,[0.251327]
1.74269e+09,[0.178024]
1.74269e+09,[0.251327]
1.74269e+09,[328.259491]
1.74269e+09,[0.188496]
1.74269e+09,[0.261799]
1.74269e+09,[0.198968]
1.74269e+09,[0.272271]
1.74269e+09,[0.209440]
1.74269e+09,[365.156067]
1.74269e+09,[0.282743]
1.74269e+09,[0.219911]
1.74269e+09,[0.293215]
1.74269e+09,[0.230383]
1.74269e+09,[0.303687]
1.74269e+09,[401.767334]
1.74269e+09,[0.240855]
1.74269e+09,[0.303687]
1.74269e+09,[0.251327]
1.74269e+09,[0.314159]
1.74269e+09,[0.272271]
1.74269e+09,[438.782166]
1.74269e+09,[0.324631]
1.74269e+09,[0.272271]
1.74269e+09,[0.335103]
1.74269e+09,[0.282743]
1.74269e+09,[0.335103]
1.74269e+09,[460.565552]
1.74269e+09,[0.293215]
1.74269e+09,[0.345575]
1.74269e+09,[0.303687]
1.74269e+09,[0.345575]
1.74269e+09,[0.314159]
1.74269e+09,[488.690857]
1.74269e+09,[0.356047]
1.74269e+09,[0.324631]
1.74269e+09,[0.366519]
1.74269e+09,[0.335103]
1.74269e+09,[0.366519]
1.74269e+09,[516.802490]
1.74269e+09,[0.335103]
1.74269e+09,[0.376991]
1.74269e+09,[0.345575]
1.74269e+09,[0.376991]
1.74269e+09,[0.356047]
1.74269e+09,[538.568848]
1.74269e+09,[0.387463]
1.74269e+09,[0.356047]
1.74269e+09,[0.387463]
1.74269e+09,[0.366519]
1.74269e+09,[0.397935]
1.74269e+09,[560.120911]
1.74269e+09,[0.366519]
1.74269e+09,[0.408407]
1.74269e+09,[0.376991]
1.74269e+09,[0.408407]
1.74269e+09,[0.376991]
1.74269e+09,[573.823059]
1.74269e+09,[0.418879]
1.74269e+09,[0.387463]
1.74269e+09,[0.418879]
1.74269e+09,[0.387463]
1.74269e+09,[0.429351]
1.74269e+09,[595.205200]
1.74269e+09,[0.397935]
1.74269e+09,[0.439823]
1.74269e+09,[0.397935]
1.74269e+09,[0.439823]
1.74269e+09,[0.408407]
1.74269e+09,[616.129517]
1.74269e+09,[0.450295]
1.74269e+09,[0.408407]
1.74269e+09,[0.460767]
1.74269e+09,[0.418879]
1.74269e+09,[0.460767]
1.74269e+09,[636.988586]
1.74269e+09,[0.418879]
1.74269e+09,[0.471239]
1.74269e+09,[0.429351]
1.74269e+09,[0.471239]
1.74269e+09,[0.439823]
1.74269e+09,[657.926392]
1.74269e+09,[0.481711]
1.74269e+09,[0.439823]
1.74269e+09,[0.481711]
1.74269e+09,[0.450295]
1.74269e+09,[0.481711]
1.74269e+09,[671.833191]
1.74269e+09,[0.450295]
1.74269e+09,[0.492183]
1.74269e+09,[0.450295]
1.74269e+09,[0.492183]
1.74269e+09,[0.460767]
1.74269e+09,[685.721191]
1.74269e+09,[0.492183]
1.74269e+09,[0.460767]
1.74269e+09,[0.502655]
1.74269e+09,[0.471239]
1.74269e+09,[0.502655]
1.74269e+09,[699.717590]
1.74269e+09,[0.471239]
1.74269e+09,[0.502655]
1.74269e+09,[0.481711]
1.74269e+09,[0.502655]
1.74269e+09,[0.481711]
1.74269e+09,[706.500061]
1.74269e+09,[0.502655]
1.74269e+09,[0.481711]
1.74269e+09,[0.502655]
1.74269e+09,[0.492183]
1.74269e+09,[0.502655]
1.74269e+09,[713.874573]
1.74269e+09,[0.492183]
1.74269e+09,[0.502655]
1.74269e+09,[0.492183]
1.74269e+09,[0.502655]
1.74269e+09,[0.502655]
1.74269e+09,[721.097778]
1.74269e+09,[0.502655]
1.74269e+09,[0.502655]
1.74269e+09,[0.502655]
1.74269e+09,[0.502655]
1.74269e+09,[0.502655]
1.74269e+09,[722.360107]
1.74269e+09,[0.502655]
1.74269e+09,[0.502655]
1.74269e+09,[0.502655]
1.74269e+09,[0.502655]
1.74269e+09,[0.502655]
1.74269e+09,[724.336975]
1.74269e+09,[0.502655]
1.74269e+09,[0.502655]
1.74269e+09,[0.502655]
1.74269e+09,[0.502655]
1.74269e+09,[0.502655]
1.74269e+09,[727.019043]
1.74269e+09,[0.502655]
1.74269e+09,[0.502655]
1.74269e+09,[0.502655]
1.74269e+09,[0.502655]
1.74269e+09,[0.502655]
1.74269e+09,[729.207703]
1.74269e+09,[0.502655]
1.74269e+09,[0.502655]
1.74269e+09,[0.502655]
1.74269e+09,[0.502655]
1.74269e+09,[0.502655]
1.74269e+09,[732.336548]
1.74269e+09,[0.502655]
1.74269e+09,[0.502655]
1.74269e+09,[0.502655]
1.74269e+09,[0.502655]
1.74269e+09,[0.502655]
1.74269e+09,[733.949463]
1.74269e+09,[0.502655]
1.74269e+09,[0.502655]
1.74269e+09,[0.502655]
1.74269e+09,[0.502655]
1.74269e+09,[0.502655]
1.74269e+09,[737.252319]
1.74269e+09,[0.502655]
1.74269e+09,[0.502655]
1.74269e+09,[0.502655]
1.74269e+09,[0.492183]
1.74269e+09,[0.502655]
1.74269e+09,[733.258789]
1.74269e+09,[0.492183]
1.74269e+09,[0.492183]
1.74269e+09,[0.481711]
1.74269e+09,[0.492183]
1.74269e+09,[0.481711]
1.74269e+09,[723.440247]
1.74269e+09,[0.492183]
1.74269e+09,[0.471239]
1.74269e+09,[0.481711]
1.74269e+09,[0.460767]
1.74269e+09,[0.471239]
1.74269e+09,[701.361755]
1.74269e+09,[0.460767]
1.74269e+09,[0.471239]
1.74269e+09,[0.450295]
1.74269e+09,[0.460767]
1.74269e+09,[0.439823]
1.74269e+09,[686.332642]
1.74269e+09,[0.450295]
1.74269e+09,[0.439823]
1.74269e+09,[0.450295]
1.74269e+09,[0.429351]
1.74269e+09,[0.439823]
1.74269e+09,[671.980347]
1.74269e+09,[0.418879]
1.74269e+09,[0.429351]
1.74269e+09,[0.418879]
1.74269e+09,[0.429351]
1.74269e+09,[0.408407]
1.74269e+09,[655.892334]
1.74269e+09,[0.418879]
1.74269e+09,[0.397935]
1.74269e+09,[0.408407]
1.74269e+09,[0.397935]
1.74269e+09,[0.408407]
1.74269e+09,[640.301697]
1.74269e+09,[0.387463]
1.74269e+09,[0.397935]
1.74269e+09,[0.387463]
1.74269e+09,[0.387463]
1.74269e+09,[0.376991]
1.74269e+09,[619.173462]
1.74269e+09,[0.376991]
1.74269e+09,[0.366519]
1.74269e+09,[0.376991]
1.74269e+09,[0.356047]
1.74269e+09,[0.366519]
1.74269e+09,[598.720947]
1.74269e+09,[0.345575]
1.74269e+09,[0.356047]
1.74269e+09,[0.335103]
1.74269e+09,[0.345575]
1.74269e+09,[0.324631]
1.74269e+09,[569.496155]
1.74269e+09,[0.335103]
1.74269e+09,[0.314159]
1.74269e+09,[0.324631]
1.74269e+09,[0.314159]
1.74269e+09,[0.314159]
1.74269e+09,[547.085938]
1.74269e+09,[0.303687]
1.74269e+09,[0.303687]
1.74269e+09,[0.282743]
1.74269e+09,[0.293215]
1.74269e+09,[0.282743]
1.74269e+09,[518.742371]
1.74269e+09,[0.282743]
1.74269e+09,[0.272271]
1.74269e+09,[0.272271]
1.74269e+09,[0.261799]
1.74269e+09,[0.261799]
1.74269e+09,[491.677826]
1.74269e+09,[0.251327]
1.74269e+09,[0.251327]
1.74269e+09,[0.240855]
1.74269e+09,[0.240855]
1.74269e+09,[0.230383]
1.74269e+09,[460.488922]
1.74269e+09,[0.219911]
1.74269e+09,[0.230383]
1.74269e+09,[0.209440]
1.74269e+09,[0.219911]
1.74269e+09,[0.198968]
1.74269e+09,[431.673523]
1.74269e+09,[0.219911]
1.74269e+09,[0.188496]
1.74269e+09,[0.209440]
1.74269e+09,[0.178024]
1.74269e+09,[0.209440]
1.74269e+09,[412.903168]
1.74269e+09,[0.167552]
1.74269e+09,[0.209440]
1.74269e+09,[0.157080]
1.74269e+09,[0.198968]
1.74269e+09,[0.146608]
1.74269e+09,[390.944275]
1.74269e+09,[0.198968]
1.74269e+09,[0.146608]
1.74269e+09,[0.188496]
1.74269e+09,[0.136136]
1.74269e+09,[0.188496]
1.74269e+09,[366.277618]
1.74269e+09,[0.125664]
1.74269e+09,[0.188496]
1.74269e+09,[0.115192]
1.74269e+09,[0.188496]
1.74269e+09,[0.115192]
1.74269e+09,[348.679077]
1.74269e+09,[0.178024]
1.74269e+09,[0.104720]
1.74269e+09,[0.178024]
1.74269e+09,[0.104720]
1.74269e+09,[0.178024]
1.74269e+09,[324.524506]
1.74269e+09,[0.094248]
1.74269e+09,[0.178024]
1.74269e+09,[0.094248]
1.74269e+09,[0.178024]
1.74269e+09,[0.083776]
1.74269e+09,[308.007385]
1.74269e+09,[0.178024]
1.74269e+09,[0.083776]
1.74269e+09,[0.178024]
1.74269e+09,[0.073304]
1.74269e+09,[0.178024]
1.74269e+09,[291.946228]
1.74269e+09,[0.073304]
1.74269e+09,[0.178024]
1.74269e+09,[0.062832]
1.74269e+09,[0.178024]
1.74269e+09,[0.062832]
1.74269e+09,[265.231293]
1.74269e+09,[0.178024]
1.74269e+09,[0.062832]
1.74269e+09,[0.178024]
1.74269e+09,[0.062832]
1.74269e+09,[0.178024]
1.74269e+09,[253.972778]
1.74269e+09,[0.052360]
1.74269e+09,[0.178024]
1.74269e+09,[0.052360]
1.74269e+09,[0.178024]
1.74269e+09,[0.052360]
1.74269e+09,[227.170746]
1.74269e+09,[0.178024]
1.74269e+09,[0.052360]
1.74269e+09,[0.178024]
1.74269e+09,[0.052360]
1.74269e+09,[0.178024]
1.74269e+09,[212.674011]
1.74269e+09,[0.052360]
1.74269e+09,[0.178024]
1.74269e+09,[0.052360]
1.74269e+09,[0.178024]
1.74269e+09,[0.052360]
1.74269e+09,[195.093750]
1.74269e+09,[0.178024]
1.74269e+09,[0.052360]
1.74269e+09,[0.167552]
1.74269e+09,[0.052360]
1.74269e+09,[0.167552]
1.74269e+09,[180.175903]
1.74269e+09,[0.052360]
1.74269e+09,[0.167552]
1.74269e+09,[0.052360]
1.74269e+09,[0.167552]
1.74269e+09,[0.052360]
1.74269e+09,[174.668198]
1.74269e+09,[0.167552]
1.74269e+09,[0.052360]
1.74269e+09,[0.167552]
1.74269e+09,[0.052360]
1.74269e+09,[0.167552]
1.74269e+09,[174.463837]
1.74269e+09,[0.052360]
1.74269e+09,[0.167552]
1.74269e+09,[0.052360]
1.74269e+09,[0.167552]
1.74269e+09,[0.052360]
1.74269e+09,[180.609055]
1.74269e+09,[0.167552]
1.74269e+09,[0.062832]
1.74269e+09,[0.167552]
1.74269e+09,[0.062832]
1.74269e+09,[0.167552]
1.74269e+09,[190.916229]
1.74269e+09,[0.073304]
1.74269e+09,[0.167552]
1.74269e+09,[0.073304]
1.74269e+09,[0.178024]
1.74269e+09,[0.083776]
1.74269e+09,[218.950638]
1.74269e+09,[0.188496]
1.74269e+09,[0.094248]
1.74269e+09,[0.188496]
1.74269e+09,[0.104720]
1.74269e+09,[0.198968]
1.74269e+09,[246.403015]
1.74269e+09,[0.115192]
1.74269e+09,[0.209440]
1.74269e+09,[0.125664]
1.74269e+09,[0.209440]
1.74269e+09,[0.136136]
1.74269e+09,[277.621826]
1.74269e+09,[0.219911]
1.74269e+09,[0.157080]
1.74269e+09,[0.230383]
1.74269e+09,[0.167552]
1.74269e+09,[0.230383]
1.74269e+09,[313.058807]
1.74269e+09,[0.178024]
1.74269e+09,[0.251327]
1.74269e+09,[0.198968]
1.74269e+09,[0.261799]
1.74269e+09,[0.209440]
1.74269e+09,[363.387787]
1.74269e+09,[0.272271]
1.74269e+09,[0.230383]
1.74269e+09,[0.282743]
1.74269e+09,[0.240855]
1.74269e+09,[0.293215]
1.74269e+09,[406.708466]
1.74269e+09,[0.261799]
1.74269e+09,[0.303687]
1.74269e+09,[0.272271]
1.74269e+09,[0.314159]
1.74269e+09,[0.282743]
1.74269e+09,[448.638336]
1.74269e+09,[0.324631]
1.74269e+09,[0.303687]
1.74269e+09,[0.335103]
1.74269e+09,[0.314159]
1.74269e+09,[0.345575]
1.74269e+09,[491.993591]
1.74269e+09,[0.324631]
1.74269e+09,[0.356047]
1.74269e+09,[0.335103]
1.74269e+09,[0.366519]
1.74269e+09,[0.356047]
1.74269e+09,[534.060791]
1.74269e+09,[0.376991]
1.74269e+09,[0.366519]
1.74269e+09,[0.376991]
1.74269e+09,[0.366519]
1.74269e+09,[0.387463]
1.74269e+09,[554.664673]
1.74269e+09,[0.376991]
1.74269e+09,[0.387463]
1.74269e+09,[0.387463]
1.74269e+09,[0.397935]
1.74269e+09,[0.387463]
1.74269e+09,[574.900024]
1.74269e+09,[0.397935]
1.74269e+09,[0.397935]
1.74269e+09,[0.408407]
1.74269e+09,[0.397935]
1.74269e+09,[0.408407]
1.74269e+09,[588.598083]
1.74269e+09,[0.408407]
1.74269e+09,[0.418879]
1.74269e+09,[0.418879]
1.74269e+09,[0.418879]
1.74269e+09,[0.418879]
1.74269e+09,[609.872620]
1.74269e+09,[0.429351]
1.74269e+09,[0.429351]
1.74269e+09,[0.439823]
1.74269e+09,[0.429351]
1.74269e+09,[0.450295]
1.74269e+09,[638.097473]
1.74269e+09,[0.439823]
1.74269e+09,[0.450295]
1.74269e+09,[0.439823]
1.74269e+09,[0.460767]
1.74269e+09,[0.450295]
1.74269e+09,[659.116333]
1.74269e+09,[0.460767]
1.74269e+09,[0.450295]
1.74269e+09,[0.471239]
1.74269e+09,[0.460767]
1.74269e+09,[0.471239]
1.74269e+09,[673.181213]
1.74269e+09,[0.460767]
1.74269e+09,[0.481711]
1.74269e+09,[0.471239]
1.74269e+09,[0.481711]
1.74269e+09,[0.471239]
1.74269e+09,[686.430237]
1.74269e+09,[0.492183]
1.74269e+09,[0.481711]
1.74269e+09,[0.492183]
1.74269e+09,[0.481711]
1.74269e+09,[0.502655]
1.74269e+09,[707.076599]
1.74269e+09,[0.481711]
1.74269e+09,[0.502655]
1.74269e+09,[0.492183]
1.74269e+09,[0.502655]
1.74269e+09,[0.492183]
1.74269e+09,[713.924866]
1.74269e+09,[0.502655]
1.74269e+09,[0.492183]
1.74269e+09,[0.502655]
1.74269e+09,[0.502655]
1.74269e+09,[0.502655]
1.74269e+09,[720.963867]
1.74269e+09,[0.502655]
1.74269e+09,[0.502655]
1.74269e+09,[0.513127]
1.74269e+09,[0.513127]
1.74269e+09,[0.513127]
1.74269e+09,[734.161682]
1.74269e+09,[0.513127]
1.74269e+09,[0.513127]
1.74269e+09,[0.513127]
1.74269e+09,[0.523599]
1.74269e+09,[0.513127]
1.74269e+09,[740.993225]
1.74269e+09,[0.523599]
1.74269e+09,[0.513127]
1.74269e+09,[0.523599]
1.74269e+09,[0.513127]
1.74269e+09,[0.534071]
1.74269e+09,[748.771545]
1.74269e+09,[0.513127]
1.74269e+09,[0.534071]
1.74269e+09,[0.513127]
1.74269e+09,[0.534071]
1.74269e+09,[0.513127]
1.74269e+09,[750.446777]
1.74269e+09,[0.534071]
1.74269e+09,[0.513127]
1.74269e+09,[0.534071]
1.74269e+09,[0.513127]
1.74269e+09,[0.534071]
1.74269e+09,[751.871765]
1.74269e+09,[0.513127]
1.74269e+09,[0.534071]
1.74269e+09,[0.513127]
1.74269e+09,[0.534071]
1.74269e+09,[0.513127]
1.74269e+09,[754.153320]
1.74269e+09,[0.534071]
1.74269e+09,[0.513127]
1.74269e+09,[0.534071]
1.74269e+09,[0.513127]
1.74269e+09,[0.534071]
1.74269e+09,[756.277466]
1.74269e+09,[0.513127]
1.74269e+09,[0.534071]
1.74269e+09,[0.513127]
1.74269e+09,[0.534071]
1.74269e+09,[0.513127]
1.74269e+09,[758.055054]
1.74269e+09,[0.534071]
1.74269e+09,[0.513127]
1.74269e+09,[0.534071]
1.74269e+09,[0.513127]
1.74269e+09,[0.534071]
1.74269e+09,[760.782288]
1.74269e+09,[0.513127]
1.74269e+09,[0.534071]
1.74269e+09,[0.513127]
1.74269e+09,[0.534071]
1.74269e+09,[0.513127]
1.74269e+09,[762.933594]
1.74269e+09,[0.534071]
1.74269e+09,[0.502655]
1.74269e+09,[0.534071]
1.74269e+09,[0.502655]
1.74269e+09,[0.534071]
1.74269e+09,[757.615417]
1.74269e+09,[0.492183]
1.74269e+09,[0.534071]
1.74269e+09,[0.492183]
1.74269e+09,[0.523599]
1.74269e+09,[0.481711]
1.74269e+09,[741.277832]
1.74269e+09,[0.523599]
1.74269e+09,[0.471239]
1.74269e+09,[0.513127]
1.74269e+09,[0.471239]
1.74269e+09,[0.513127]
1.74269e+09,[732.885437]
1.74269e+09,[0.460767]
1.74269e+09,[0.502655]
1.74269e+09,[0.460767]
1.74269e+09,[0.502655]
1.74269e+09,[0.450295]
1.74269e+09,[717.664734]
1.74269e+09,[0.492183]
1.74269e+09,[0.439823]
1.74269e+09,[0.481711]
1.74269e+09,[0.429351]
1.74269e+09,[0.481711]
1.74269e+09,[696.382263]
1.74269e+09,[0.429351]
1.74269e+09,[0.471239]
1.74269e+09,[0.418879]
1.74269e+09,[0.460767]
1.74269e+09,[0.408407]
1.74269e+09,[673.951111]
1.74269e+09,[0.460767]
1.74269e+09,[0.408407]
1.74269e+09,[0.450295]
1.74269e+09,[0.397935]
1.74269e+09,[0.439823]
1.74269e+09,[658.367981]
1.74269e+09,[0.387463]
1.74269e+09,[0.439823]
1.74269e+09,[0.387463]
1.74269e+09,[0.429351]
1.74269e+09,[0.376991]
1.74269e+09,[642.713867]
1.74269e+09,[0.418879]
1.74269e+09,[0.376991]
1.74269e+09,[0.408407]
1.74269e+09,[0.366519]
1.74269e+09,[0.397935]
1.74269e+09,[621.765076]
1.74269e+09,[0.356047]
1.74269e+09,[0.387463]
1.74269e+09,[0.356047]
1.74269e+09,[0.387463]
1.74269e+09,[0.345575]
1.74269e+09,[604.098206]
1.74269e+09,[0.376991]
1.74269e+09,[0.345575]
1.74269e+09,[0.366519]
1.74269e+09,[0.335103]
1.74269e+09,[0.356047]
1.74269e+09,[584.301270]
1.74269e+09,[0.324631]
1.74269e+09,[0.345575]
1.74269e+09,[0.314159]
1.74269e+09,[0.335103]
1.74269e+09,[0.303687]
1.74269e+09,[555.719421]
1.74269e+09,[0.324631]
1.74269e+09,[0.293215]
1.74269e+09,[0.314159]
1.74269e+09,[0.282743]
1.74269e+09,[0.303687]
1.74269e+09,[527.978943]
1.74269e+09,[0.272271]
1.74269e+09,[0.293215]
1.74269e+09,[0.272271]
1.74269e+09,[0.282743]
1.74269e+09,[0.261799]
1.74269e+09,[506.192963]
1.74269e+09,[0.272271]
1.74269e+09,[0.251327]
1.74269e+09,[0.261799]
1.74269e+09,[0.240855]
1.74269e+09,[0.251327]
1.74269e+09,[475.439911]
1.74269e+09,[0.240855]
1.74269e+09,[0.240855]
1.74269e+09,[0.230383]
1.74269e+09,[0.230383]
1.74269e+09,[0.230383]
1.74269e+09,[455.639618]
1.74269e+09,[0.219911]
1.74269e+09,[0.219911]
1.74269e+09,[0.209440]
1.74269e+09,[0.219911]
1.74269e+09,[0.198968]
1.74269e+09,[431.673523]
1.74269e+09,[0.209440]
1.74269e+09,[0.188496]
1.74269e+09,[0.209440]
1.74269e+09,[0.178024]
1.74269e+09,[0.209440]
1.74269e+09,[407.109528]
1.74269e+09,[0.167552]
1.74269e+09,[0.209440]
1.74269e+09,[0.157080]
1.74269e+09,[0.198968]
1.74269e+09,[0.146608]
1.74269e+09,[384.677734]
1.74269e+09,[0.198968]
1.74269e+09,[0.146608]
1.74269e+09,[0.188496]
1.74269e+09,[0.136136]
1.74269e+09,[0.188496]
1.74269e+09,[359.919067]
1.74269e+09,[0.136136]
1.74269e+09,[0.188496]
1.74269e+09,[0.125664]
1.74269e+09,[0.178024]
1.74269e+09,[0.115192]
1.74269e+09,[335.864166]
1.74269e+09,[0.178024]
1.74269e+09,[0.115192]
1.74269e+09,[0.178024]
1.74269e+09,[0.104720]
1.74269e+09,[0.178024]
1.74269e+09,[317.809753]
1.74269e+09,[0.104720]
1.74269e+09,[0.167552]
1.74269e+09,[0.104720]
1.74269e+09,[0.167552]
1.74269e+09,[0.094248]
1.74269e+09,[294.498566]
1.74269e+09,[0.167552]
1.74269e+09,[0.094248]
1.74269e+09,[0.167552]
1.74269e+09,[0.083776]
1.74269e+09,[0.167552]
1.74269e+09,[267.128082]
1.74269e+09,[0.083776]
1.74269e+09,[0.167552]
1.74269e+09,[0.083776]
1.74269e+09,[0.167552]
1.74269e+09,[0.083776]
1.74269e+09,[244.570267]
1.74269e+09,[0.167552]
1.74269e+09,[0.083776]
1.74269e+09,[0.167552]
1.74269e+09,[0.083776]
1.74269e+09,[0.167552]
1.74269e+09,[233.841568]
1.74269e+09,[0.083776]
1.74269e+09,[0.167552]
1.74269e+09,[0.083776]
1.74269e+09,[0.167552]
1.74269e+09,[0.083776]
1.74269e+09,[214.638733]
1.74269e+09,[0.167552]
1.74269e+09,[0.083776]
1.74269e+09,[0.167552]
1.74269e+09,[0.083776]
1.74269e+09,[0.167552]
1.74269e+09,[208.222488]
1.74269e+09,[0.083776]
1.74269e+09,[0.167552]
1.74269e+09,[0.083776]
1.74269e+09,[0.167552]
1.74269e+09,[0.083776]
1.74269e+09,[198.300568]
1.74269e+09,[0.167552]
1.74269e+09,[0.083776]
1.74269e+09,[0.167552]
1.74269e+09,[0.083776]
1.74269e+09,[0.167552]
1.74269e+09,[194.520645]
1.74269e+09,[0.083776]
1.74269e+09,[0.167552]
1.74269e+09,[0.083776]
1.74269e+09,[0.167552]
1.74269e+09,[0.083776]
1.74269e+09,[192.123093]
1.74269e+09,[0.167552]
1.74269e+09,[0.083776]
1.74269e+09,[0.167552]
1.74269e+09,[0.094248]
1.74269e+09,[0.167552]
1.74269e+09,[198.545654]
1.74269e+09,[0.104720]
1.74269e+09,[0.167552]
1.74269e+09,[0.104720]
1.74269e+09,[0.178024]
1.74269e+09,[0.115192]
1.74269e+09,[221.354355]
1.74269e+09,[0.188496]
1.74269e+09,[0.125664]
1.74269e+09,[0.198968]
1.74269e+09,[0.136136]
1.74269e+09,[0.209440]
1.74269e+09,[258.475281]
1.74269e+09,[0.146608]
1.74269e+09,[0.219911]
1.74269e+09,[0.157080]
1.74269e+09,[0.219911]
1.74269e+09,[0.167552]
1.74269e+09,[290.325775]
1.74269e+09,[0.230383]
1.74269e+09,[0.178024]
1.74269e+09,[0.240855]
1.74269e+09,[0.188496]
1.74269e+09,[0.251327]
1.74269e+09,[328.095520]
1.74269e+09,[0.198968]
1.74269e+09,[0.261799]
1.74269e+09,[0.209440]
1.74269e+09,[0.272271]
1.74269e+09,[0.219911]
1.74269e+09,[365.915100]
1.74269e+09,[0.282743]
1.74269e+09,[0.230383]
1.74269e+09,[0.293215]
1.74269e+09,[0.240855]
1.74269e+09,[0.303687]
1.74269e+09,[403.331299]
1.74269e+09,[0.251327]
1.74269e+09,[0.314159]
1.74269e+09,[0.261799]
1.74269e+09,[0.324631]
1.74269e+09,[0.272271]
1.74269e+09,[440.709259]
1.74269e+09,[0.335103]
1.74269e+09,[0.282743]
1.74269e+09,[0.345575]
1.74269e+09,[0.293215]
1.74269e+09,[0.356047]
1.74269e+09,[477.613342]
1.74269e+09,[0.303687]
1.74269e+09,[0.356047]
1.74269e+09,[0.314159]
1.74269e+09,[0.366519]
1.74269e+09,[0.324631]
1.74269e+09,[507.194031]
1.74269e+09,[0.376991]
1.74269e+09,[0.335103]
1.74269e+09,[0.387463]
1.74269e+09,[0.345575]
1.74269e+09,[0.387463]
1.74269e+09,[536.373718]
1.74269e+09,[0.356047]
1.74269e+09,[0.397935]
1.74269e+09,[0.356047]
1.74269e+09,[0.397935]
1.74269e+09,[0.366519]
1.74269e+09,[558.190857]
1.74269e+09,[0.408407]
1.74269e+09,[0.366519]
1.74269e+09,[0.408407]
1.74269e+09,[0.376991]
1.74269e+09,[0.418879]
1.74269e+09,[579.249451]
1.74269e+09,[0.387463]
1.74269e+09,[0.418879]
1.74269e+09,[0.387463]
1.74269e+09,[0.429351]
1.74269e+09,[0.397935]
1.74269e+09,[600.819458]
1.74269e+09,[0.429351]
1.74269e+09,[0.397935]
1.74269e+09,[0.439823]
1.74269e+09,[0.397935]
1.74269e+09,[0.439823]
1.74269e+09,[607.579102]
1.74269e+09,[0.408407]
1.74269e+09,[0.450295]
1.74269e+09,[0.408407]
1.74269e+09,[0.450295]
1.74269e+09,[0.418879]
1.74269e+09,[628.970215]
1.74269e+09,[0.460767]
1.74269e+09,[0.418879]
1.74269e+09,[0.460767]
1.74269e+09,[0.429351]
1.74269e+09,[0.471239]
1.74269e+09,[649.919739]
1.74269e+09,[0.429351]
1.74269e+09,[0.481711]
1.74269e+09,[0.439823]
1.74269e+09,[0.481711]
1.74269e+09,[0.439823]
1.74269e+09,[663.954590]
1.74269e+09,[0.492183]
1.74269e+09,[0.450295]
1.74269e+09,[0.502655]
1.74269e+09,[0.450295]
1.74269e+09,[0.502655]
1.74269e+09,[684.785889]
1.74269e+09,[0.460767]
1.74269e+09,[0.513127]
1.74269e+09,[0.460767]
1.74269e+09,[0.513127]
1.74269e+09,[0.471239]
1.74269e+09,[705.617249]
1.74269e+09,[0.523599]
1.74269e+09,[0.471239]
1.74269e+09,[0.523599]
1.74269e+09,[0.471239]
1.74269e+09,[0.523599]
1.74269e+09,[712.365906]
1.74269e+09,[0.481711]
1.74269e+09,[0.534071]
1.74269e+09,[0.481711]
1.74269e+09,[0.534071]
1.74269e+09,[0.481711]
1.74269e+09,[726.101135]
1.74269e+09,[0.534071]
1.74269e+09,[0.492183]
1.74269e+09,[0.534071]
1.74269e+09,[0.492183]
1.74269e+09,[0.544543]
1.74269e+09,[739.715942]
1.74269e+09,[0.492183]
1.74269e+09,[0.544543]
1.74269e+09,[0.492183]
1.74269e+09,[0.544543]
1.74269e+09,[0.502655]
1.74269e+09,[746.694763]
1.74269e+09,[0.544543]
1.74269e+09,[0.502655]
1.74269e+09,[0.544543]
1.74269e+09,[0.502655]
1.74269e+09,[0.544543]
1.74269e+09,[747.133484]
1.74269e+09,[0.513127]
1.74269e+09,[0.544543]
1.74269e+09,[0.513127]
1.74269e+09,[0.544543]
1.74269e+09,[0.513127]
1.74269e+09,[754.291626]
1.74269e+09,[0.544543]
1.74269e+09,[0.513127]
1.74269e+09,[0.544543]
1.74269e+09,[0.513127]
1.74269e+09,[0.544543]
1.74269e+09,[755.037598]
1.74269e+09,[0.513127]
1.74269e+09,[0.544543]
1.74269e+09,[0.513127]
1.74269e+09,[0.544543]
1.74269e+09,[0.513127]
1.74269e+09,[756.356018]
1.74269e+09,[0.544543]
1.74269e+09,[0.513127]
1.74269e+09,[0.544543]
1.74269e+09,[0.513127]
1.74269e+09,[0.544543]
1.74269e+09,[757.830811]
1.74269e+09,[0.513127]
1.74269e+09,[0.544543]
1.74269e+09,[0.513127]
1.74269e+09,[0.544543]
1.74269e+09,[0.513127]
1.74269e+09,[759.073181]
1.74269e+09,[0.544543]
1.74269e+09,[0.513127]
1.74269e+09,[0.544543]
1.74269e+09,[0.513127]
1.74269e+09,[0.534071]
1.74269e+09,[754.737549]
1.74269e+09,[0.513127]
1.74269e+09,[0.534071]
1.74269e+09,[0.513127]
1.74269e+09,[0.534071]
1.74269e+09,[0.513127]
1.74269e+09,[756.415405]
1.74269e+09,[0.523599]
1.74269e+09,[0.513127]
1.74269e+09,[0.523599]
1.74269e+09,[0.513127]
1.74269e+09,[0.513127]
1.74269e+09,[746.405884]
1.74269e+09,[0.513127]
1.74269e+09,[0.513127]
1.74269e+09,[0.513127]
1.74269e+09,[0.513127]
1.74269e+09,[0.513127]
1.74269e+09,[749.708801]
1.74269e+09,[0.502655]
1.74269e+09,[0.513127]
1.74269e+09,[0.492183]
1.74269e+09,[0.513127]
1.74269e+09,[0.492183]
1.74269e+09,[740.853455]
1.74269e+09,[0.513127]
1.74269e+09,[0.481711]
1.74269e+09,[0.513127]
1.74269e+09,[0.481711]
1.74269e+09,[0.513127]
1.74269e+09,[737.184265]
1.74269e+09,[0.471239]
1.74269e+09,[0.513127]
1.74269e+09,[0.471239]
1.74269e+09,[0.513127]
1.74269e+09,[0.460767]
1.74269e+09,[727.671631]
1.74269e+09,[0.502655]
1.74269e+09,[0.460767]
1.74269e+09,[0.502655]
1.74269e+09,[0.450295]
1.74269e+09,[0.492183]
1.74269e+09,[714.427002]
1.74269e+09,[0.439823]
1.74269e+09,[0.492183]
1.74269e+09,[0.429351]
1.74269e+09,[0.481711]
1.74269e+09,[0.429351]
1.74269e+09,[700.091919]
1.74269e+09,[0.481711]
1.74269e+09,[0.418879]
1.74269e+09,[0.471239]
1.74269e+09,[0.408407]
1.74269e+09,[0.460767]
1.74269e+09,[680.645081]
1.74269e+09,[0.408407]
1.74269e+09,[0.460767]
1.74269e+09,[0.397935]
1.74269e+09,[0.450295]
1.74269e+09,[0.397935]
1.74269e+09,[671.139587]
1.74269e+09,[0.439823]
1.74269e+09,[0.387463]
1.74269e+09,[0.439823]
1.74269e+09,[0.387463]
1.74269e+09,[0.429351]
1.74269e+09,[661.792603]
1.74269e+09,[0.376991]
1.74269e+09,[0.418879]
1.74269e+09,[0.376991]
1.74269e+09,[0.418879]
1.74269e+09,[0.366519]
1.74269e+09,[644.560120]
1.74269e+09,[0.408407]
1.74269e+09,[0.366519]
1.74269e+09,[0.397935]
1.74269e+09,[0.356047]
1.74269e+09,[0.397935]
1.74269e+09,[630.906555]
1.74269e+09,[0.356047]
1.74269e+09,[0.387463]
1.74269e+09,[0.345575]
1.74269e+09,[0.376991]
1.74269e+09,[0.345575]
1.74269e+09,[614.485718]
1.74269e+09,[0.366519]
1.74269e+09,[0.335103]
1.74269e+09,[0.366519]
1.74269e+09,[0.335103]
1.74269e+09,[0.356047]
1.74269e+09,[598.223328]
1.74269e+09,[0.324631]
1.74269e+09,[0.345575]
1.74269e+09,[0.324631]
1.74269e+09,[0.335103]
1.74269e+09,[0.314159]
1.74269e+09,[576.453979]
1.74269e+09,[0.324631]
1.74269e+09,[0.314159]
1.74269e+09,[0.314159]
1.74269e+09,[0.303687]
1.74269e+09,[0.303687]
1.74269e+09,[555.690369]
1.74269e+09,[0.303687]
1.74269e+09,[0.293215]
1.74269e+09,[0.293215]
1.74269e+09,[0.282743]
1.74269e+09,[0.282743]
1.74269e+09,[530.746155]
1.74269e+09,[0.272271]
1.74269e+09,[0.272271]
1.74269e+09,[0.261799]
1.74269e+09,[0.272271]
1.74269e+09,[0.251327]
1.74269e+09,[511.062103]
1.74269e+09,[0.261799]
1.74269e+09,[0.240855]
1.74269e+09,[0.251327]
1.74269e+09,[0.230383]
1.74269e+09,[0.240855]
1.74269e+09,[476.827271]
1.74269e+09,[0.219911]
1.74269e+09,[0.240855]
1.74269e+09,[0.209440]
1.74269e+09,[0.230383]
1.74269e+09,[0.209440]
1.74269e+09,[462.725220]
1.74269e+09,[0.230383]
1.74269e+09,[0.198968]
1.74269e+09,[0.230383]
1.74269e+09,[0.188496]
1.74269e+09,[0.219911]
1.74269e+09,[444.665314]
1.74269e+09,[0.188496]
1.74269e+09,[0.219911]
1.74269e+09,[0.178024]
1.74269e+09,[0.209440]
1.74269e+09,[0.178024]
1.74269e+09,[424.713440]
1.74269e+09,[0.209440]
1.74269e+09,[0.167552]
1.74269e+09,[0.198968]
1.74269e+09,[0.167552]
1.74269e+09,[0.198968]
1.74269e+09,[404.603333]
1.74269e+09,[0.157080]
1.74269e+09,[0.188496]
1.74269e+09,[0.146608]
1.74269e+09,[0.188496]
1.74269e+09,[0.146608]
1.74269e+09,[385.196106]
1.74269e+09,[0.188496]
1.74269e+09,[0.136136]
1.74269e+09,[0.178024]
1.74269e+09,[0.125664]
1.74269e+09,[0.178024]
1.74269e+09,[356.777252]
1.74269e+09,[0.115192]
1.74269e+09,[0.178024]
1.74269e+09,[0.115192]
1.74269e+09,[0.167552]
1.74269e+09,[0.104720]
1.74269e+09,[326.428223]
1.74269e+09,[0.167552]
1.74269e+09,[0.094248]
1.74269e+09,[0.167552]
1.74269e+09,[0.094248]
1.74269e+09,[0.167552]
1.74269e+09,[308.075256]
1.74269e+09,[0.083776]
1.74269e+09,[0.167552]
1.74269e+09,[0.073304]
1.74269e+09,[0.167552]
1.74269e+09,[0.073304]
1.74269e+09,[284.443420]
1.74269e+09,[0.167552]
1.74269e+09,[0.073304]
1.74269e+09,[0.167552]
1.74269e+09,[0.062832]
1.74269e+09,[0.167552]
1.74269e+09,[263.969269]
1.74269e+09,[0.062832]
1.74269e+09,[0.167552]
1.74269e+09,[0.052360]
1.74269e+09,[0.167552]
1.74269e+09,[0.052360]
1.74269e+09,[250.968765]
1.74269e+09,[0.157080]
1.74269e+09,[0.052360]
1.74269e+09,[0.157080]
1.74269e+09,[0.052360]
1.74269e+09,[0.157080]
1.74269e+09,[226.610825]
1.74269e+09,[0.052360]
1.74269e+09,[0.157080]
1.74269e+09,[0.052360]
1.74269e+09,[0.157080]
1.74269e+09,[0.052360]
1.74269e+09,[216.947723]
1.74269e+09,[0.146608]
1.74269e+09,[0.041888]
1.74269e+09,[0.146608]
1.74269e+09,[0.041888]
1.74269e+09,[0.146608]
1.74269e+09,[190.081741]
1.74269e+09,[0.041888]
1.74269e+09,[0.136136]
1.74269e+09,[0.041888]
1.74269e+09,[0.136136]
1.74269e+09,[0.041888]
1.74269e+09,[166.824539]
1.74269e+09,[0.136136]
1.74269e+09,[0.041888]
1.74269e+09,[0.136136]
1.74269e+09,[0.041888]
1.74269e+09,[0.136136]
1.74269e+09,[158.774704]
1.74269e+09,[0.041888]
1.74269e+09,[0.136136]
1.74269e+09,[0.041888]
1.74269e+09,[0.136136]
1.74269e+09,[0.041888]
1.74269e+09,[145.804062]
1.74269e+09,[0.136136]
1.74269e+09,[0.041888]
1.74269e+09,[0.136136]
1.74269e+09,[0.041888]
1.74269e+09,[0.136136]
1.74269e+09,[140.395355]
1.74269e+09,[0.041888]
1.74269e+09,[0.136136]
1.74269e+09,[0.041888]
1.74269e+09,[0.136136]
1.74269e+09,[0.041888]
1.74269e+09,[136.571426]
1.74269e+09,[0.136136]
1.74269e+09,[0.041888]
1.74269e+09,[0.125664]
1.74269e+09,[0.041888]
1.74269e+09,[0.125664]
1.74269e+09,[127.065727]
1.74269e+09,[0.031416]
1.74269e+09,[0.125664]
1.74269e+09,[0.031416]
1.74269e+09,[0.125664]
1.74269e+09,[0.031416]
1.74269e+09,[118.292450]
1.74269e+09,[0.115192]
1.74269e+09,[0.020944]
1.74269e+09,[0.115192]
1.74269e+09,[0.020944]
1.74269e+09,[0.115192]
1.74269e+09,[104.677025]
1.74269e+09,[0.020944]
1.74269e+09,[0.104720]
1.74269e+09,[0.020944]
1.74269e+09,[0.104720]
1.74269e+09,[0.010472]
1.74269e+09,[97.046753]
1.74269e+09,[0.094248]
1.74269e+09,[0.010472]
1.74269e+09,[0.094248]
1.74269e+09,[0.010472]
1.74269e+09,[0.083776]
1.74269e+09,[81.861282]
1.74269e+09,[0.010472]
1.74269e+09,[0.083776]
1.74269e+09,[0.010472]
1.74269e+09,[0.083776]
1.74269e+09,[0.010472]
1.74269e+09,[81.861282]
1.74269e+09,[0.083776]
1.74269e+09,[0.010472]
1.74269e+09,[0.073304]
1.74269e+09,[0.010472]
1.74269e+09,[0.073304]
1.74269e+09,[74.334587]
1.74269e+09,[0.010472]
1.74269e+09,[0.073304]
1.74269e+09,[0.010472]
1.74269e+09,[0.073304]
1.74269e+09,[0.010472]
1.74269e+09,[74.334587]
1.74269e+09,[0.073304]
1.74269e+09,[0.010472]
1.74269e+09,[0.073304]
1.74269e+09,[0.010472]
1.74269e+09,[0.073304]
1.74269e+09,[74.334587]
1.74269e+09,[0.010472]
1.74269e+09,[0.073304]
1.74269e+09,[0.010472]
1.74269e+09,[0.062832]
1.74269e+09,[0.010472]
1.74269e+09,[66.884384]
1.74269e+09,[0.062832]
1.74269e+09,[0.010472]
1.74269e+09,[0.062832]
1.74269e+09,[0.010472]
1.74269e+09,[0.062832]
1.74269e+09,[66.884384]
1.74269e+09,[0.010472]
1.74269e+09,[0.062832]
1.74269e+09,[0.010472]
1.74269e+09,[0.062832]
1.74269e+09,[0.010472]
1.74269e+09,[66.884384]
1.74269e+09,[0.062832]
1.74269e+09,[0.010472]
1.74269e+09,[0.062832]
1.74269e+09,[0.010472]
1.74269e+09,[0.052360]
1.74269e+09,[63.023640]
1.74269e+09,[0.010472]
1.74269e+09,[0.052360]
1.74269e+09,[0.010472]
1.74269e+09,[0.052360]
1.74269e+09,[0.000000]
1.74269e+09,[61.179283]
1.74269e+09,[0.052360]
1.74269e+09,[0.000000]
1.74269e+09,[0.052360]
1.74269e+09,[0.000000]
1.74269e+09,[0.052360]
1.74269e+09,[61.179283]
1.74269e+09,[0.000000]
1.74269e+09,[0.041888]
1.74269e+09,[-0.000000]
1.74269e+09,[0.041888]
1.74269e+09,[-0.000000]
1.74269e+09,[54.698063]
1.74269e+09,[0.041888]
1.74269e+09,[-0.000000]
1.74269e+09,[0.041888]
1.74269e+09,[-0.000000]
1.74269e+09,[0.041888]
1.74269e+09,[54.698063]
1.74269e+09,[-0.000000]
1.74269e+09,[0.031416]
1.74269e+09,[-0.010472]
1.74269e+09,[0.031416]
1.74269e+09,[-0.010472]
1.74269e+09,[45.661030]
1.74269e+09,[0.031416]
1.74269e+09,[-0.010472]
1.74269e+09,[0.031416]
1.74269e+09,[-0.010472]
1.74269e+09,[0.031416]
1.74269e+09,[45.661030]
1.74269e+09,[-0.010472]
1.74269e+09,[0.031416]
1.74269e+09,[-0.010472]
1.74269e+09,[0.031416]
1.74269e+09,[-0.010472]
1.74269e+09,[45.661030]
1.74269e+09,[0.031416]
1.74269e+09,[-0.010472]
1.74269e+09,[0.031416]
1.74269e+09,[-0.010472]
1.74269e+09,[0.031416]
1.74269e+09,[42.201305]
1.74269e+09,[-0.010472]
1.74269e+09,[0.031416]
1.74269e+09,[-0.010472]
1.74269e+09,[0.031416]
1.74269e+09,[-0.010472]
1.74269e+09,[42.201305]
1.74269e+09,[0.031416]
1.74269e+09,[-0.010472]
1.74269e+09,[0.031416]
1.74269e+09,[-0.010472]
1.74269e+09,[0.031416]
1.74269e+09,[42.201305]
1.74269e+09,[-0.010472]
1.74269e+09,[0.031416]
1.74269e+09,[-0.010472]
1.74269e+09,[0.031416]
1.74269e+09,[-0.010472]
1.74269e+09,[42.201305]
1.74269e+09,[0.031416]
1.74269e+09,[-0.010472]
1.74269e+09,[0.031416]
1.74269e+09,[-0.010472]
1.74269e+09,[0.031416]
1.74269e+09,[42.201305]
1.74269e+09,[-0.010472]
1.74269e+09,[0.031416]
1.74269e+09,[-0.010472]
1.74269e+09,[0.031416]
1.74269e+09,[-0.010472]
1.74269e+09,[42.201305]
1.74269e+09,[0.031416]
1.74269e+09,[-0.010472]
1.74269e+09,[0.031416]
1.74269e+09,[-0.010472]
1.74269e+09,[0.031416]
1.74269e+09,[42.201305]
1.74269e+09,[-0.010472]
1.74269e+09,[0.031416]
1.74269e+09,[-0.010472]
1.74269e+09,[0.031416]
1.74269e+09,[-0.010472]
1.74269e+09,[42.201305]
1.74269e+09,[0.031416]
1.74269e+09,[-0.010472]
1.74269e+09,[0.031416]
1.74269e+09,[-0.010472]
1.74269e+09,[0.031416]
1.74269e+09,[42.201305]
1.74269e+09,[-0.010472]
1.74269e+09,[0.031416]
1.74269e+09,[-0.010472]
1.74269e+09,[0.031416]
1.74269e+09,[-0.010472]
1.74269e+09,[42.201305]
1.74269e+09,[0.031416]
1.74269e+09,[-0.010472]
1.74269e+09,[0.031416]
1.74269e+09,[-0.010472]
1.74269e+09,[0.031416]
1.74269e+09,[42.201305]
1.74269e+09,[-0.010472]
1.74269e+09,[0.031416]
1.74269e+09,[-0.010472]
1.74269e+09,[0.031416]
1.74269e+09,[-0.010472]
1.74269e+09,[42.201305]
1.74269e+09,[0.031416]
1.74269e+09,[-0.010472]
1.74269e+09,[0.031416]
1.74269e+09,[-0.010472]
1.74269e+09,[0.031416]
1.74269e+09,[42.201305]
1.74269e+09,[-0.010472]
1.74269e+09,[0.031416]
1.74269e+09,[-0.010472]
1.74269e+09,[0.031416]
1.74269e+09,[-0.010472]
1.74269e+09,[42.201305]
1.74269e+09,[0.031416]
1.74269e+09,[-0.010472]
1.74269e+09,[0.031416]
1.74269e+09,[-0.010472]
1.74269e+09,[0.031416]
1.74269e+09,[42.201305]
1.74269e+09,[-0.010472]
1.74269e+09,[0.031416]
1.74269e+09,[-0.010472]
1.74269e+09,[0.031416]
1.74269e+09,[-0.010472]
1.74269e+09,[42.201305]
1.74269e+09,[0.031416]
1.74269e+09,[-0.010472]
1.74269e+09,[0.031416]
1.74269e+09,[-0.010472]
1.74269e+09,[0.031416]
1.74269e+09,[42.201305]
1.74269e+09,[-0.010472]
1.74269e+09,[0.031416]
1.74269e+09,[-0.010472]
1.74269e+09,[0.031416]
1.74269e+09,[-0.010472]
1.74269e+09,[42.201305]
1.74269e+09,[0.031416]
1.74269e+09,[-0.010472]
1.74269e+09,[0.031416]
1.74269e+09,[-0.010472]
1.74269e+09,[0.031416]
1.74269e+09,[42.201305]
1.74269e+09,[-0.010472]
1.74269e+09,[0.031416]
1.74269e+09,[-0.010472]
1.74269e+09,[0.031416]
1.74269e+09,[-0.010472]
1.74269e+09,[42.201305]
1.74269e+09,[0.031416]
1.74269e+09,[-0.010472]
1.74269e+09,[0.031416]
1.74269e+09,[-0.010472]
1.74269e+09,[0.031416]
1.74269e+09,[42.201305]
1.74269e+09,[-0.010472]
1.74269e+09,[0.031416]
1.74269e+09,[-0.010472]
1.74269e+09,[0.031416]
1.74269e+09,[-0.010472]
1.74269e+09,[42.201305]
1.74269e+09,[0.031416]
1.74269e+09,[-0.010472]
1.74269e+09,[0.031416]
1.74269e+09,[-0.010472]
1.74269e+09,[0.031416]
1.74269e+09,[42.201305]
1.74269e+09,[-0.010472]
1.74269e+09,[0.031416]
1.74269e+09,[-0.010472]
1.74269e+09,[0.031416]
1.74269e+09,[-0.010472]
1.74269e+09,[42.201305]
1.74269e+09,[0.031416]
1.74269e+09,[-0.010472]
1.74269e+09,[0.031416]
1.74269e+09,[-0.010472]
1.74269e+09,[0.031416]
1.74269e+09,[42.201305]
1.74269e+09,[-0.010472]
1.74269e+09,[0.031416]
1.74269e+09,[-0.010472]
1.74269e+09,[0.031416]
1.74269e+09,[-0.010472]
1.74269e+09,[42.201305]
1.74269e+09,[0.031416]
1.74269e+09,[-0.010472]
1.74269e+09,[0.031416]
1.74269e+09,[-0.010472]
1.74269e+09,[0.031416]
1.74269e+09,[42.201305]
1.74269e+09,[-0.010472]
1.74269e+09,[0.031416]
1.74269e+09,[-0.010472]
1.74269e+09,[0.031416]
1.74269e+09,[-0.010472]
1.74269e+09,[42.201305]
1.74269e+09,[0.031416]
1.74269e+09,[-0.010472]
1.74269e+09,[0.031416]
1.74269e+09,[-0.010472]
1.74269e+09,[0.031416]
1.74269e+09,[42.201305]
1.74269e+09,[-0.010472]
1.74269e+09,[0.031416]
1.74269e+09,[-0.010472]
1.74269e+09,[0.031416]
1.74269e+09,[-0.010472]
1.74269e+09,[42.201305]
1.74269e+09,[0.031416]
1.74269e+09,[-0.010472]
1.74269e+09,[0.031416]
1.74269e+09,[-0.010472]
1.74269e+09,[0.031416]
1.74269e+09,[42.201305]
1.74269e+09,[-0.010472]
1.74269e+09,[0.031416]
1.74269e+09,[-0.010472]
1.74269e+09,[0.031416]
1.74269e+09,[-0.010472]
1.74269e+09,[42.201305]
1.74269e+09,[0.031416]
1.74269e+09,[-0.010472]
1.74269e+09,[0.031416]
1.74269e+09,[-0.010472]
1.74269e+09,[0.031416]
1.74269e+09,[42.201305]
1.74269e+09,[-0.010472]
1.74269e+09,[0.031416]
1.74269e+09,[-0.010472]
1.74269e+09,[0.031416]
1.74269e+09,[-0.010472]
1.74269e+09,[42.201305]
1.74269e+09,[0.031416]
1.74269e+09,[-0.010472]
1.74269e+09,[0.031416]
1.74269e+09,[-0.010472]
1.74269e+09,[0.031416]
1.74269e+09,[42.201305]
1.74269e+09,[-0.010472]
1.74269e+09,[0.031416]
1.74269e+09,[-0.010472]
1.74269e+09,[0.031416]
1.74269e+09,[-0.010472]
1.74269e+09,[42.201305]
1.74269e+09,[0.031416]
1.74269e+09,[-0.010472]
1.74269e+09,[0.031416]
1.74269e+09,[-0.010472]
1.74269e+09,[0.031416]
1.74269e+09,[42.201305]
1.74269e+09,[-0.010472]
1.74269e+09,[0.031416]
1.74269e+09,[-0.010472]
1.74269e+09,[0.031416]
1.74269e+09,[-0.010472]
1.74269e+09,[42.201305]
1.74269e+09,[0.031416]
1.74269e+09,[-0.010472]
1.74269e+09,[0.031416]
1.74269e+09,[-0.010472]
1.74269e+09,[0.031416]
1.74269e+09,[42.201305]
1.74269e+09,[-0.010472]
1.74269e+09,[0.031416]
1.74269e+09,[-0.010472]
1.74269e+09,[0.031416]
1.74269e+09,[-0.010472]
1.74269e+09,[42.201305]
1.74269e+09,[0.031416]
1.74269e+09,[-0.010472]
1.74269e+09,[0.031416]
1.74269e+09,[-0.010472]
1.74269e+09,[0.031416]
1.74269e+09,[42.201305]
1.74269e+09,[-0.010472]
1.74269e+09,[0.031416]
1.74269e+09,[-0.010472]
1.74269e+09,[0.031416]
1.74269e+09,[-0.010472]
1.74269e+09,[0.031416]
1.74269e+09,[-0.010472]
1.74269e+09,[0.031416]
1.74269e+09,[-0.010472]
1.74269e+09,[0.031416]
1.74269e+09,[-0.010472]
1.74269e+09,[0.031416]
1.74269e+09,[-0.010472]
1.74269e+09,[0.031416]
1.74269e+09,[-0.010472]
1.74269e+09,[0.031416]
1.74269e+09,[-0.010472]
1.74269e+09,[0.031416]
1.74269e+09,[-0.010472]
1.74269e+09,[0.031416]
1.74269e+09,[-0.010472]
1.74269e+09,[0.031416]
1.74269e+09,[-0.010472]
1.74269e+09,[0.031416]
1.74269e+09,[-0.010472]
1.74269e+09,[0.031416]
1.74269e+09,[-0.010472]
1.74269e+09,[0.031416]
1.74269e+09,[-0.010472]
1.74269e+09,[0.031416]
1.74269e+09,[-0.010472]
1.74269e+09,[0.031416]
1.74269e+09,[-0.010472]
1.74269e+09,[0.031416]
1.74269e+09,[-0.010472]
1.74269e+09,[0.031416]
1.74269e+09,[-0.010472]
1.74269e+09,[0.031416]
1.74269e+09,[-0.010472]
1.74269e+09,[0.031416]
1.74269e+09,[-0.010472]
1.74269e+09,[0.031416]
1.74269e+09,[-0.010472]
1.74269e+09,[0.031416]
1.74269e+09,[-0.010472]
1.74269e+09,[0.031416]
1.74269e+09,[-0.010472]
1.74269e+09,[0.031416]
1.74269e+09,[-0.010472]
1.74269e+09,[0.031416]
1.74269e+09,[-0.010472]
1.74269e+09,[0.031416]
1.74269e+09,[-0.010472]
1.74269e+09,[0.031416]
1.74269e+09,[-0.010472]
1.74269e+09,[0.031416]
1.74269e+09,[-0.010472]
1.74269e+09,[0.031416]
1.74269e+09,[-0.010472]
1.74269e+09,[0.031416]
1.74269e+09,[-0.010472]
1.74269e+09,[0.031416]
1.74269e+09,[-0.010472]
1.74269e+09,[0.031416]
1.74269e+09,[-0.010472]
1.74269e+09,[0.031416]
1.74269e+09,[-0.010472]
1.74269e+09,[0.031416]
1.74269e+09,[-0.010472]
1.74269e+09,[0.031416]
1.74269e+09,[-0.010472]
1.74269e+09,[0.031416]
1.74269e+09,[-0.010472]
1.74269e+09,[0.031416]
1.74269e+09,[-0.010472]
1.74269e+09,[0.031416]
1.74269e+09,[-0.010472]
1.74269e+09,[0.031416]
1.74269e+09,[-0.010472]
1.74269e+09,[0.031416]
1.74269e+09,[-0.010472]
1.74269e+09,[0.031416]
1.74269e+09,[-0.010472]
1.74269e+09,[0.031416]
1.74269e+09,[-0.010472]
1.74269e+09,[0.031416]
1.74269e+09,[-0.010472]
1.74269e+09,[0.031416]
1.74269e+09,[-0.010472]
1.74269e+09,[0.031416]
1.74269e+09,[-0.010472]
1.74269e+09,[0.031416]
1.74269e+09,[-0.010472]
1.74269e+09,[0.031416]
1.74269e+09,[-0.010472]
1.74269e+09,[0.031416]
1.74269e+09,[-0.010472]
1.74269e+09,[0.031416]
1.74269e+09,[-0.010472]
1.74269e+09,[0.031416]
1.74269e+09,[-0.010472]
1.74269e+09,[0.031416]
1.74269e+09,[-0.010472]
1.74269e+09,[0.031416]
1.74269e+09,[-0.010472]
