Timestamp,Data
1.74261e+09,[-0.002485, -0.001319, 67.633011]
1.74261e+09,[-0.002485, -0.001319, 67.633011]
1.74261e+09,[-0.002485, -0.001319, 67.633011]
1.74261e+09,[-0.002485, -0.001319, 67.633011]
1.74261e+09,[-0.002485, -0.001319, 67.633011]
1.74261e+09,[-0.002485, -0.001319, 67.633011]
1.74261e+09,[-0.002485, -0.001319, 67.633011]
1.74261e+09,[-0.002485, -0.001319, 67.633011]
1.74261e+09,[-0.002485, -0.001319, 67.633011]
1.74261e+09,[-0.002485, -0.001319, 67.633011]
1.74261e+09,[-0.002485, -0.001319, 67.633011]
1.74261e+09,[-0.002485, -0.001319, 67.633011]
1.74261e+09,[-0.002485, -0.001319, 67.633011]
1.74261e+09,[-0.002485, -0.001319, 67.633011]
1.74261e+09,[-0.002485, -0.001319, 67.633011]
1.74261e+09,[-0.002485, -0.001319, 67.633011]
1.74261e+09,[-0.002485, -0.001319, 67.633011]
1.74261e+09,[-0.002485, -0.001319, 67.633011]
1.74261e+09,[-0.002485, -0.001319, 67.633011]
1.74261e+09,[-0.002485, -0.001319, 67.633011]
1.74261e+09,[-0.002485, -0.001319, 67.633011]
1.74261e+09,[-0.002485, -0.001319, 67.633011]
1.74261e+09,[-0.002485, -0.001319, 67.633011]
1.74261e+09,[-0.002485, -0.001319, 67.633011]
1.74261e+09,[-0.002485, -0.001319, 67.633011]
1.74261e+09,[-0.002485, -0.001319, 67.633011]
1.74261e+09,[-0.002485, -0.001319, 67.633011]
1.74261e+09,[-0.002485, -0.001319, 67.633011]
1.74261e+09,[-0.002485, -0.001319, 67.633011]
1.74261e+09,[-0.002485, -0.001319, 67.633011]
1.74261e+09,[-0.002485, -0.001319, 67.633011]
1.74261e+09,[-0.002485, -0.001319, 67.633011]
1.74261e+09,[-0.002485, -0.001319, 67.633011]
1.74261e+09,[-0.002485, -0.001319, 67.633011]
1.74261e+09,[-0.002485, -0.001319, 67.633011]
1.74261e+09,[-0.002485, -0.001319, 67.633011]
1.74261e+09,[-0.002485, -0.001319, 67.633011]
1.74261e+09,[-0.002485, -0.001585, 72.359314]
1.74261e+09,[-0.002485, -0.001390, 68.899582]
1.74261e+09,[-0.002485, -0.001865, 77.331345]
1.74261e+09,[-0.002485, -0.003344, 103.631783]
1.74261e+09,[-0.002485, -0.002562, 89.721924]
1.74261e+09,[-0.002485, -0.002946, 96.560883]
1.74261e+09,[-0.002485, -0.002946, 96.560883]
1.74261e+09,[-0.002485, -0.002946, 96.560883]
1.74261e+09,[-0.002485, -0.004163, 118.192101]
1.74261e+09,[-0.002812, -0.002779, 99.396339]
1.74261e+09,[-0.003166, -0.002241, 96.132828]
1.74261e+09,[-0.003166, -0.002198, 95.362473]
1.74261e+09,[-0.003539, -0.002241, 102.756882]
1.74261e+09,[-0.003539, -0.002367, 104.983101]
1.74261e+09,[-0.003924, -0.002562, 115.310654]
1.74261e+09,[-0.003924, -0.002562, 115.310654]
1.74261e+09,[-0.003924, -0.002562, 115.310654]
1.74261e+09,[-0.003924, -0.002562, 115.310654]
1.74261e+09,[-0.003924, -0.002562, 115.310654]
1.74261e+09,[-0.003924, -0.002562, 115.310654]
1.74261e+09,[-0.003924, -0.002562, 115.310654]
1.74261e+09,[-0.003924, -0.002562, 115.310654]
1.74261e+09,[-0.003924, -0.002562, 115.310654]
1.74261e+09,[-0.003924, -0.002562, 115.310654]
1.74261e+09,[-0.003924, -0.002562, 115.310654]
1.74261e+09,[-0.003924, -0.002562, 115.310654]
1.74261e+09,[-0.003924, -0.002812, 119.761688]
1.74261e+09,[-0.003924, -0.002812, 119.761688]
1.74261e+09,[-0.004320, -0.003104, 131.985641]
1.74261e+09,[-0.004722, -0.003428, 144.885941]
1.74261e+09,[-0.004722, -0.003774, 151.040863]
1.74261e+09,[-0.005130, -0.003774, 158.286652]
1.74261e+09,[-0.005541, -0.003774, 165.601608]
1.74261e+09,[-0.005541, -0.004137, 172.059891]
1.74261e+09,[-0.005541, -0.004137, 172.059891]
1.74261e+09,[-0.005541, -0.004513, 178.745850]
1.74261e+09,[-0.005541, -0.004513, 178.745850]
1.74261e+09,[-0.005541, -0.004513, 178.745850]
1.74261e+09,[-0.005541, -0.004513, 178.745850]
1.74261e+09,[-0.005541, -0.004513, 178.745850]
1.74261e+09,[-0.005541, -0.004513, 178.745850]
1.74261e+09,[-0.005541, -0.004513, 178.745850]
1.74261e+09,[-0.005541, -0.004513, 178.745850]
1.74261e+09,[-0.005541, -0.004513, 178.745850]
1.74261e+09,[-0.005541, -0.004513, 178.745850]
1.74261e+09,[-0.005541, -0.004513, 178.745850]
1.74261e+09,[-0.005541, -0.004513, 178.745850]
1.74261e+09,[-0.005130, -0.004513, 171.430908]
1.74261e+09,[-0.004722, -0.004137, 157.499146]
1.74261e+09,[-0.004722, -0.003774, 151.040863]
1.74261e+09,[-0.003924, -0.003428, 130.703445]
1.74261e+09,[-0.003924, -0.003104, 124.956589]
1.74261e+09,[-0.003539, -0.002812, 112.902321]
1.74261e+09,[-0.003166, -0.002812, 106.278275]
1.74261e+09,[-0.002812, -0.002562, 95.535591]
1.74261e+09,[-0.002812, -0.002367, 92.067390]
1.74261e+09,[-0.002812, -0.002241, 89.841187]
1.74261e+09,[-0.002812, -0.002241, 89.841187]
1.74261e+09,[-0.002812, -0.002241, 89.841187]
1.74261e+09,[-0.002812, -0.002241, 89.841187]
1.74261e+09,[-0.002485, -0.002198, 83.257156]
1.74261e+09,[-0.002485, -0.002198, 83.257156]
1.74261e+09,[-0.002562, -0.002241, 85.390144]
1.74261e+09,[-0.002562, -0.002241, 85.390144]
1.74261e+09,[-0.002367, -0.002241, 81.921944]
1.74261e+09,[-0.002367, -0.002241, 81.921944]
1.74261e+09,[-0.002367, -0.002241, 81.921944]
1.74261e+09,[-0.002367, -0.002367, 84.148163]
1.74261e+09,[-0.002241, -0.002562, 85.390144]
1.74261e+09,[-0.002241, -0.002562, 85.390144]
1.74261e+09,[-0.002637, -0.002812, 96.876900]
1.74261e+09,[-0.002637, -0.003104, 102.071800]
1.74261e+09,[-0.002637, -0.003104, 102.071800]
1.74261e+09,[-0.002673, -0.003104, 102.714249]
1.74261e+09,[-0.002673, -0.003104, 102.714249]
1.74261e+09,[-0.002673, -0.003104, 102.714249]
1.74261e+09,[-0.002673, -0.003104, 102.714249]
1.74261e+09,[-0.002673, -0.003104, 102.714249]
1.74261e+09,[-0.002673, -0.003104, 102.714249]
1.74261e+09,[-0.002673, -0.003104, 102.714249]
1.74261e+09,[-0.002673, -0.003104, 102.714249]
1.74261e+09,[-0.002673, -0.003104, 102.714249]
1.74261e+09,[-0.002673, -0.003104, 102.714249]
1.74261e+09,[-0.002673, -0.003428, 108.461098]
1.74261e+09,[-0.002673, -0.003774, 114.616035]
1.74261e+09,[-0.002673, -0.003428, 108.461098]
1.74261e+09,[-0.002673, -0.003428, 108.461098]
1.74261e+09,[-0.002673, -0.003166, 103.810997]
1.74261e+09,[-0.002637, -0.002946, 99.264832]
1.74261e+09,[-0.002673, -0.003621, 111.905960]
1.74261e+09,[-0.002779, -0.003621, 113.782944]
1.74261e+09,[-0.002779, -0.003198, 106.256256]
1.74261e+09,[-0.002779, -0.003198, 106.256256]
1.74261e+09,[-0.002779, -0.003198, 106.256256]
1.74261e+09,[-0.002779, -0.003198, 106.256256]
1.74261e+09,[-0.002779, -0.003198, 106.256256]
1.74261e+09,[-0.002779, -0.002779, 98.806046]
1.74261e+09,[-0.002779, -0.003198, 106.256256]
1.74261e+09,[-0.002779, -0.002367, 91.477104]
1.74261e+09,[-0.002779, -0.002367, 91.477104]
1.74261e+09,[-0.002779, -0.002367, 91.477104]
1.74261e+09,[-0.002779, -0.002367, 91.477104]
1.74261e+09,[-0.002779, -0.001966, 84.350037]
1.74261e+09,[-0.002779, -0.001966, 84.350037]
1.74261e+09,[-0.002779, -0.002779, 98.806046]
1.74261e+09,[-0.002779, -0.002779, 98.806046]
1.74261e+09,[-0.002779, -0.001966, 84.350037]
1.74261e+09,[-0.002779, -0.001966, 84.350037]
1.74261e+09,[-0.002779, -0.001966, 84.350037]
1.74261e+09,[-0.002779, -0.001966, 84.350037]
1.74261e+09,[-0.002779, -0.001966, 84.350037]
1.74261e+09,[-0.002779, -0.001966, 84.350037]
1.74261e+09,[-0.002779, -0.001966, 84.350037]
1.74261e+09,[-0.002779, -0.001966, 84.350037]
1.74261e+09,[-0.002779, -0.001966, 84.350037]
1.74261e+09,[-0.002779, -0.001966, 84.350037]
1.74261e+09,[-0.002779, -0.001966, 84.350037]
1.74261e+09,[-0.002779, -0.001966, 84.350037]
1.74261e+09,[-0.002779, -0.001966, 84.350037]
1.74261e+09,[-0.002779, -0.001966, 84.350037]
1.74261e+09,[-0.002779, -0.001966, 84.350037]
1.74261e+09,[-0.002779, -0.001966, 84.350037]
1.74261e+09,[-0.002779, -0.001966, 84.350037]
1.74261e+09,[-0.002779, -0.001966, 84.350037]
1.74261e+09,[-0.002779, -0.001966, 84.350037]
1.74261e+09,[-0.002779, -0.001966, 84.350037]
1.74261e+09,[-0.002779, -0.001966, 84.350037]
1.74261e+09,[-0.002779, -0.001966, 84.350037]
1.74261e+09,[-0.002779, -0.001966, 84.350037]
1.74261e+09,[-0.002779, -0.001966, 84.350037]
1.74261e+09,[-0.002779, -0.001966, 84.350037]
1.74261e+09,[-0.002779, -0.001966, 84.350037]
1.74261e+09,[-0.002779, -0.001966, 84.350037]
1.74261e+09,[-0.002779, -0.001966, 84.350037]
1.74261e+09,[-0.002779, -0.001966, 84.350037]
1.74261e+09,[-0.002779, -0.001966, 84.350037]
1.74261e+09,[-0.002779, -0.001966, 84.350037]
1.74261e+09,[-0.002779, -0.001966, 84.350037]
1.74261e+09,[-0.002779, -0.001966, 84.350037]
1.74261e+09,[-0.002779, -0.001966, 84.350037]
1.74261e+09,[-0.002779, -0.001966, 84.350037]
1.74261e+09,[-0.002779, -0.001966, 84.350037]
1.74261e+09,[-0.002779, -0.001966, 84.350037]
1.74261e+09,[-0.002779, -0.001966, 84.350037]
1.74261e+09,[-0.002779, -0.001966, 84.350037]
1.74261e+09,[-0.002779, -0.001966, 84.350037]
1.74261e+09,[-0.002779, -0.001966, 84.350037]
1.74261e+09,[-0.002779, -0.001966, 84.350037]
1.74261e+09,[-0.002779, -0.001966, 84.350037]
1.74261e+09,[-0.002779, -0.001966, 84.350037]
1.74261e+09,[-0.002779, -0.001966, 84.350037]
1.74261e+09,[-0.002779, -0.001966, 84.350037]
1.74261e+09,[-0.002779, -0.001966, 84.350037]
1.74261e+09,[-0.002779, -0.001966, 84.350037]
1.74261e+09,[-0.002779, -0.001966, 84.350037]
1.74261e+09,[-0.002779, -0.001966, 84.350037]
1.74261e+09,[-0.002779, -0.001966, 84.350037]
1.74261e+09,[-0.002779, -0.001966, 84.350037]
1.74261e+09,[-0.002779, -0.001966, 84.350037]
1.74261e+09,[-0.002779, -0.001966, 84.350037]
1.74261e+09,[-0.002779, -0.001966, 84.350037]
1.74261e+09,[-0.002779, -0.001966, 84.350037]
1.74261e+09,[-0.002779, -0.001966, 84.350037]
1.74261e+09,[-0.002779, -0.001966, 84.350037]
1.74261e+09,[-0.002779, -0.001966, 84.350037]
1.74261e+09,[-0.002779, -0.001966, 84.350037]
1.74261e+09,[-0.002779, -0.001966, 84.350037]
1.74261e+09,[-0.002779, -0.001966, 84.350037]
1.74261e+09,[-0.002779, -0.001966, 84.350037]
1.74261e+09,[-0.002779, -0.001966, 84.350037]
1.74261e+09,[-0.002779, -0.001966, 84.350037]
1.74261e+09,[-0.002779, -0.001966, 84.350037]
1.74261e+09,[-0.002779, -0.001966, 84.350037]
1.74261e+09,[-0.002779, -0.001966, 84.350037]
1.74261e+09,[-0.002779, -0.001966, 84.350037]
1.74261e+09,[-0.002779, -0.001966, 84.350037]
1.74261e+09,[-0.002779, -0.001966, 84.350037]
1.74261e+09,[-0.002779, -0.001966, 84.350037]
1.74261e+09,[-0.002779, -0.001966, 84.350037]
1.74261e+09,[-0.002779, -0.001966, 84.350037]
1.74261e+09,[-0.002779, -0.001966, 84.350037]
1.74261e+09,[-0.002779, -0.001966, 84.350037]
1.74261e+09,[-0.002779, -0.001966, 84.350037]
1.74261e+09,[-0.002779, -0.001966, 84.350037]
1.74261e+09,[-0.002779, -0.001966, 84.350037]
1.74261e+09,[-0.002779, -0.001966, 84.350037]
1.74261e+09,[-0.002779, -0.001966, 84.350037]
1.74261e+09,[-0.002779, -0.001966, 84.350037]
1.74261e+09,[-0.002779, -0.001966, 84.350037]
1.74261e+09,[-0.002779, -0.001966, 84.350037]
1.74261e+09,[-0.002779, -0.001966, 84.350037]
1.74261e+09,[-0.002779, -0.001966, 84.350037]
1.74261e+09,[-0.002779, -0.001966, 84.350037]
1.74261e+09,[-0.002779, -0.001966, 84.350037]
1.74261e+09,[-0.002779, -0.001966, 84.350037]
1.74261e+09,[-0.002779, -0.001966, 84.350037]
1.74261e+09,[-0.002779, -0.001966, 84.350037]
1.74261e+09,[-0.002779, -0.001966, 84.350037]
1.74261e+09,[-0.002779, -0.001966, 84.350037]
1.74261e+09,[-0.002779, -0.001966, 84.350037]
1.74261e+09,[-0.002779, -0.001966, 84.350037]
1.74261e+09,[-0.002779, -0.001966, 84.350037]
1.74261e+09,[-0.002779, -0.001966, 84.350037]
1.74261e+09,[-0.002779, -0.001966, 84.350037]
1.74261e+09,[-0.002779, -0.001966, 84.350037]
1.74261e+09,[-0.002779, -0.001966, 84.350037]
1.74261e+09,[-0.002779, -0.001966, 84.350037]
1.74261e+09,[-0.002779, -0.001966, 84.350037]
1.74261e+09,[-0.002779, -0.001966, 84.350037]
1.74261e+09,[-0.002779, -0.001966, 84.350037]
1.74261e+09,[-0.002779, -0.001966, 84.350037]
1.74261e+09,[-0.002779, -0.001966, 84.350037]
1.74261e+09,[-0.002779, -0.001966, 84.350037]
1.74261e+09,[-0.002779, -0.001966, 84.350037]
1.74261e+09,[-0.002779, -0.001966, 84.350037]
1.74261e+09,[-0.002779, -0.001966, 84.350037]
1.74261e+09,[-0.002779, -0.001966, 84.350037]
1.74261e+09,[-0.002779, -0.001966, 84.350037]
1.74261e+09,[-0.002779, -0.001966, 84.350037]
1.74261e+09,[-0.002779, -0.001966, 84.350037]
1.74261e+09,[-0.002779, -0.001966, 84.350037]
1.74261e+09,[-0.002779, -0.001966, 84.350037]
1.74261e+09,[-0.002779, -0.001966, 84.350037]
1.74261e+09,[-0.002779, -0.001966, 84.350037]
1.74261e+09,[-0.002779, -0.001966, 84.350037]
1.74261e+09,[-0.002779, -0.001966, 84.350037]
1.74261e+09,[-0.002779, -0.001966, 84.350037]
1.74261e+09,[-0.002779, -0.001966, 84.350037]
1.74261e+09,[-0.002779, -0.001966, 84.350037]
1.74261e+09,[-0.002779, -0.001966, 84.350037]
1.74261e+09,[-0.002779, -0.001966, 84.350037]
1.74261e+09,[-0.002779, -0.001966, 84.350037]
1.74261e+09,[-0.002779, -0.001966, 84.350037]
1.74261e+09,[-0.002779, -0.001966, 84.350037]
1.74261e+09,[-0.002779, -0.001966, 84.350037]
1.74261e+09,[-0.002779, -0.001966, 84.350037]
1.74261e+09,[-0.002779, -0.001966, 84.350037]
1.74261e+09,[-0.002779, -0.001966, 84.350037]
1.74261e+09,[-0.002779, -0.001966, 84.350037]
1.74261e+09,[-0.002779, -0.001966, 84.350037]
1.74261e+09,[-0.002779, -0.001966, 84.350037]
1.74261e+09,[-0.002779, -0.001966, 84.350037]
1.74261e+09,[-0.002779, -0.001966, 84.350037]
1.74261e+09,[-0.002779, -0.001966, 84.350037]
1.74261e+09,[-0.002779, -0.001966, 84.350037]
1.74261e+09,[-0.002779, -0.001966, 84.350037]
1.74261e+09,[-0.002779, -0.001966, 84.350037]
1.74261e+09,[-0.002779, -0.001966, 84.350037]
1.74261e+09,[-0.002779, -0.001966, 84.350037]
1.74261e+09,[-0.002779, -0.001966, 84.350037]
1.74261e+09,[-0.002779, -0.001966, 84.350037]
1.74261e+09,[-0.002779, -0.001966, 84.350037]
1.74261e+09,[-0.002779, -0.001966, 84.350037]
1.74261e+09,[-0.002779, -0.001966, 84.350037]
1.74261e+09,[-0.002779, -0.001966, 84.350037]
1.74261e+09,[-0.002779, -0.001966, 84.350037]
1.74261e+09,[-0.002779, -0.001966, 84.350037]
1.74261e+09,[-0.002779, -0.001966, 84.350037]
1.74261e+09,[-0.002779, -0.001966, 84.350037]
1.74261e+09,[-0.002779, -0.001966, 84.350037]
1.74261e+09,[-0.002779, -0.001966, 84.350037]
1.74261e+09,[-0.002779, -0.001966, 84.350037]
1.74261e+09,[-0.002779, -0.001966, 84.350037]
1.74261e+09,[-0.002779, -0.001966, 84.350037]
1.74261e+09,[-0.002779, -0.001966, 84.350037]
1.74261e+09,[-0.002779, -0.001966, 84.350037]
1.74261e+09,[-0.002779, -0.001966, 84.350037]
1.74261e+09,[-0.002779, -0.001966, 84.350037]
1.74261e+09,[-0.002779, -0.001966, 84.350037]
1.74261e+09,[-0.002779, -0.001966, 84.350037]
1.74261e+09,[-0.002779, -0.001966, 84.350037]
1.74261e+09,[-0.002779, -0.001966, 84.350037]
1.74261e+09,[-0.002779, -0.001966, 84.350037]
1.74261e+09,[-0.002779, -0.001966, 84.350037]
1.74261e+09,[-0.002779, -0.001966, 84.350037]
1.74261e+09,[-0.002779, -0.001966, 84.350037]
1.74261e+09,[-0.002779, -0.001966, 84.350037]
1.74261e+09,[-0.002779, -0.001966, 84.350037]
1.74261e+09,[-0.002779, -0.001966, 84.350037]
1.74261e+09,[-0.002779, -0.001966, 84.350037]
1.74261e+09,[-0.002779, -0.001966, 84.350037]
1.74261e+09,[-0.002779, -0.001966, 84.350037]
1.74261e+09,[-0.002779, -0.001966, 84.350037]
1.74261e+09,[-0.002779, -0.001966, 84.350037]
1.74261e+09,[-0.002779, -0.001966, 84.350037]
1.74261e+09,[-0.002779, -0.001966, 84.350037]
1.74261e+09,[-0.002779, -0.001966, 84.350037]
1.74261e+09,[-0.002779, -0.001966, 84.350037]
1.74261e+09,[-0.002779, -0.001966, 84.350037]
1.74261e+09,[-0.002779, -0.001966, 84.350037]
1.74261e+09,[-0.002779, -0.001966, 84.350037]
1.74261e+09,[-0.002779, -0.001966, 84.350037]
1.74261e+09,[-0.002779, -0.001966, 84.350037]
1.74261e+09,[-0.002779, -0.001966, 84.350037]
1.74261e+09,[-0.002779, -0.001966, 84.350037]
1.74261e+09,[-0.002779, -0.001966, 84.350037]
1.74261e+09,[-0.002779, -0.001966, 84.350037]
1.74261e+09,[-0.002779, -0.001966, 84.350037]
1.74261e+09,[-0.002779, -0.001966, 84.350037]
1.74261e+09,[-0.002779, -0.001966, 84.350037]
1.74261e+09,[-0.002779, -0.001966, 84.350037]
1.74261e+09,[-0.002779, -0.001966, 84.350037]
1.74261e+09,[-0.002779, -0.001966, 84.350037]
1.74261e+09,[-0.002779, -0.001966, 84.350037]
1.74261e+09,[-0.002779, -0.001966, 84.350037]
1.74261e+09,[-0.002779, -0.001966, 84.350037]
1.74261e+09,[-0.002779, -0.001966, 84.350037]
1.74261e+09,[-0.002779, -0.001966, 84.350037]
1.74261e+09,[-0.002779, -0.001966, 84.350037]
1.74261e+09,[-0.002779, -0.001966, 84.350037]
1.74261e+09,[-0.002779, -0.001966, 84.350037]
1.74261e+09,[-0.002779, -0.001966, 84.350037]
1.74261e+09,[-0.002779, -0.001966, 84.350037]
1.74261e+09,[-0.002779, -0.001966, 84.350037]
1.74261e+09,[-0.002779, -0.001966, 84.350037]
1.74261e+09,[-0.002779, -0.001966, 84.350037]
1.74261e+09,[-0.002779, -0.001966, 84.350037]
1.74261e+09,[-0.002779, -0.001966, 84.350037]
1.74261e+09,[-0.002779, -0.001966, 84.350037]
1.74261e+09,[-0.002779, -0.001966, 84.350037]
1.74261e+09,[-0.002779, -0.001966, 84.350037]
1.74261e+09,[-0.002779, -0.001966, 84.350037]
1.74261e+09,[-0.002779, -0.001966, 84.350037]
1.74261e+09,[-0.002779, -0.001966, 84.350037]
1.74261e+09,[-0.002779, -0.001966, 84.350037]
1.74261e+09,[-0.002779, -0.001966, 84.350037]
1.74261e+09,[-0.002779, -0.001966, 84.350037]
1.74261e+09,[-0.002779, -0.001966, 84.350037]
1.74261e+09,[-0.002779, -0.001966, 84.350037]
1.74261e+09,[-0.002779, -0.001966, 84.350037]
1.74261e+09,[-0.002779, -0.001966, 84.350037]
1.74261e+09,[-0.002779, -0.001966, 84.350037]
1.74261e+09,[-0.002779, -0.001966, 84.350037]
1.74261e+09,[-0.002779, -0.001966, 84.350037]
1.74261e+09,[-0.002779, -0.001966, 84.350037]
1.74261e+09,[-0.002779, -0.001966, 84.350037]
1.74261e+09,[-0.002779, -0.001966, 84.350037]
1.74261e+09,[-0.002779, -0.001966, 84.350037]
1.74261e+09,[-0.002779, -0.001966, 84.350037]
1.74261e+09,[-0.002779, -0.001966, 84.350037]
1.74261e+09,[-0.002779, -0.001966, 84.350037]
1.74261e+09,[-0.002779, -0.001966, 84.350037]
1.74261e+09,[-0.002779, -0.001966, 84.350037]
1.74261e+09,[-0.002779, -0.001966, 84.350037]
1.74261e+09,[-0.002779, -0.001966, 84.350037]
1.74261e+09,[-0.002779, -0.001966, 84.350037]
1.74261e+09,[-0.002779, -0.001966, 84.350037]
1.74261e+09,[-0.002779, -0.001966, 84.350037]
1.74261e+09,[-0.002779, -0.001966, 84.350037]
1.74261e+09,[-0.002779, -0.001966, 84.350037]
1.74261e+09,[-0.002779, -0.001966, 84.350037]
1.74261e+09,[-0.002779, -0.001966, 84.350037]
1.74261e+09,[-0.002779, -0.001966, 84.350037]
1.74261e+09,[-0.002779, -0.001966, 84.350037]
1.74261e+09,[-0.002779, -0.001966, 84.350037]
1.74261e+09,[-0.002779, -0.001966, 84.350037]
1.74261e+09,[-0.002779, -0.001966, 84.350037]
1.74261e+09,[-0.002779, -0.001966, 84.350037]
1.74261e+09,[-0.002779, -0.001966, 84.350037]
1.74261e+09,[-0.002779, -0.001966, 84.350037]
1.74261e+09,[-0.002779, -0.001966, 84.350037]
1.74261e+09,[-0.002779, -0.001966, 84.350037]
1.74261e+09,[-0.002779, -0.001966, 84.350037]
1.74261e+09,[-0.002779, -0.001966, 84.350037]
1.74261e+09,[-0.002779, -0.001966, 84.350037]
1.74261e+09,[-0.002779, -0.001966, 84.350037]
1.74261e+09,[-0.002779, -0.001966, 84.350037]
1.74261e+09,[-0.002779, -0.001966, 84.350037]
1.74261e+09,[-0.002779, -0.001966, 84.350037]
1.74261e+09,[-0.002779, -0.001966, 84.350037]
1.74261e+09,[-0.002779, -0.001966, 84.350037]
1.74261e+09,[-0.002779, -0.001966, 84.350037]
1.74261e+09,[-0.002779, -0.001966, 84.350037]
1.74261e+09,[-0.002779, -0.001966, 84.350037]
1.74261e+09,[-0.002779, -0.001966, 84.350037]
1.74261e+09,[-0.002779, -0.001966, 84.350037]
1.74261e+09,[-0.002779, -0.001966, 84.350037]
1.74261e+09,[-0.002779, -0.001966, 84.350037]
1.74261e+09,[-0.002779, -0.001966, 84.350037]
1.74261e+09,[-0.002779, -0.001966, 84.350037]
1.74261e+09,[-0.002779, -0.001966, 84.350037]
1.74261e+09,[-0.002779, -0.001966, 84.350037]
1.74261e+09,[-0.002779, -0.001966, 84.350037]
1.74261e+09,[-0.002779, -0.001966, 84.350037]
1.74261e+09,[-0.002779, -0.001966, 84.350037]
1.74261e+09,[-0.002779, -0.001966, 84.350037]
1.74261e+09,[-0.002779, -0.001966, 84.350037]
1.74261e+09,[-0.002779, -0.001966, 84.350037]
1.74261e+09,[-0.002779, -0.001966, 84.350037]
1.74261e+09,[-0.002779, -0.001966, 84.350037]
1.74261e+09,[-0.002779, -0.001966, 84.350037]
1.74261e+09,[-0.002779, -0.001966, 84.350037]
1.74261e+09,[-0.002779, -0.001966, 84.350037]
1.74261e+09,[-0.002779, -0.001966, 84.350037]
1.74261e+09,[-0.002779, -0.001966, 84.350037]
1.74261e+09,[-0.002779, -0.001966, 84.350037]
1.74261e+09,[-0.002779, -0.001966, 84.350037]
1.74261e+09,[-0.002779, -0.001966, 84.350037]
1.74261e+09,[-0.002779, -0.001966, 84.350037]
1.74261e+09,[-0.002779, -0.001966, 84.350037]
1.74261e+09,[-0.002779, -0.001966, 84.350037]
1.74261e+09,[-0.002779, -0.001966, 84.350037]
1.74261e+09,[-0.002779, -0.001966, 84.350037]
1.74261e+09,[-0.002779, -0.001966, 84.350037]
1.74261e+09,[-0.002779, -0.001966, 84.350037]
1.74261e+09,[-0.002779, -0.001966, 84.350037]
1.74261e+09,[-0.002779, -0.001966, 84.350037]
1.74261e+09,[-0.002779, -0.001966, 84.350037]
1.74261e+09,[-0.002779, -0.001966, 84.350037]
1.74261e+09,[-0.002779, -0.001966, 84.350037]
1.74261e+09,[-0.002779, -0.002367, 91.477104]
1.74261e+09,[-0.002779, -0.002367, 91.477104]
1.74261e+09,[-0.002779, -0.001966, 84.350037]
1.74261e+09,[-0.002779, -0.001966, 84.350037]
1.74261e+09,[-0.002779, -0.001966, 84.350037]
1.74261e+09,[-0.002779, -0.001966, 84.350037]
1.74261e+09,[-0.002779, -0.001966, 84.350037]
1.74261e+09,[-0.002779, -0.001966, 84.350037]
1.74261e+09,[-0.002779, -0.001966, 84.350037]
1.74261e+09,[-0.002779, -0.001966, 84.350037]
1.74261e+09,[-0.002779, -0.001966, 84.350037]
1.74261e+09,[-0.002779, -0.001966, 84.350037]
1.74261e+09,[-0.002779, -0.002367, 91.477104]
1.74261e+09,[-0.002779, -0.001966, 84.350037]
1.74261e+09,[-0.002779, -0.001966, 84.350037]
1.74261e+09,[-0.002779, -0.002367, 91.477104]
1.74261e+09,[-0.002779, -0.001966, 84.350037]
1.74261e+09,[-0.002779, -0.001966, 84.350037]
1.74261e+09,[-0.002779, -0.002367, 91.477104]
1.74261e+09,[-0.002779, -0.002241, 89.250893]
1.74261e+09,[-0.002946, -0.001759, 83.648384]
1.74261e+09,[-0.003166, -0.001813, 88.511597]
1.74261e+09,[-0.003722, -0.001966, 101.119576]
1.74261e+09,[-0.003722, -0.002562, 111.714851]
1.74261e+09,[-0.004383, -0.002812, 127.909752]
1.74261e+09,[-0.004739, -0.002812, 134.235016]
1.74261e+09,[-0.005107, -0.003539, 153.691803]
1.74261e+09,[-0.005484, -0.003924, 167.262085]
1.74261e+09,[-0.005869, -0.004320, 181.136459]
1.74261e+09,[-0.006260, -0.004722, 195.242096]
1.74261e+09,[-0.007056, -0.005541, 223.945892]
1.74261e+09,[-0.007458, -0.006095, 240.942795]
1.74261e+09,[-0.008271, -0.006911, 269.897766]
1.74261e+09,[-0.008271, -0.007323, 277.216309]
1.74261e+09,[-0.009089, -0.007736, 299.108002]
1.74261e+09,[-0.009089, -0.008150, 306.475403]
1.74261e+09,[-0.009910, -0.008679, 330.477509]
1.74261e+09,[-0.010321, -0.009089, 345.070862]
1.74261e+09,[-0.010733, -0.009398, 357.872498]
1.74261e+09,[-0.011555, -0.009814, 379.888885]
1.74261e+09,[-0.011966, -0.010646, 401.978699]
1.74261e+09,[-0.012376, -0.011352, 421.820221]
1.74261e+09,[-0.013194, -0.011647, 441.619507]
1.74261e+09,[-0.013601, -0.012054, 456.092072]
1.74261e+09,[-0.013601, -0.012556, 465.020599]
1.74261e+09,[-0.014008, -0.012957, 479.386749]
1.74261e+09,[-0.014414, -0.012957, 486.600647]
1.74261e+09,[-0.014819, -0.013270, 499.361359]
1.74261e+09,[-0.015222, -0.013675, 513.722168]
1.74261e+09,[-0.015624, -0.014078, 528.046021]
1.74261e+09,[-0.016025, -0.014481, 542.329834]
1.74261e+09,[-0.016025, -0.014481, 542.329834]
1.74261e+09,[-0.016424, -0.014883, 556.570679]
1.74261e+09,[-0.016822, -0.015283, 570.765686]
1.74261e+09,[-0.017219, -0.015683, 584.912170]
1.74261e+09,[-0.017613, -0.016081, 599.007507]
1.74261e+09,[-0.018006, -0.016539, 614.138062]
1.74261e+09,[-0.018397, -0.016539, 621.093323]
1.74261e+09,[-0.018787, -0.017323, 641.956848]
1.74261e+09,[-0.018787, -0.017323, 641.956848]
1.74261e+09,[-0.019560, -0.018102, 669.541077]
1.74261e+09,[-0.019560, -0.018488, 676.418274]
1.74261e+09,[-0.020326, -0.018874, 696.872803]
1.74261e+09,[-0.020326, -0.018926, 697.802979]
1.74261e+09,[-0.021083, -0.019686, 724.779358]
1.74261e+09,[-0.021083, -0.020114, 732.385315]
1.74261e+09,[-0.021831, -0.020487, 752.325745]
1.74261e+09,[-0.021831, -0.020487, 752.325745]
1.74261e+09,[-0.022202, -0.020859, 765.521362]
1.74261e+09,[-0.022570, -0.021228, 778.642334]
1.74261e+09,[-0.022937, -0.021228, 785.151978]
1.74261e+09,[-0.022937, -0.021596, 791.686890]
1.74261e+09,[-0.023300, -0.021961, 804.653015]
1.74261e+09,[-0.023300, -0.021961, 804.653015]
1.74261e+09,[-0.023662, -0.022325, 817.539124]
1.74261e+09,[-0.024020, -0.022686, 830.343140]
1.74261e+09,[-0.024377, -0.023046, 843.063599]
1.74261e+09,[-0.024377, -0.023046, 843.063599]
1.74261e+09,[-0.024730, -0.023403, 855.698425]
1.74261e+09,[-0.025082, -0.023403, 861.939819]
1.74261e+09,[-0.025430, -0.023403, 868.133850]
1.74261e+09,[-0.025430, -0.023403, 868.133850]
1.74261e+09,[-0.025776, -0.023757, 880.586121]
1.74261e+09,[-0.025776, -0.023757, 880.586121]
1.74261e+09,[-0.026119, -0.023757, 886.683105]
1.74261e+09,[-0.026119, -0.023757, 886.683105]
1.74261e+09,[-0.026119, -0.024110, 892.948059]
1.74261e+09,[-0.026119, -0.024110, 892.948059]
1.74261e+09,[-0.026119, -0.024516, 900.177673]
1.74261e+09,[-0.026119, -0.024516, 900.177673]
1.74261e+09,[-0.026119, -0.024516, 900.177673]
1.74261e+09,[-0.026119, -0.024516, 900.177673]
1.74261e+09,[-0.026119, -0.024860, 906.283203]
1.74261e+09,[-0.026119, -0.024860, 906.283203]
1.74261e+09,[-0.026119, -0.024860, 906.283203]
1.74261e+09,[-0.026119, -0.024889, 906.811157]
1.74261e+09,[-0.026119, -0.025201, 912.346313]
1.74261e+09,[-0.026119, -0.025201, 912.346313]
1.74261e+09,[-0.026119, -0.025201, 912.346313]
1.74261e+09,[-0.026119, -0.025201, 912.346313]
1.74261e+09,[-0.026119, -0.025201, 912.346313]
1.74261e+09,[-0.026119, -0.025201, 912.346313]
1.74261e+09,[-0.026119, -0.025201, 912.346313]
1.74261e+09,[-0.026119, -0.025201, 912.346313]
1.74261e+09,[-0.026119, -0.025201, 912.346313]
1.74261e+09,[-0.026119, -0.025201, 912.346313]
1.74261e+09,[-0.026119, -0.025228, 912.833374]
1.74261e+09,[-0.026119, -0.025201, 912.346313]
1.74261e+09,[-0.026119, -0.025201, 912.346313]
1.74261e+09,[-0.026119, -0.025201, 912.346313]
1.74261e+09,[-0.026119, -0.024860, 906.283203]
1.74261e+09,[-0.025776, -0.024860, 900.186157]
1.74261e+09,[-0.025430, -0.024171, 881.787903]
1.74261e+09,[-0.025430, -0.024171, 881.787903]
1.74261e+09,[-0.024730, -0.023823, 863.165100]
1.74261e+09,[-0.024377, -0.023472, 850.650208]
1.74261e+09,[-0.024020, -0.023081, 837.361267]
1.74261e+09,[-0.023662, -0.022724, 824.635803]
1.74261e+09,[-0.023300, -0.022325, 811.115784]
1.74261e+09,[-0.022937, -0.021961, 798.186157]
1.74261e+09,[-0.022570, -0.021596, 785.177185]
1.74261e+09,[-0.022202, -0.021185, 771.325562]
1.74261e+09,[-0.021831, -0.020813, 758.121704]
1.74261e+09,[-0.021458, -0.020439, 744.843018]
1.74261e+09,[-0.021083, -0.020439, 738.170654]
1.74261e+09,[-0.020705, -0.020064, 724.780273]
1.74261e+09,[-0.020326, -0.019686, 711.319824]
1.74261e+09,[-0.019944, -0.019686, 704.534424]
1.74261e+09,[-0.019560, -0.019307, 690.969910]
1.74261e+09,[-0.019174, -0.018926, 677.340088]
1.74261e+09,[-0.018787, -0.018488, 662.671875]
1.74261e+09,[-0.018397, -0.018102, 648.871399]
1.74261e+09,[-0.018006, -0.017713, 635.010681]
1.74261e+09,[-0.018006, -0.017323, 628.078369]
1.74261e+09,[-0.017613, -0.016932, 614.134033]
1.74261e+09,[-0.017219, -0.016539, 600.135437]
1.74261e+09,[-0.016822, -0.016145, 586.085022]
1.74261e+09,[-0.016822, -0.016145, 586.085022]
1.74261e+09,[-0.016025, -0.015750, 564.885803]
1.74261e+09,[-0.016025, -0.015353, 557.839172]
1.74261e+09,[-0.015624, -0.015353, 550.714111]
1.74261e+09,[-0.015624, -0.014956, 543.649292]
1.74261e+09,[-0.015222, -0.014956, 536.500000]
1.74261e+09,[-0.015222, -0.014956, 536.500000]
1.74261e+09,[-0.014819, -0.014558, 522.246460]
1.74261e+09,[-0.014819, -0.014558, 522.246460]
1.74261e+09,[-0.014414, -0.014158, 507.956604]
1.74261e+09,[-0.014008, -0.014158, 500.742706]
1.74261e+09,[-0.013601, -0.013675, 484.909790]
1.74261e+09,[-0.013194, -0.013675, 477.660217]
1.74261e+09,[-0.012785, -0.013270, 463.206726]
1.74261e+09,[-0.012865, -0.013270, 464.633484]
1.74261e+09,[-0.012460, -0.012865, 450.222412]
1.74261e+09,[-0.012054, -0.012865, 443.004425]
1.74261e+09,[-0.012054, -0.012460, 435.793915]
1.74261e+09,[-0.011647, -0.012460, 428.570892]
1.74261e+09,[-0.011647, -0.012054, 421.352905]
1.74261e+09,[-0.011241, -0.011647, 406.904663]
1.74261e+09,[-0.011241, -0.011241, 399.679474]
1.74261e+09,[-0.010835, -0.011241, 392.455200]
1.74261e+09,[-0.010428, -0.010835, 378.010925]
1.74261e+09,[-0.010428, -0.010428, 370.790955]
1.74261e+09,[-0.010023, -0.010023, 356.367554]
1.74261e+09,[-0.010023, -0.010023, 356.367554]
1.74261e+09,[-0.009618, -0.009618, 341.969452]
1.74261e+09,[-0.009618, -0.009618, 341.969452]
1.74261e+09,[-0.009214, -0.009214, 327.606750]
1.74261e+09,[-0.009214, -0.008811, 320.448883]
1.74261e+09,[-0.008811, -0.008410, 306.163361]
1.74261e+09,[-0.008811, -0.008410, 306.163361]
1.74261e+09,[-0.008410, -0.007615, 284.904175]
1.74261e+09,[-0.008410, -0.007615, 284.904175]
1.74261e+09,[-0.008012, -0.007223, 270.831238]
1.74261e+09,[-0.008012, -0.006834, 263.919891]
1.74261e+09,[-0.008012, -0.006450, 257.096924]
1.74261e+09,[-0.008012, -0.006072, 250.382355]
1.74261e+09,[-0.007615, -0.005702, 236.758972]
1.74261e+09,[-0.007223, -0.005702, 229.775543]
1.74261e+09,[-0.006834, -0.005341, 216.446930]
1.74261e+09,[-0.006834, -0.005341, 216.446930]
1.74261e+09,[-0.006834, -0.004992, 210.232483]
1.74261e+09,[-0.006450, -0.004656, 197.446579]
1.74261e+09,[-0.006450, -0.004338, 191.796448]
1.74261e+09,[-0.006450, -0.004338, 191.796448]
1.74261e+09,[-0.006072, -0.004043, 179.821152]
1.74261e+09,[-0.005702, -0.004043, 173.239807]
1.74261e+09,[-0.005702, -0.003774, 168.462646]
1.74261e+09,[-0.005341, -0.003539, 157.864410]
1.74261e+09,[-0.005341, -0.003539, 157.864410]
1.74261e+09,[-0.004992, -0.003344, 148.193085]
1.74261e+09,[-0.004992, -0.003344, 148.193085]
1.74261e+09,[-0.004656, -0.003198, 139.631256]
1.74261e+09,[-0.004656, -0.003198, 139.631256]
1.74261e+09,[-0.004338, -0.003107, 132.362640]
1.74261e+09,[-0.004338, -0.003076, 131.812424]
1.74261e+09,[-0.004338, -0.003076, 131.812424]
1.74261e+09,[-0.004043, -0.003107, 127.101883]
1.74261e+09,[-0.003774, -0.003107, 122.324738]
1.74261e+09,[-0.003774, -0.003107, 122.324738]
1.74261e+09,[-0.003539, -0.003107, 118.143753]
1.74261e+09,[-0.003539, -0.003198, 119.762238]
1.74261e+09,[-0.003344, -0.003344, 118.904266]
1.74261e+09,[-0.003344, -0.003344, 118.904266]
1.74261e+09,[-0.003198, -0.003344, 116.305367]
1.74261e+09,[-0.003198, -0.003344, 116.305367]
1.74261e+09,[-0.003198, -0.003539, 119.762238]
1.74261e+09,[-0.003198, -0.003539, 119.762238]
1.74261e+09,[-0.003198, -0.003539, 119.762238]
1.74261e+09,[-0.003198, -0.003539, 119.762238]
1.74261e+09,[-0.003198, -0.003539, 119.762238]
1.74261e+09,[-0.003107, -0.003774, 122.324738]
1.74261e+09,[-0.003542, -0.003774, 130.050003]
1.74261e+09,[-0.003542, -0.004043, 134.827148]
1.74261e+09,[-0.003514, -0.004338, 139.607361]
1.74261e+09,[-0.003514, -0.004656, 145.257477]
1.74261e+09,[-0.003514, -0.004656, 145.257477]
1.74261e+09,[-0.003514, -0.004656, 145.257477]
1.74261e+09,[-0.003514, -0.004656, 145.257477]
1.74261e+09,[-0.003514, -0.004656, 145.257477]
1.74261e+09,[-0.003514, -0.004656, 145.257477]
1.74261e+09,[-0.003514, -0.004953, 150.528870]
1.74261e+09,[-0.003514, -0.004953, 150.528870]
1.74261e+09,[-0.003542, -0.004338, 140.087906]
1.74261e+09,[-0.003621, -0.004383, 142.296356]
1.74261e+09,[-0.003751, -0.004137, 140.226913]
1.74261e+09,[-0.003924, -0.003924, 139.536758]
1.74261e+09,[-0.004383, -0.003751, 144.595078]
1.74261e+09,[-0.004656, -0.003621, 147.157944]
1.74261e+09,[-0.004953, -0.003542, 151.009415]
1.74261e+09,[-0.005268, -0.003542, 156.619293]
1.74261e+09,[-0.005600, -0.003542, 162.508255]
1.74261e+09,[-0.005944, -0.003621, 170.047180]
1.74261e+09,[-0.006299, -0.003344, 171.428284]
1.74261e+09,[-0.006662, -0.003539, 181.351074]
1.74261e+09,[-0.007033, -0.003774, 192.127991]
1.74261e+09,[-0.007410, -0.004043, 203.608902]
1.74261e+09,[-0.008179, -0.004656, 228.180389]
1.74261e+09,[-0.008569, -0.004656, 235.109055]
1.74261e+09,[-0.008961, -0.004992, 248.051147]
1.74261e+09,[-0.009356, -0.005341, 261.286011]
1.74261e+09,[-0.009753, -0.005702, 274.757019]
1.74261e+09,[-0.010551, -0.006072, 295.519562]
1.74261e+09,[-0.010951, -0.006450, 309.350433]
1.74261e+09,[-0.011352, -0.006834, 323.300476]
1.74261e+09,[-0.011753, -0.007458, 341.536926]
1.74261e+09,[-0.012154, -0.007864, 355.876740]
1.74261e+09,[-0.012556, -0.008271, 370.250153]
1.74261e+09,[-0.012957, -0.008679, 384.646545]
1.74261e+09,[-0.013759, -0.008981, 404.267914]
1.74261e+09,[-0.014158, -0.008981, 411.376678]
1.74261e+09,[-0.014558, -0.009398, 425.870087]
1.74261e+09,[-0.014956, -0.009814, 440.350494]
1.74261e+09,[-0.015750, -0.010574, 467.976074]
1.74261e+09,[-0.015750, -0.010574, 467.976074]
1.74261e+09,[-0.016145, -0.010993, 482.451447]
1.74261e+09,[-0.016539, -0.011411, 496.891937]
1.74261e+09,[-0.016932, -0.012245, 518.697937]
1.74261e+09,[-0.016932, -0.012245, 518.697937]
1.74261e+09,[-0.017323, -0.013075, 540.407410]
1.74261e+09,[-0.017713, -0.013488, 554.685059]
1.74261e+09,[-0.018102, -0.013900, 568.913818]
1.74261e+09,[-0.018102, -0.013900, 568.913818]
1.74261e+09,[-0.018488, -0.014311, 583.091187]
1.74261e+09,[-0.018874, -0.014720, 597.214966]
1.74261e+09,[-0.019257, -0.015128, 611.282837]
1.74261e+09,[-0.019257, -0.015534, 618.506897]
1.74261e+09,[-0.019639, -0.015939, 632.489380]
1.74261e+09,[-0.020019, -0.015939, 639.242310]
1.74261e+09,[-0.020019, -0.016342, 646.410583]
1.74261e+09,[-0.020397, -0.016744, 660.268616]
1.74261e+09,[-0.020773, -0.017143, 674.061523]
1.74261e+09,[-0.020773, -0.017143, 674.061523]
1.74261e+09,[-0.021518, -0.017938, 701.444031]
1.74261e+09,[-0.021518, -0.018332, 708.455750]
1.74261e+09,[-0.021888, -0.018725, 722.007629]
1.74261e+09,[-0.022256, -0.019115, 735.485962]
1.74261e+09,[-0.022256, -0.019504, 742.393066]
1.74261e+09,[-0.022621, -0.019504, 748.889038]
1.74261e+09,[-0.022984, -0.019890, 762.215027]
1.74261e+09,[-0.022984, -0.020275, 769.048096]
1.74261e+09,[-0.023345, -0.020657, 782.257202]
1.74261e+09,[-0.023704, -0.020657, 788.629150]
1.74261e+09,[-0.024060, -0.021037, 801.713867]
1.74261e+09,[-0.024413, -0.021037, 807.998840]
1.74261e+09,[-0.024413, -0.021415, 814.714722]
1.74261e+09,[-0.024764, -0.021415, 820.955078]
1.74261e+09,[-0.025113, -0.021790, 833.825256]
1.74261e+09,[-0.025113, -0.022163, 840.458984]
1.74261e+09,[-0.025458, -0.022534, 853.199097]
1.74261e+09,[-0.025458, -0.022902, 859.747620]
1.74261e+09,[-0.025458, -0.022902, 859.747620]
1.74261e+09,[-0.025802, -0.023268, 872.353882]
1.74261e+09,[-0.025802, -0.023268, 872.353882]
1.74261e+09,[-0.025802, -0.023268, 872.353882]
1.74261e+09,[-0.025802, -0.023632, 878.814209]
1.74261e+09,[-0.025802, -0.023992, 885.229187]
1.74261e+09,[-0.025802, -0.023992, 885.229187]
1.74261e+09,[-0.025802, -0.023992, 885.229187]
1.74261e+09,[-0.025802, -0.023992, 885.229187]
1.74261e+09,[-0.025802, -0.023992, 885.229187]
1.74261e+09,[-0.025802, -0.023992, 885.229187]
1.74261e+09,[-0.025458, -0.023992, 879.127686]
1.74261e+09,[-0.025113, -0.023992, 872.979126]
1.74261e+09,[-0.025113, -0.023992, 872.979126]
1.74261e+09,[-0.025113, -0.023992, 872.979126]
1.74261e+09,[-0.025113, -0.023992, 872.979126]
1.74261e+09,[-0.025113, -0.023992, 872.979126]
1.74261e+09,[-0.025113, -0.023992, 872.979126]
1.74261e+09,[-0.025113, -0.023992, 872.979126]
1.74261e+09,[-0.024764, -0.023992, 866.784241]
1.74261e+09,[-0.024764, -0.023992, 866.784241]
1.74261e+09,[-0.024764, -0.023992, 866.784241]
1.74261e+09,[-0.024764, -0.023992, 866.784241]
1.74261e+09,[-0.024746, -0.023992, 866.463562]
1.74261e+09,[-0.024730, -0.023992, 866.185303]
1.74261e+09,[-0.024717, -0.023992, 865.949402]
1.74261e+09,[-0.024706, -0.023983, 865.581421]
1.74261e+09,[-0.024698, -0.023983, 865.430969]
1.74261e+09,[-0.024698, -0.023983, 865.430969]
1.74261e+09,[-0.024698, -0.023983, 865.430969]
1.74261e+09,[-0.024698, -0.023976, 865.306030]
1.74261e+09,[-0.024692, -0.023976, 865.198486]
1.74261e+09,[-0.024688, -0.023976, 865.133972]
1.74261e+09,[-0.024688, -0.023976, 865.133972]
1.74261e+09,[-0.024687, -0.023976, 865.112427]
1.74261e+09,[-0.024687, -0.023976, 865.112427]
1.74261e+09,[-0.024688, -0.023976, 865.133972]
1.74261e+09,[-0.024688, -0.023976, 865.133972]
1.74261e+09,[-0.024688, -0.023976, 865.133972]
1.74261e+09,[-0.024692, -0.023976, 865.198486]
1.74261e+09,[-0.024698, -0.023976, 865.306030]
1.74261e+09,[-0.024698, -0.023976, 865.306030]
1.74261e+09,[-0.024698, -0.023614, 858.869385]
1.74261e+09,[-0.024342, -0.023614, 852.535156]
1.74261e+09,[-0.023621, -0.022882, 826.716125]
1.74261e+09,[-0.023257, -0.022512, 813.670959]
1.74261e+09,[-0.022521, -0.022140, 793.975037]
1.74261e+09,[-0.022150, -0.021765, 780.710876]
1.74261e+09,[-0.021776, -0.021388, 767.362000]
1.74261e+09,[-0.021776, -0.021009, 760.619812]
1.74261e+09,[-0.021399, -0.020628, 747.146851]
1.74261e+09,[-0.021021, -0.020628, 740.415649]
1.74261e+09,[-0.020640, -0.020244, 726.821411]
1.74261e+09,[-0.020257, -0.020244, 720.010315]
1.74261e+09,[-0.019871, -0.019470, 699.398376]
1.74261e+09,[-0.019871, -0.019470, 699.398376]
1.74261e+09,[-0.019484, -0.018687, 678.598022]
1.74261e+09,[-0.019094, -0.018687, 671.672913]
1.74261e+09,[-0.018703, -0.018293, 657.700867]
1.74261e+09,[-0.018309, -0.017897, 643.658020]
1.74261e+09,[-0.017914, -0.017498, 629.546021]
1.74261e+09,[-0.017516, -0.017498, 622.480530]
1.74261e+09,[-0.016716, -0.017098, 601.137207]
1.74261e+09,[-0.016716, -0.016696, 593.990479]
1.74261e+09,[-0.015908, -0.016292, 572.457214]
1.74261e+09,[-0.015908, -0.015887, 565.247375]
1.74261e+09,[-0.015502, -0.015887, 558.025391]
1.74261e+09,[-0.015094, -0.015887, 550.774719]
1.74261e+09,[-0.014685, -0.015479, 536.256226]
1.74261e+09,[-0.014274, -0.015071, 521.681519]
1.74261e+09,[-0.013862, -0.015071, 514.350708]
1.74261e+09,[-0.013862, -0.014660, 507.052460]
1.74261e+09,[-0.013033, -0.014248, 484.991516]
1.74261e+09,[-0.013033, -0.013834, 477.638672]
1.74261e+09,[-0.012616, -0.013419, 462.857819]
1.74261e+09,[-0.012199, -0.013003, 448.030273]
1.74261e+09,[-0.011780, -0.012585, 433.158081]
1.74261e+09,[-0.011360, -0.012585, 425.694641]
1.74261e+09,[-0.010940, -0.011745, 403.288452]
1.74261e+09,[-0.010518, -0.011302, 387.905487]
1.74261e+09,[-0.010095, -0.010878, 372.856720]
1.74261e+09,[-0.010095, -0.010453, 365.300903]
1.74261e+09,[-0.009672, -0.009600, 342.603241]
1.74261e+09,[-0.009248, -0.009172, 327.451019]
1.74261e+09,[-0.008398, -0.008742, 304.712708]
1.74261e+09,[-0.008398, -0.008742, 304.712708]
1.74261e+09,[-0.007972, -0.007881, 281.841675]
1.74261e+09,[-0.007546, -0.007450, 266.598480]
1.74261e+09,[-0.007121, -0.007017, 251.341629]
1.74261e+09,[-0.006695, -0.006151, 228.365982]
1.74261e+09,[-0.006270, -0.005716, 213.087463]
1.74261e+09,[-0.006270, -0.005282, 205.361038]
1.74261e+09,[-0.005422, -0.004476, 175.952103]
1.74261e+09,[-0.005000, -0.004163, 162.897522]
1.74261e+09,[-0.004905, -0.003751, 153.874283]
1.74261e+09,[-0.004476, -0.003539, 142.474411]
1.74261e+09,[-0.004048, -0.004383, 149.872757]
1.74261e+09,[-0.003621, -0.003774, 131.469910]
1.74261e+09,[-0.003107, -0.002946, 107.615974]
1.74261e+09,[-0.002673, -0.002197, 86.587105]
1.74261e+09,[-0.002241, -0.001813, 72.074509]
1.74261e+09,[-0.001813, -0.001759, 63.493793]
1.74261e+09,[-0.001319, -0.002241, 63.301231]
1.74261e+09,[-0.000880, -0.002367, 57.711086]
1.74261e+09,[-0.000440, -0.002197, 46.879993]
1.74261e+09,[-0.000000, -0.002485, 44.179646]
1.74261e+09,[-0.000622, -0.002485, 55.236679]
1.74261e+09,[-0.000983, -0.002812, 67.474678]
1.74261e+09,[-0.000983, -0.002812, 67.474678]
1.74261e+09,[-0.001585, -0.003166, 84.464630]
1.74261e+09,[-0.001585, -0.003166, 84.464630]
1.74261e+09,[-0.001585, -0.003166, 84.464630]
1.74261e+09,[-0.001966, -0.003166, 91.231972]
1.74261e+09,[-0.001966, -0.003539, 97.856026]
1.74261e+09,[-0.002367, -0.003539, 104.983101]
1.74261e+09,[-0.002367, -0.003539, 104.983101]
1.74261e+09,[-0.002367, -0.003539, 104.983101]
1.74261e+09,[-0.002367, -0.003539, 104.983101]
1.74261e+09,[-0.002367, -0.003539, 104.983101]
1.74261e+09,[-0.002367, -0.003774, 109.164078]
1.74261e+09,[-0.002367, -0.004043, 113.941231]
1.74261e+09,[-0.002367, -0.004043, 113.941231]
1.74261e+09,[-0.001966, -0.003774, 102.037010]
1.74261e+09,[-0.001966, -0.003774, 102.037010]
1.74261e+09,[-0.001244, -0.003428, 83.044281]
1.74261e+09,[-0.000983, -0.002812, 67.474678]
1.74261e+09,[-0.000983, -0.002367, 59.555447]
1.74261e+09,[-0.001244, -0.002241, 61.957085]
1.74261e+09,[-0.001966, -0.002367, 77.021088]
1.74261e+09,[-0.002367, -0.002562, 87.616356]
1.74261e+09,[-0.003198, -0.003104, 112.041443]
1.74261e+09,[-0.003621, -0.003428, 125.314980]
1.74261e+09,[-0.004476, -0.004137, 153.113663]
1.74261e+09,[-0.004905, -0.004899, 174.288483]
1.74261e+09,[-0.005765, -0.005541, 201.001358]
1.74261e+09,[-0.006196, -0.005956, 216.021637]
1.74261e+09,[-0.007056, -0.007323, 255.627045]
1.74261e+09,[-0.007486, -0.007736, 270.616272]
1.74261e+09,[-0.008344, -0.008051, 291.468750]
1.74261e+09,[-0.008773, -0.008472, 306.565033]
1.74261e+09,[-0.009627, -0.009314, 336.716522]
1.74261e+09,[-0.010053, -0.009314, 344.285767]
1.74261e+09,[-0.010901, -0.009734, 366.849518]
1.74261e+09,[-0.011324, -0.010154, 381.834442]
1.74261e+09,[-0.012166, -0.010574, 404.262878]
1.74261e+09,[-0.012585, -0.010993, 419.162781]
1.74261e+09,[-0.013419, -0.011411, 441.429932]
1.74261e+09,[-0.013834, -0.011829, 456.228912]
1.74261e+09,[-0.014660, -0.012245, 478.311310]
1.74261e+09,[-0.014660, -0.013075, 493.062805]
1.74261e+09,[-0.015479, -0.013488, 514.975952]
1.74261e+09,[-0.015887, -0.013900, 529.539490]
1.74261e+09,[-0.016292, -0.014311, 544.049561]
1.74261e+09,[-0.016696, -0.014720, 558.504211]
1.74261e+09,[-0.017098, -0.014720, 565.650940]
1.74261e+09,[-0.017498, -0.015128, 580.015442]
1.74261e+09,[-0.017897, -0.015534, 594.319885]
1.74261e+09,[-0.018293, -0.015939, 608.562500]
1.74261e+09,[-0.018687, -0.016342, 622.741394]
1.74261e+09,[-0.018687, -0.016342, 622.741394]
1.74261e+09,[-0.019080, -0.017143, 643.963257]
1.74261e+09,[-0.019470, -0.017143, 650.901123]
1.74261e+09,[-0.019858, -0.017938, 671.923401]
1.74261e+09,[-0.020257, -0.017938, 679.012634]
1.74261e+09,[-0.020640, -0.018332, 692.835510]
1.74261e+09,[-0.021021, -0.018725, 706.584717]
1.74261e+09,[-0.021399, -0.018725, 713.315918]
1.74261e+09,[-0.021399, -0.019115, 720.258789]
1.74261e+09,[-0.021776, -0.019504, 733.856018]
1.74261e+09,[-0.022150, -0.019890, 747.374695]
1.74261e+09,[-0.022521, -0.020275, 760.813416]
1.74261e+09,[-0.022521, -0.020275, 760.813416]
1.74261e+09,[-0.022890, -0.020657, 774.170410]
1.74261e+09,[-0.023257, -0.021037, 787.444275]
1.74261e+09,[-0.023621, -0.021415, 800.633423]
1.74261e+09,[-0.023983, -0.021790, 813.736267]
1.74261e+09,[-0.024342, -0.022550, 833.634705]
1.74261e+09,[-0.024698, -0.022550, 839.969055]
1.74261e+09,[-0.025051, -0.022918, 852.786560]
1.74261e+09,[-0.025402, -0.022918, 859.024536]
1.74261e+09,[-0.025402, -0.023283, 865.512268]
1.74261e+09,[-0.025751, -0.023283, 871.701111]
1.74261e+09,[-0.025751, -0.023268, 871.443848]
1.74261e+09,[-0.025751, -0.023632, 877.904175]
1.74261e+09,[-0.026096, -0.023645, 884.283813]
1.74261e+09,[-0.026102, -0.023645, 884.389038]
1.74261e+09,[-0.026102, -0.023645, 884.389038]
1.74261e+09,[-0.026102, -0.023645, 884.389038]
1.74261e+09,[-0.026102, -0.024005, 890.787842]
1.74261e+09,[-0.026102, -0.024005, 890.787842]
1.74261e+09,[-0.026102, -0.024005, 890.787842]
1.74261e+09,[-0.026102, -0.024005, 890.787842]
1.74261e+09,[-0.026102, -0.024005, 890.787842]
1.74261e+09,[-0.026102, -0.024005, 890.787842]
1.74261e+09,[-0.026102, -0.024005, 890.787842]
1.74261e+09,[-0.026102, -0.024005, 890.787842]
1.74261e+09,[-0.026102, -0.024005, 890.787842]
1.74261e+09,[-0.026102, -0.024005, 890.787842]
1.74261e+09,[-0.026102, -0.024005, 890.787842]
1.74261e+09,[-0.026102, -0.024005, 890.787842]
1.74261e+09,[-0.025757, -0.023632, 878.020264]
1.74261e+09,[-0.025410, -0.023268, 865.382263]
1.74261e+09,[-0.024706, -0.022534, 839.827576]
1.74261e+09,[-0.024351, -0.022163, 826.913757]
1.74261e+09,[-0.023992, -0.021790, 813.911011]
1.74261e+09,[-0.023632, -0.021415, 800.820801]
1.74261e+09,[-0.022902, -0.020657, 774.384033]
1.74261e+09,[-0.022902, -0.020657, 774.384033]
1.74261e+09,[-0.022534, -0.019890, 754.207642]
1.74261e+09,[-0.022163, -0.019504, 740.745605]
1.74261e+09,[-0.021790, -0.019115, 727.204651]
1.74261e+09,[-0.021415, -0.019115, 720.529419]
1.74261e+09,[-0.021037, -0.018725, 706.870667]
1.74261e+09,[-0.020657, -0.018332, 693.137207]
1.74261e+09,[-0.020275, -0.017938, 679.330627]
1.74261e+09,[-0.019890, -0.017542, 665.452576]
1.74261e+09,[-0.019504, -0.017143, 651.505005]
1.74261e+09,[-0.019115, -0.016744, 637.489502]
1.74261e+09,[-0.018332, -0.015939, 609.261841]
1.74261e+09,[-0.017938, -0.015939, 602.250061]
1.74261e+09,[-0.017143, -0.015128, 573.707336]
1.74261e+09,[-0.016744, -0.015128, 566.598877]
1.74261e+09,[-0.015939, -0.014720, 545.041382]
1.74261e+09,[-0.015939, -0.014311, 537.765442]
1.74261e+09,[-0.015128, -0.013900, 516.044434]
1.74261e+09,[-0.014720, -0.013488, 501.470581]
1.74261e+09,[-0.013900, -0.013075, 479.549225]
1.74261e+09,[-0.013488, -0.012660, 464.859863]
1.74261e+09,[-0.012660, -0.012245, 442.763092]
1.74261e+09,[-0.012245, -0.011829, 427.974121]
1.74261e+09,[-0.011411, -0.010993, 398.294922]
1.74261e+09,[-0.010993, -0.010993, 390.859680]
1.74261e+09,[-0.010154, -0.010574, 368.501984]
1.74261e+09,[-0.009734, -0.010154, 353.571686]
1.74261e+09,[-0.009314, -0.009734, 338.624390]
1.74261e+09,[-0.008893, -0.009734, 331.141968]
1.74261e+09,[-0.008472, -0.009314, 316.180023]
1.74261e+09,[-0.008051, -0.008893, 301.214050]
1.74261e+09,[-0.007630, -0.008398, 284.936249]
1.74261e+09,[-0.007210, -0.007972, 269.901581]
1.74261e+09,[-0.006372, -0.007546, 247.443024]
1.74261e+09,[-0.005956, -0.007546, 240.037201]
1.74261e+09,[-0.005541, -0.006695, 217.534332]
1.74261e+09,[-0.005130, -0.006695, 210.219391]
1.74261e+09,[-0.004722, -0.006270, 195.413925]
1.74261e+09,[-0.004722, -0.005845, 187.866394]
1.74261e+09,[-0.004320, -0.005000, 165.682495]
1.74261e+09,[-0.004320, -0.005000, 165.682495]
1.74261e+09,[-0.003924, -0.004580, 151.190231]
1.74261e+09,[-0.003924, -0.004163, 143.780838]
1.74261e+09,[-0.003539, -0.004163, 136.921463]
1.74261e+09,[-0.003539, -0.003751, 129.587646]
1.74261e+09,[-0.003166, -0.003344, 115.737091]
1.74261e+09,[-0.002812, -0.003344, 109.445450]
1.74261e+09,[-0.002485, -0.002946, 96.560883]
1.74261e+09,[-0.002197, -0.002946, 91.442299]
1.74261e+09,[-0.001966, -0.002562, 80.489281]
1.74261e+09,[-0.001813, -0.002562, 77.768921]
1.74261e+09,[-0.001759, -0.002197, 70.328217]
1.74261e+09,[-0.001759, -0.002197, 70.328217]
1.74261e+09,[-0.001813, -0.001865, 65.378342]
1.74261e+09,[-0.001813, -0.001865, 65.378342]
1.74261e+09,[-0.001813, -0.001865, 65.378342]
1.74261e+09,[-0.001813, -0.001865, 65.378342]
1.74261e+09,[-0.001813, -0.001865, 65.378342]
1.74261e+09,[-0.001813, -0.001865, 65.378342]
1.74261e+09,[-0.001813, -0.001865, 65.378342]
1.74261e+09,[-0.001813, -0.001865, 65.378342]
1.74261e+09,[-0.001813, -0.001865, 65.378342]
1.74261e+09,[-0.001813, -0.001865, 65.378342]
1.74261e+09,[-0.001813, -0.002197, 71.287697]
1.74261e+09,[-0.001813, -0.002197, 71.287697]
1.74261e+09,[-0.001813, -0.002485, 76.406281]
1.74261e+09,[-0.001966, -0.002485, 79.126656]
1.74261e+09,[-0.002197, -0.003166, 95.346024]
1.74261e+09,[-0.002485, -0.003539, 107.088661]
1.74261e+09,[-0.003166, -0.004320, 133.082382]
1.74261e+09,[-0.003924, -0.004722, 153.719254]
1.74261e+09,[-0.004722, -0.005541, 182.462494]
1.74261e+09,[-0.005130, -0.005845, 195.112198]
1.74261e+09,[-0.005541, -0.006695, 217.534332]
1.74261e+09,[-0.006372, -0.007121, 239.873657]
1.74261e+09,[-0.007210, -0.007972, 269.901581]
1.74261e+09,[-0.008051, -0.008398, 292.415161]
1.74261e+09,[-0.008893, -0.009248, 322.492126]
1.74261e+09,[-0.009734, -0.009672, 344.991608]
1.74261e+09,[-0.010574, -0.010095, 367.449371]
1.74261e+09,[-0.010993, -0.010518, 382.411713]
1.74261e+09,[-0.011411, -0.010940, 397.345245]
1.74261e+09,[-0.011829, -0.011360, 412.246979]
1.74261e+09,[-0.012245, -0.012199, 434.558105]
1.74261e+09,[-0.012660, -0.012616, 449.367218]
1.74261e+09,[-0.013488, -0.013448, 478.859955]
1.74261e+09,[-0.013488, -0.013862, 486.215546]
1.74261e+09,[-0.014311, -0.014274, 508.169861]
1.74261e+09,[-0.014720, -0.014685, 522.750854]
1.74261e+09,[-0.015128, -0.014685, 530.001404]
1.74261e+09,[-0.015128, -0.015094, 537.279724]
1.74261e+09,[-0.015534, -0.015479, 551.350037]
1.74261e+09,[-0.015939, -0.015887, 565.786865]
1.74261e+09,[-0.016342, -0.016292, 580.164978]
1.74261e+09,[-0.016744, -0.016696, 594.482544]
1.74261e+09,[-0.017143, -0.017098, 608.737732]
1.74261e+09,[-0.017542, -0.017498, 622.928772]
1.74261e+09,[-0.017938, -0.017897, 637.054016]
1.74261e+09,[-0.018332, -0.018293, 651.111694]
1.74261e+09,[-0.018725, -0.018293, 658.089417]
1.74261e+09,[-0.019115, -0.018687, 672.042969]
1.74261e+09,[-0.019504, -0.019080, 685.924683]
1.74261e+09,[-0.019890, -0.019080, 692.795227]
1.74261e+09,[-0.019890, -0.019470, 699.733093]
1.74261e+09,[-0.020275, -0.019858, 713.466370]
1.74261e+09,[-0.020657, -0.020244, 727.123169]
1.74261e+09,[-0.020657, -0.020244, 727.123169]
1.74261e+09,[-0.021037, -0.020628, 740.701599]
1.74261e+09,[-0.021415, -0.020628, 747.417480]
1.74261e+09,[-0.021790, -0.021009, 760.875610]
1.74261e+09,[-0.021790, -0.021388, 767.617737]
1.74261e+09,[-0.022163, -0.021765, 780.952209]
1.74261e+09,[-0.022534, -0.021765, 787.543762]
1.74261e+09,[-0.022902, -0.022140, 800.750916]
1.74261e+09,[-0.023268, -0.022512, 813.871277]
1.74261e+09,[-0.023632, -0.022882, 826.903564]
1.74261e+09,[-0.023992, -0.022882, 833.318481]
1.74261e+09,[-0.024351, -0.023249, 846.215088]
1.74261e+09,[-0.024706, -0.023249, 852.537415]
1.74261e+09,[-0.025410, -0.023249, 865.038757]
1.74261e+09,[-0.025410, -0.023614, 871.521240]
1.74261e+09,[-0.025757, -0.023614, 877.698914]
1.74261e+09,[-0.025757, -0.023976, 884.135559]
1.74261e+09,[-0.025757, -0.023976, 884.135559]
1.74261e+09,[-0.026102, -0.023976, 890.263672]
1.74261e+09,[-0.026102, -0.023976, 890.263672]
1.74261e+09,[-0.026102, -0.023976, 890.263672]
1.74261e+09,[-0.026102, -0.023976, 890.263672]
1.74261e+09,[-0.026102, -0.023976, 890.263672]
1.74261e+09,[-0.026102, -0.023976, 890.263672]
1.74261e+09,[-0.026102, -0.023976, 890.263672]
1.74261e+09,[-0.026102, -0.023976, 890.263672]
1.74261e+09,[-0.026102, -0.023976, 890.263672]
1.74261e+09,[-0.026102, -0.023976, 890.263672]
1.74261e+09,[-0.025757, -0.023976, 884.135559]
1.74261e+09,[-0.025410, -0.023614, 871.521240]
1.74261e+09,[-0.025059, -0.023614, 865.294678]
1.74261e+09,[-0.024706, -0.022882, 846.009766]
1.74261e+09,[-0.024351, -0.022512, 833.115540]
1.74261e+09,[-0.023632, -0.022140, 813.716003]
1.74261e+09,[-0.023268, -0.021765, 800.597107]
1.74261e+09,[-0.022902, -0.021388, 787.391663]
1.74261e+09,[-0.022534, -0.021009, 774.100891]
1.74261e+09,[-0.022163, -0.020620, 760.596985]
1.74261e+09,[-0.021790, -0.020618, 753.920044]
1.74261e+09,[-0.021415, -0.020234, 740.412720]
1.74261e+09,[-0.021037, -0.019847, 726.825317]
1.74261e+09,[-0.020275, -0.019461, 706.414978]
1.74261e+09,[-0.019890, -0.019071, 692.636292]
1.74261e+09,[-0.019504, -0.018678, 678.783142]
1.74261e+09,[-0.019115, -0.018283, 664.857056]
1.74261e+09,[-0.018332, -0.017886, 643.882019]
1.74261e+09,[-0.017938, -0.017487, 629.781006]
1.74261e+09,[-0.017542, -0.017087, 615.612915]
1.74261e+09,[-0.017542, -0.016684, 608.456543]
1.74261e+09,[-0.016744, -0.016280, 587.082214]
1.74261e+09,[-0.016744, -0.016280, 587.082214]
1.74261e+09,[-0.016342, -0.015874, 572.723083]
1.74261e+09,[-0.015939, -0.015874, 565.554810]
1.74261e+09,[-0.015534, -0.015466, 551.107056]
1.74261e+09,[-0.015534, -0.015056, 543.825928]
1.74261e+09,[-0.014720, -0.014645, 522.041016]
1.74261e+09,[-0.014311, -0.014232, 507.426514]
1.74261e+09,[-0.013900, -0.013818, 492.760193]
1.74261e+09,[-0.013488, -0.013818, 485.436920]
1.74261e+09,[-0.013075, -0.013402, 470.698792]
1.74261e+09,[-0.012660, -0.012985, 455.914124]
1.74261e+09,[-0.011829, -0.012566, 433.681458]
1.74261e+09,[-0.011411, -0.012566, 426.261292]
1.74261e+09,[-0.010993, -0.011725, 403.867035]
1.74261e+09,[-0.010993, -0.011725, 403.867035]
1.74261e+09,[-0.010574, -0.011302, 388.904816]
1.74261e+09,[-0.010154, -0.010878, 373.909332]
1.74261e+09,[-0.009734, -0.010453, 358.883545]
1.74261e+09,[-0.009314, -0.010453, 351.406128]
1.74261e+09,[-0.008893, -0.009600, 328.753571]
1.74261e+09,[-0.008472, -0.009600, 321.269043]
1.74261e+09,[-0.008051, -0.009172, 306.172974]
1.74261e+09,[-0.008051, -0.008742, 298.543427]
1.74261e+09,[-0.007630, -0.008312, 283.419037]
1.74261e+09,[-0.007210, -0.007881, 268.288666]
1.74261e+09,[-0.006790, -0.007450, 253.158676]
1.74261e+09,[-0.006372, -0.007017, 238.036591]
1.74261e+09,[-0.005956, -0.006584, 222.931534]
1.74261e+09,[-0.005956, -0.006584, 222.931534]
1.74261e+09,[-0.005130, -0.006151, 200.539963]
1.74261e+09,[-0.005130, -0.005716, 192.821091]
1.74261e+09,[-0.004722, -0.005282, 177.848862]
1.74261e+09,[-0.004320, -0.004847, 162.963242]
1.74261e+09,[-0.004320, -0.004412, 155.227509]
1.74261e+09,[-0.003924, -0.004412, 148.198456]
1.74261e+09,[-0.003539, -0.003977, 133.602585]
1.74261e+09,[-0.003539, -0.003542, 125.869011]
1.74261e+09,[-0.003166, -0.003107, 111.519699]
1.74261e+09,[-0.003166, -0.003107, 111.519699]
1.74261e+09,[-0.002812, -0.002673, 97.519356]
1.74261e+09,[-0.002485, -0.002673, 91.705688]
1.74261e+09,[-0.002485, -0.002241, 84.027512]
1.74261e+09,[-0.002197, -0.001813, 71.287697]
1.74261e+09,[-0.001966, -0.001390, 59.666946]
1.74261e+09,[-0.001966, -0.001390, 59.666946]
1.74261e+09,[-0.001813, -0.000983, 49.708004]
1.74261e+09,[-0.001813, -0.000983, 49.708004]
1.74261e+09,[-0.001813, -0.000983, 49.708004]
1.74261e+09,[-0.001813, -0.000983, 49.708004]
1.74261e+09,[-0.001813, -0.000983, 49.708004]
1.74261e+09,[-0.001813, -0.000983, 49.708004]
1.74261e+09,[-0.001813, -0.000983, 49.708004]
1.74261e+09,[-0.001813, -0.000983, 49.708004]
1.74261e+09,[-0.001813, -0.000983, 49.708004]
1.74261e+09,[-0.001813, -0.000983, 49.708004]
1.74261e+09,[-0.001813, -0.000983, 49.708004]
1.74261e+09,[-0.001966, -0.001390, 59.666946]
1.74261e+09,[-0.002197, -0.001813, 71.287697]
1.74261e+09,[-0.002485, -0.002241, 84.027512]
1.74261e+09,[-0.003166, -0.003107, 111.519699]
1.74261e+09,[-0.003539, -0.003542, 125.869011]
1.74261e+09,[-0.003924, -0.003977, 140.461960]
1.74261e+09,[-0.004320, -0.004412, 155.227509]
1.74261e+09,[-0.005130, -0.004847, 177.362488]
1.74261e+09,[-0.005541, -0.005282, 192.409622]
1.74261e+09,[-0.005956, -0.006151, 215.221802]
1.74261e+09,[-0.006372, -0.006151, 222.627579]
1.74261e+09,[-0.006790, -0.006584, 237.771927]
1.74261e+09,[-0.007210, -0.007017, 252.926575]
1.74261e+09,[-0.008051, -0.007450, 275.562714]
1.74261e+09,[-0.008472, -0.007881, 290.720917]
1.74261e+09,[-0.008893, -0.008312, 305.866058]
1.74261e+09,[-0.009314, -0.008742, 320.993988]
1.74261e+09,[-0.009734, -0.008742, 328.471405]
1.74261e+09,[-0.010154, -0.009172, 343.570831]
1.74261e+09,[-0.010574, -0.009600, 358.643616]
1.74261e+09,[-0.010993, -0.009600, 366.092316]
1.74261e+09,[-0.011411, -0.010027, 381.122101]
1.74261e+09,[-0.011411, -0.010027, 381.122101]
1.74261e+09,[-0.011829, -0.010453, 396.117920]
1.74261e+09,[-0.012245, -0.010878, 411.077332]
1.74261e+09,[-0.012660, -0.011302, 425.997925]
1.74261e+09,[-0.013075, -0.011725, 440.877533]
1.74261e+09,[-0.013488, -0.012146, 455.713928]
1.74261e+09,[-0.013900, -0.012566, 470.505096]
1.74261e+09,[-0.014311, -0.012985, 485.248962]
1.74261e+09,[-0.014720, -0.013402, 499.943481]
1.74261e+09,[-0.015534, -0.013818, 521.810974]
1.74261e+09,[-0.015939, -0.013818, 529.007629]
1.74261e+09,[-0.015939, -0.014232, 536.373718]
1.74261e+09,[-0.016342, -0.014232, 543.541992]
1.74261e+09,[-0.016744, -0.015056, 565.329651]
1.74261e+09,[-0.017143, -0.015056, 572.438110]
1.74261e+09,[-0.017143, -0.015466, 579.719116]
1.74261e+09,[-0.017542, -0.015874, 594.047424]
1.74261e+09,[-0.017938, -0.016280, 608.312683]
1.74261e+09,[-0.018332, -0.016280, 615.324463]
1.74261e+09,[-0.018725, -0.016684, 629.490845]
1.74261e+09,[-0.019504, -0.017087, 650.497253]
1.74261e+09,[-0.019890, -0.017886, 671.580200]
1.74261e+09,[-0.019890, -0.017886, 671.580200]
1.74261e+09,[-0.020275, -0.018283, 685.467834]
1.74261e+09,[-0.020657, -0.018678, 699.281555]
1.74261e+09,[-0.020657, -0.018678, 699.281555]
1.74261e+09,[-0.021037, -0.019071, 713.020020]
1.74261e+09,[-0.021415, -0.019461, 726.681396]
1.74261e+09,[-0.021790, -0.019461, 733.356750]
1.74261e+09,[-0.022163, -0.019850, 746.898193]
1.74261e+09,[-0.022534, -0.020236, 760.358826]
1.74261e+09,[-0.022902, -0.020236, 766.907410]
1.74261e+09,[-0.022902, -0.020620, 773.737061]
1.74261e+09,[-0.023632, -0.020620, 786.702087]
1.74261e+09,[-0.023992, -0.021000, 799.865784]
1.74261e+09,[-0.024351, -0.021757, 819.695007]
1.74261e+09,[-0.024706, -0.021757, 826.017151]
1.74261e+09,[-0.025059, -0.022132, 838.958801]
1.74261e+09,[-0.025059, -0.022505, 845.582458]
1.74261e+09,[-0.025410, -0.022875, 858.388855]
1.74261e+09,[-0.025410, -0.022875, 858.388855]
1.74261e+09,[-0.025757, -0.022875, 864.566589]
1.74261e+09,[-0.025757, -0.023242, 871.101868]
1.74261e+09,[-0.025757, -0.023244, 871.130493]
1.74261e+09,[-0.025757, -0.023244, 871.130493]
1.74261e+09,[-0.026102, -0.023608, 883.719910]
1.74261e+09,[-0.026102, -0.023608, 883.719910]
1.74261e+09,[-0.026102, -0.023608, 883.719910]
1.74261e+09,[-0.026102, -0.023608, 883.719910]
1.74261e+09,[-0.026102, -0.023970, 890.163757]
1.74261e+09,[-0.026102, -0.023970, 890.163757]
1.74261e+09,[-0.026102, -0.023970, 890.163757]
1.74261e+09,[-0.026102, -0.023970, 890.163757]
1.74261e+09,[-0.026102, -0.023970, 890.163757]
1.74261e+09,[-0.026102, -0.024330, 896.560852]
1.74261e+09,[-0.026102, -0.024330, 896.560852]
1.74261e+09,[-0.026102, -0.024330, 896.560852]
1.74261e+09,[-0.026102, -0.024330, 896.560852]
1.74261e+09,[-0.026102, -0.024330, 896.560852]
1.74261e+09,[-0.026102, -0.024330, 896.560852]
1.74261e+09,[-0.025757, -0.023970, 884.035583]
1.74261e+09,[-0.025410, -0.023608, 871.414001]
1.74261e+09,[-0.025059, -0.023242, 858.697510]
1.74261e+09,[-0.024706, -0.022505, 839.307678]
1.74261e+09,[-0.023992, -0.022132, 819.992737]
1.74261e+09,[-0.023632, -0.021380, 800.201721]
1.74261e+09,[-0.023268, -0.021000, 786.990540]
1.74261e+09,[-0.022534, -0.020618, 767.145325]
1.74261e+09,[-0.022163, -0.020234, 753.721741]
1.74261e+09,[-0.021790, -0.019847, 740.216431]
1.74261e+09,[-0.021790, -0.019458, 733.306274]
1.74261e+09,[-0.021037, -0.019068, 712.966980]
1.74261e+09,[-0.020657, -0.018675, 699.225891]
1.74261e+09,[-0.019890, -0.017883, 671.518921]
1.74261e+09,[-0.019504, -0.017484, 657.556152]
1.74261e+09,[-0.018725, -0.017083, 636.579956]
1.74261e+09,[-0.018332, -0.016680, 622.442627]
1.74261e+09,[-0.017938, -0.015869, 601.014954]
1.74261e+09,[-0.017542, -0.015869, 593.970093]
1.74261e+09,[-0.017143, -0.015461, 579.638123]
1.74261e+09,[-0.016744, -0.015051, 565.244751]
1.74261e+09,[-0.016342, -0.014640, 550.791687]
1.74261e+09,[-0.015939, -0.014232, 536.373718]
1.74261e+09,[-0.015534, -0.013818, 521.810974]
1.74261e+09,[-0.015128, -0.013402, 507.194031]
1.74261e+09,[-0.014720, -0.013402, 499.943481]
1.74261e+09,[-0.014311, -0.012985, 485.248962]
1.74261e+09,[-0.013900, -0.012560, 470.392700]
1.74261e+09,[-0.013488, -0.012560, 463.069366]
1.74261e+09,[-0.013075, -0.012139, 448.250702]
1.74261e+09,[-0.012660, -0.012139, 440.884674]
1.74261e+09,[-0.012245, -0.011718, 426.002197]
1.74261e+09,[-0.011829, -0.011295, 411.078735]
1.74261e+09,[-0.011411, -0.011295, 403.658539]
1.74261e+09,[-0.010993, -0.010870, 388.681396]
1.74261e+09,[-0.010574, -0.010870, 381.232697]
1.74261e+09,[-0.010574, -0.010445, 373.669586]
1.74261e+09,[-0.010154, -0.010018, 358.625824]
1.74261e+09,[-0.009734, -0.009591, 343.552856]
1.74261e+09,[-0.009314, -0.009591, 336.075500]
1.74261e+09,[-0.008893, -0.009162, 320.971405]
1.74261e+09,[-0.008472, -0.008732, 305.847260]
1.74261e+09,[-0.008051, -0.008732, 298.363647]
1.74261e+09,[-0.007630, -0.008302, 283.228210]
1.74261e+09,[-0.007630, -0.007870, 275.555450]
1.74261e+09,[-0.007210, -0.007438, 260.397583]
1.74261e+09,[-0.006790, -0.007438, 252.942169]
1.74261e+09,[-0.006372, -0.007017, 238.036591]
1.74261e+09,[-0.005956, -0.006584, 222.931534]
1.74261e+09,[-0.005541, -0.005716, 200.136032]
1.74261e+09,[-0.005130, -0.005716, 192.821091]
1.74261e+09,[-0.005130, -0.005282, 185.094666]
1.74261e+09,[-0.004722, -0.004827, 169.770615]
1.74261e+09,[-0.004320, -0.004827, 162.617157]
1.74261e+09,[-0.003924, -0.004390, 147.816299]
1.74261e+09,[-0.003539, -0.003514, 125.388466]
1.74261e+09,[-0.003166, -0.003076, 110.969475]
1.74261e+09,[-0.002812, -0.002637, 96.876900]
1.74261e+09,[-0.002812, -0.002637, 96.876900]
1.74261e+09,[-0.002485, -0.002241, 84.027512]
1.74261e+09,[-0.002197, -0.001813, 71.287697]
1.74261e+09,[-0.001966, -0.001585, 63.126682]
1.74261e+09,[-0.001813, -0.000983, 49.708004]
1.74261e+09,[-0.001813, -0.000880, 47.863647]
1.74261e+09,[-0.001813, -0.000440, 40.045570]
1.74261e+09,[-0.001966, -0.001813, 67.173645]
1.74261e+09,[-0.002197, -0.001585, 67.240730]
1.74261e+09,[-0.002197, -0.001865, 72.212761]
1.74261e+09,[-0.002197, -0.001865, 72.212761]
1.74261e+09,[-0.002197, -0.001966, 74.008072]
1.74261e+09,[-0.002485, -0.001966, 79.126656]
1.74261e+09,[-0.002485, -0.001966, 79.126656]
1.74261e+09,[-0.002485, -0.002485, 88.359291]
1.74261e+09,[-0.002485, -0.002485, 88.359291]
1.74261e+09,[-0.002485, -0.002485, 88.359291]
1.74261e+09,[-0.002485, -0.002485, 88.359291]
1.74261e+09,[-0.002485, -0.002485, 88.359291]
1.74261e+09,[-0.002485, -0.002197, 83.240700]
1.74261e+09,[-0.002485, -0.002197, 83.240700]
1.74261e+09,[-0.002485, -0.002197, 83.240700]
1.74261e+09,[-0.002197, -0.002197, 78.122116]
1.74261e+09,[-0.001966, -0.001865, 68.098709]
1.74261e+09,[-0.001813, -0.001585, 60.406311]
1.74261e+09,[-0.001759, -0.001390, 55.987095]
1.74261e+09,[-0.001813, -0.001390, 56.946579]
1.74261e+09,[-0.002197, -0.001865, 72.212761]
1.74261e+09,[-0.002812, -0.002197, 89.054375]
1.74261e+09,[-0.003539, -0.002562, 108.451294]
1.74261e+09,[-0.003924, -0.003344, 129.220520]
1.74261e+09,[-0.004722, -0.004048, 155.907211]
1.74261e+09,[-0.005130, -0.004476, 170.762054]
1.74261e+09,[-0.005956, -0.004905, 193.074173]
1.74261e+09,[-0.006372, -0.005335, 208.123383]
1.74261e+09,[-0.007210, -0.006151, 237.517578]
1.74261e+09,[-0.007630, -0.006584, 252.697098]
1.74261e+09,[-0.008472, -0.007450, 283.046295]
1.74261e+09,[-0.008893, -0.007881, 298.205475]
1.74261e+09,[-0.009314, -0.008312, 313.348419]
1.74261e+09,[-0.009734, -0.008742, 328.471405]
1.74261e+09,[-0.010154, -0.009172, 343.570831]
1.74261e+09,[-0.010993, -0.009600, 366.092316]
1.74261e+09,[-0.011411, -0.010027, 381.122101]
1.74261e+09,[-0.011829, -0.010453, 396.117920]
1.74261e+09,[-0.012245, -0.010878, 411.077332]
1.74261e+09,[-0.012660, -0.011302, 425.997925]
1.74261e+09,[-0.013488, -0.011302, 440.709259]
1.74261e+09,[-0.013488, -0.011725, 448.222809]
1.74261e+09,[-0.014311, -0.012146, 470.337463]
1.74261e+09,[-0.014720, -0.012566, 485.081177]
1.74261e+09,[-0.015534, -0.012985, 506.999512]
1.74261e+09,[-0.015939, -0.013402, 521.614807]
1.74261e+09,[-0.016342, -0.013818, 536.175842]
1.74261e+09,[-0.016744, -0.014232, 550.680786]
1.74261e+09,[-0.017143, -0.014645, 565.127808]
1.74261e+09,[-0.017542, -0.015056, 579.515137]
1.74261e+09,[-0.017938, -0.015466, 593.841187]
1.74261e+09,[-0.017938, -0.015874, 601.092285]
1.74261e+09,[-0.018332, -0.016280, 615.324463]
1.74261e+09,[-0.018725, -0.016684, 629.490845]
1.74261e+09,[-0.019504, -0.017087, 650.497253]
1.74261e+09,[-0.019890, -0.017487, 664.490967]
1.74261e+09,[-0.020275, -0.018283, 685.467834]
1.74261e+09,[-0.020657, -0.018283, 692.262634]
1.74261e+09,[-0.021037, -0.018678, 706.037354]
1.74261e+09,[-0.021415, -0.019071, 719.735901]
1.74261e+09,[-0.021790, -0.019461, 733.356750]
1.74261e+09,[-0.021790, -0.019461, 733.356750]
1.74261e+09,[-0.022163, -0.019850, 746.898193]
1.74261e+09,[-0.022163, -0.020236, 753.767212]
1.74261e+09,[-0.022534, -0.020236, 760.358826]
1.74261e+09,[-0.022902, -0.020620, 773.737061]
1.74261e+09,[-0.023268, -0.021002, 787.031433]
1.74261e+09,[-0.023632, -0.021382, 800.240417]
1.74261e+09,[-0.023992, -0.021759, 813.362610]
1.74261e+09,[-0.024351, -0.022134, 826.396240]
1.74261e+09,[-0.024706, -0.022507, 839.340271]
1.74261e+09,[-0.025059, -0.022877, 852.192871]
1.74261e+09,[-0.025059, -0.022877, 852.192871]
1.74261e+09,[-0.025410, -0.023244, 864.952759]
1.74261e+09,[-0.025410, -0.023244, 864.952759]
1.74261e+09,[-0.025410, -0.023244, 864.952759]
1.74261e+09,[-0.025757, -0.023609, 877.618530]
1.74261e+09,[-0.025757, -0.023609, 877.618530]
1.74261e+09,[-0.025757, -0.023971, 884.060608]
1.74261e+09,[-0.026102, -0.024331, 896.584167]
1.74261e+09,[-0.026102, -0.024331, 896.584167]
1.74261e+09,[-0.026102, -0.024331, 896.584167]
1.74261e+09,[-0.026102, -0.024331, 896.584167]
1.74261e+09,[-0.026102, -0.024331, 896.584167]
1.74261e+09,[-0.026102, -0.024331, 896.584167]
1.74261e+09,[-0.026102, -0.024331, 896.584167]
1.74261e+09,[-0.026102, -0.024331, 896.584167]
1.74261e+09,[-0.026102, -0.024331, 896.584167]
1.74261e+09,[-0.026102, -0.024331, 896.584167]
1.74261e+09,[-0.026102, -0.024331, 896.584167]
1.74261e+09,[-0.026102, -0.024331, 896.584167]
1.74261e+09,[-0.026102, -0.024331, 896.584167]
1.74261e+09,[-0.026102, -0.024331, 896.584167]
1.74261e+09,[-0.025757, -0.024331, 890.456055]
1.74261e+09,[-0.025410, -0.023971, 877.882874]
1.74261e+09,[-0.025059, -0.023609, 865.214233]
1.74261e+09,[-0.024706, -0.022877, 845.918091]
1.74261e+09,[-0.023992, -0.022507, 826.648987]
1.74261e+09,[-0.023268, -0.022134, 807.152039]
1.74261e+09,[-0.022902, -0.021759, 793.982544]
1.74261e+09,[-0.022534, -0.021002, 773.978088]
1.74261e+09,[-0.022163, -0.020620, 760.596985]
1.74261e+09,[-0.021415, -0.020236, 740.458252]
1.74261e+09,[-0.021037, -0.019850, 726.873291]
1.74261e+09,[-0.020657, -0.019461, 713.209839]
1.74261e+09,[-0.020275, -0.019071, 699.469360]
1.74261e+09,[-0.019890, -0.018283, 678.634705]
1.74261e+09,[-0.019094, -0.017886, 657.432617]
1.74261e+09,[-0.018309, -0.017087, 629.261841]
1.74261e+09,[-0.017914, -0.016684, 615.073853]
1.74261e+09,[-0.017117, -0.016280, 593.720947]
1.74261e+09,[-0.016716, -0.015874, 579.369873]
1.74261e+09,[-0.016313, -0.015466, 564.956665]
1.74261e+09,[-0.015908, -0.015056, 550.483032]
1.74261e+09,[-0.015502, -0.014232, 528.612183]
1.74261e+09,[-0.015094, -0.013818, 513.995422]
1.74261e+09,[-0.014274, -0.013402, 492.019257]
1.74261e+09,[-0.013448, -0.012566, 462.470551]
1.74261e+09,[-0.012616, -0.011725, 432.730164]
1.74261e+09,[-0.012199, -0.011302, 417.792908]
1.74261e+09,[-0.011360, -0.010878, 395.350189]
1.74261e+09,[-0.011360, -0.010453, 387.794312]
1.74261e+09,[-0.010518, -0.010053, 365.694153]
1.74261e+09,[-0.010518, -0.009627, 358.124908]
1.74261e+09,[-0.009672, -0.009200, 335.498779]
1.74261e+09,[-0.009672, -0.008773, 327.899261]
1.74261e+09,[-0.008823, -0.007881, 296.965240]
1.74261e+09,[-0.008398, -0.007450, 281.731964]
1.74261e+09,[-0.007972, -0.006626, 259.522949]
1.74261e+09,[-0.007546, -0.006626, 251.954361]
1.74261e+09,[-0.006695, -0.005765, 221.512451]
1.74261e+09,[-0.006270, -0.005422, 207.849747]
1.74261e+09,[-0.005845, -0.005000, 192.800598]
1.74261e+09,[-0.005422, -0.004320, 173.184143]
1.74261e+09,[-0.005000, -0.003924, 158.653442]
1.74261e+09,[-0.004580, -0.003774, 148.511841]
1.74261e+09,[-0.004163, -0.003104, 129.200668]
1.74261e+09,[-0.003751, -0.002812, 116.671944]
1.74261e+09,[-0.003344, -0.002197, 98.513199]
1.74261e+09,[-0.003344, -0.001966, 94.399147]
1.74261e+09,[-0.003344, -0.001813, 91.678772]
1.74261e+09,[-0.002946, -0.001759, 83.648384]
1.74261e+09,[-0.002562, -0.001759, 76.809433]
1.74261e+09,[-0.002197, -0.001813, 71.287697]
1.74261e+09,[-0.001865, -0.001966, 68.098709]
1.74261e+09,[-0.001585, -0.001966, 63.126682]
1.74261e+09,[-0.001319, -0.002197, 62.514427]
1.74261e+09,[-0.001390, -0.002197, 63.781002]
1.74261e+09,[-0.001865, -0.002197, 72.212761]
1.74261e+09,[-0.001865, -0.002485, 77.331345]
1.74261e+09,[-0.001865, -0.002485, 77.331345]
1.74261e+09,[-0.001865, -0.002485, 77.331345]
1.74261e+09,[-0.001865, -0.002485, 77.331345]
1.74261e+09,[-0.001865, -0.002485, 77.331345]
1.74261e+09,[-0.001865, -0.002485, 77.331345]
1.74261e+09,[-0.001865, -0.002812, 83.145020]
1.74261e+09,[-0.001865, -0.002812, 83.145020]
1.74261e+09,[-0.001865, -0.002812, 83.145020]
1.74261e+09,[-0.001585, -0.002812, 78.172981]
1.74261e+09,[-0.001390, -0.002367, 66.794022]
1.74261e+09,[-0.001319, -0.002241, 63.301231]
1.74261e+09,[-0.001390, -0.002198, 63.797451]
1.74261e+09,[-0.001585, -0.002367, 70.253754]
1.74261e+09,[-0.001865, -0.002562, 78.693977]
1.74261e+09,[-0.002562, -0.003104, 100.730492]
1.74261e+09,[-0.002946, -0.003428, 113.316292]
1.74261e+09,[-0.003344, -0.004137, 133.000412]
1.74261e+09,[-0.003751, -0.004320, 143.476059]
1.74261e+09,[-0.004163, -0.005130, 165.209137]
1.74261e+09,[-0.004580, -0.005541, 179.933472]
1.74261e+09,[-0.005422, -0.005956, 202.265228]
1.74261e+09,[-0.005845, -0.006372, 217.199829]
1.74261e+09,[-0.006270, -0.007210, 239.637344]
1.74261e+09,[-0.007121, -0.007630, 262.233398]
1.74261e+09,[-0.007972, -0.008472, 292.333832]
1.74261e+09,[-0.008398, -0.008893, 307.383301]
1.74261e+09,[-0.008823, -0.009314, 322.424347]
1.74261e+09,[-0.009248, -0.009734, 337.451904]
1.74261e+09,[-0.010095, -0.010574, 367.449371]
1.74261e+09,[-0.010518, -0.010993, 382.411713]
1.74261e+09,[-0.010940, -0.011411, 397.345245]
1.74261e+09,[-0.011360, -0.011829, 412.246979]
1.74261e+09,[-0.012199, -0.012245, 434.558105]
1.74261e+09,[-0.012616, -0.012660, 449.367218]
1.74261e+09,[-0.013448, -0.013488, 478.859955]
1.74261e+09,[-0.013862, -0.013900, 493.538910]
1.74261e+09,[-0.014685, -0.014311, 515.474915]
1.74261e+09,[-0.014685, -0.014685, 522.131653]
1.74261e+09,[-0.015502, -0.015502, 551.189514]
1.74261e+09,[-0.015908, -0.015908, 565.633545]
1.74261e+09,[-0.016313, -0.016313, 580.018494]
1.74261e+09,[-0.016313, -0.016313, 580.018494]
1.74261e+09,[-0.016716, -0.016716, 594.342590]
1.74261e+09,[-0.017117, -0.017117, 608.604126]
1.74261e+09,[-0.017516, -0.017914, 629.866760]
1.74261e+09,[-0.017914, -0.018309, 643.963928]
1.74261e+09,[-0.018703, -0.019094, 671.950806]
1.74261e+09,[-0.019094, -0.019484, 685.837280]
1.74261e+09,[-0.019484, -0.019871, 699.650146]
1.74261e+09,[-0.019871, -0.019871, 706.538025]
1.74261e+09,[-0.020257, -0.020257, 720.237732]
1.74261e+09,[-0.020640, -0.020257, 727.048828]
1.74261e+09,[-0.020640, -0.020640, 733.859924]
1.74261e+09,[-0.021021, -0.020640, 740.631409]
1.74261e+09,[-0.021399, -0.020640, 747.362610]
1.74261e+09,[-0.021399, -0.021021, 754.134155]
1.74261e+09,[-0.021776, -0.021388, 767.362000]
1.74261e+09,[-0.022150, -0.021765, 780.710876]
1.74261e+09,[-0.022521, -0.022140, 793.975037]
1.74261e+09,[-0.022890, -0.022140, 800.537231]
1.74261e+09,[-0.022890, -0.022512, 807.152832]
1.74261e+09,[-0.023257, -0.022882, 820.242920]
1.74261e+09,[-0.023621, -0.022882, 826.716125]
1.74261e+09,[-0.023983, -0.022882, 833.143799]
1.74261e+09,[-0.024342, -0.023249, 846.052673]
1.74261e+09,[-0.024698, -0.023249, 852.386963]
1.74261e+09,[-0.025051, -0.023249, 858.673462]
1.74261e+09,[-0.025051, -0.023614, 865.155884]
1.74261e+09,[-0.025402, -0.023614, 871.393921]
1.74261e+09,[-0.025751, -0.023614, 877.582825]
1.74261e+09,[-0.025751, -0.023976, 884.019470]
1.74261e+09,[-0.026096, -0.024335, 896.548584]
1.74261e+09,[-0.026096, -0.024335, 896.548584]
1.74261e+09,[-0.026096, -0.024692, 902.891418]
1.74261e+09,[-0.026096, -0.024692, 902.891418]
1.74261e+09,[-0.026096, -0.024692, 902.891418]
1.74261e+09,[-0.026096, -0.024692, 902.891418]
1.74261e+09,[-0.026096, -0.024692, 902.891418]
1.74261e+09,[-0.026096, -0.024692, 902.891418]
1.74261e+09,[-0.026096, -0.024692, 902.891418]
1.74261e+09,[-0.026096, -0.024692, 902.891418]
1.74261e+09,[-0.026096, -0.024692, 902.891418]
1.74261e+09,[-0.026096, -0.024692, 902.891418]
1.74261e+09,[-0.026096, -0.024692, 902.891418]
1.74261e+09,[-0.026096, -0.024692, 902.891418]
1.74261e+09,[-0.026096, -0.024692, 902.891418]
1.74261e+09,[-0.026096, -0.024692, 902.891418]
1.74261e+09,[-0.026096, -0.024692, 902.891418]
1.74261e+09,[-0.026096, -0.024692, 902.891418]
1.74261e+09,[-0.025751, -0.024692, 896.752380]
1.74261e+09,[-0.025402, -0.024692, 890.563538]
1.74261e+09,[-0.025051, -0.024692, 884.325500]
1.74261e+09,[-0.024698, -0.023976, 865.306030]
1.74261e+09,[-0.023983, -0.023976, 852.590515]
1.74261e+09,[-0.023621, -0.023614, 839.726257]
1.74261e+09,[-0.023257, -0.023249, 826.770569]
1.74261e+09,[-0.022890, -0.022882, 813.724854]
1.74261e+09,[-0.022521, -0.022882, 807.162659]
1.74261e+09,[-0.022150, -0.022512, 793.985107]
1.74261e+09,[-0.021776, -0.022140, 780.721252]
1.74261e+09,[-0.021399, -0.021765, 767.372559]
1.74261e+09,[-0.021399, -0.021388, 760.671875]
1.74261e+09,[-0.020640, -0.020628, 733.644165]
1.74261e+09,[-0.020257, -0.020628, 726.833069]
1.74261e+09,[-0.019871, -0.020244, 713.160461]
1.74261e+09,[-0.019094, -0.019858, 692.485718]
1.74261e+09,[-0.018309, -0.019080, 664.689270]
1.74261e+09,[-0.017914, -0.018687, 650.682983]
1.74261e+09,[-0.017117, -0.017897, 622.462280]
1.74261e+09,[-0.016716, -0.017498, 608.251221]
1.74261e+09,[-0.016313, -0.017098, 593.975159]
1.74261e+09,[-0.015908, -0.016696, 579.635925]
1.74261e+09,[-0.015502, -0.016292, 565.235229]
1.74261e+09,[-0.015094, -0.016292, 557.984619]
1.74261e+09,[-0.014685, -0.015887, 543.496399]
1.74261e+09,[-0.014274, -0.015071, 521.681519]
1.74261e+09,[-0.013862, -0.014660, 507.052460]
1.74261e+09,[-0.013448, -0.014248, 492.370850]
1.74261e+09,[-0.013033, -0.013834, 477.638672]
1.74261e+09,[-0.012616, -0.013834, 470.236603]
1.74261e+09,[-0.012199, -0.013003, 448.030273]
1.74261e+09,[-0.011780, -0.012585, 433.158081]
1.74261e+09,[-0.010940, -0.012166, 410.761902]
1.74261e+09,[-0.010518, -0.011745, 395.790161]
1.74261e+09,[-0.009672, -0.010901, 365.739380]
1.74261e+09,[-0.009672, -0.010477, 358.205261]
1.74261e+09,[-0.008823, -0.009627, 327.993896]
1.74261e+09,[-0.008398, -0.008773, 305.250702]
1.74261e+09,[-0.007972, -0.007916, 282.448792]
1.74261e+09,[-0.007546, -0.007486, 267.245789]
1.74261e+09,[-0.006695, -0.007056, 244.467148]
1.74261e+09,[-0.006270, -0.006626, 229.258698]
1.74261e+09,[-0.005845, -0.005765, 206.405273]
1.74261e+09,[-0.005422, -0.005335, 191.225800]
1.74261e+09,[-0.005000, -0.004580, 170.306915]
1.74261e+09,[-0.005000, -0.004580, 170.306915]
1.74261e+09,[-0.004163, -0.003751, 140.691101]
1.74261e+09,[-0.004163, -0.003344, 133.464600]
1.74261e+09,[-0.003344, -0.002946, 111.833374]
1.74261e+09,[-0.003344, -0.002562, 104.994408]
1.74261e+09,[-0.002946, -0.002197, 91.442299]
1.74261e+09,[-0.002562, -0.002485, 89.721924]
1.74261e+09,[-0.002562, -0.002197, 84.603340]
1.74261e+09,[-0.002197, -0.001966, 74.008072]
1.74261e+09,[-0.001865, -0.001966, 68.098709]
1.74261e+09,[-0.001865, -0.001813, 65.378342]
1.74261e+09,[-0.001865, -0.001813, 65.378342]
1.74261e+09,[-0.001585, -0.001813, 60.406311]
1.74261e+09,[-0.001585, -0.001813, 60.406311]
1.74261e+09,[-0.001585, -0.001813, 60.406311]
1.74261e+09,[-0.001585, -0.001813, 60.406311]
1.74261e+09,[-0.001585, -0.001813, 60.406311]
1.74261e+09,[-0.001585, -0.001813, 60.406311]
1.74261e+09,[-0.001585, -0.001813, 60.406311]
1.74261e+09,[-0.001585, -0.001813, 60.406311]
1.74261e+09,[-0.001585, -0.001813, 60.406311]
1.74261e+09,[-0.001585, -0.001813, 60.406311]
1.74261e+09,[-0.001585, -0.001813, 60.406311]
1.74261e+09,[-0.001585, -0.001813, 60.406311]
1.74261e+09,[-0.001585, -0.001813, 60.406311]
1.74261e+09,[-0.001585, -0.001813, 60.406311]
1.74261e+09,[-0.001585, -0.001813, 60.406311]
1.74261e+09,[-0.001585, -0.001813, 60.406311]
1.74261e+09,[-0.001585, -0.001813, 60.406311]
1.74261e+09,[-0.001585, -0.001813, 60.406311]
1.74261e+09,[-0.001585, -0.001813, 60.406311]
1.74261e+09,[-0.001585, -0.001390, 52.899609]
1.74261e+09,[-0.001585, -0.001390, 52.899609]
1.74261e+09,[-0.001390, -0.001390, 49.439880]
1.74261e+09,[-0.001390, -0.001319, 48.173306]
1.74261e+09,[-0.000983, -0.000880, 33.118370]
1.74261e+09,[-0.000983, -0.000983, 34.962727]
1.74261e+09,[-0.000622, -0.000983, 28.538397]
1.74261e+09,[-0.000622, -0.000983, 28.538397]
1.74261e+09,[-0.000440, -0.000983, 25.300297]
1.74261e+09,[-0.000440, -0.000622, 18.875965]
1.74261e+09,[-0.000622, -0.000622, 22.114065]
1.74261e+09,[-0.000622, -0.000983, 28.538397]
1.74261e+09,[-0.000983, -0.001390, 42.201305]
1.74261e+09,[-0.000983, -0.001813, 49.708004]
1.74261e+09,[-0.001390, -0.002241, 64.567810]
1.74261e+09,[-0.001813, -0.002241, 72.074509]
1.74261e+09,[-0.002673, -0.002673, 95.052078]
1.74261e+09,[-0.002673, -0.003107, 102.760780]
1.74261e+09,[-0.003107, -0.003514, 117.714195]
1.74261e+09,[-0.003621, -0.003977, 135.073486]
1.74261e+09,[-0.004163, -0.004476, 153.577850]
1.74261e+09,[-0.004722, -0.004580, 165.372726]
1.74261e+09,[-0.005292, -0.005130, 185.280304]
1.74261e+09,[-0.005292, -0.005541, 192.595261]
1.74261e+09,[-0.005869, -0.005691, 205.515579]
1.74261e+09,[-0.006450, -0.005691, 215.845108]
1.74261e+09,[-0.007033, -0.006450, 239.706528]
1.74261e+09,[-0.007253, -0.006662, 247.376984]
1.74261e+09,[-0.007842, -0.007490, 272.565216]
1.74261e+09,[-0.007842, -0.008083, 283.108734]
1.74261e+09,[-0.008673, -0.008338, 302.424713]
1.74261e+09,[-0.008673, -0.008930, 312.948364]
1.74261e+09,[-0.008930, -0.009198, 322.280975]
1.74261e+09,[-0.009198, -0.009478, 332.019562]
1.74261e+09,[-0.009767, -0.009767, 347.265472]
1.74261e+09,[-0.010065, -0.010065, 357.859863]
1.74261e+09,[-0.010950, -0.010684, 384.608093]
1.74261e+09,[-0.010950, -0.010684, 384.608093]
1.74261e+09,[-0.011576, -0.011003, 401.402222]
1.74261e+09,[-0.011576, -0.011328, 407.183258]
1.74261e+09,[-0.012223, -0.011659, 424.556061]
1.74261e+09,[-0.012553, -0.011994, 436.379578]
1.74261e+09,[-0.012887, -0.012332, 448.343567]
1.74261e+09,[-0.013224, -0.012675, 460.432068]
1.74261e+09,[-0.013565, -0.013020, 472.630432]
1.74261e+09,[-0.013908, -0.013369, 484.925171]
1.74261e+09,[-0.014254, -0.013720, 497.303925]
1.74261e+09,[-0.014601, -0.014072, 509.755402]
1.74261e+09,[-0.014951, -0.014427, 522.269043]
1.74261e+09,[-0.015301, -0.014783, 534.835327]
1.74261e+09,[-0.015653, -0.015140, 547.445190]
1.74261e+09,[-0.016006, -0.015140, 553.720337]
1.74261e+09,[-0.016360, -0.015499, 566.379272]
1.74261e+09,[-0.016360, -0.015858, 572.763123]
1.74261e+09,[-0.016714, -0.016217, 585.456360]
1.74261e+09,[-0.017069, -0.016217, 591.762390]
1.74261e+09,[-0.017424, -0.016577, 604.473145]
1.74261e+09,[-0.017779, -0.016938, 617.188477]
1.74261e+09,[-0.018134, -0.017298, 629.902710]
1.74261e+09,[-0.018018, -0.017544, 632.210327]
1.74261e+09,[-0.018378, -0.017908, 645.086731]
1.74261e+09,[-0.018737, -0.017908, 651.469116]
1.74261e+09,[-0.018636, -0.018174, 654.397095]
1.74261e+09,[-0.018636, -0.018542, 660.937195]
1.74261e+09,[-0.018908, -0.018824, 670.792908]
1.74261e+09,[-0.018908, -0.018824, 670.792908]
1.74261e+09,[-0.018824, -0.019193, 675.858704]
1.74261e+09,[-0.019118, -0.019118, 679.750061]
1.74261e+09,[-0.019048, -0.019423, 683.940125]
1.74261e+09,[-0.019362, -0.019423, 689.526245]
1.74261e+09,[-0.019307, -0.019739, 694.150269]
1.74261e+09,[-0.019639, -0.020064, 705.821899]
1.74261e+09,[-0.019597, -0.020397, 710.990967]
1.74261e+09,[-0.019560, -0.020359, 709.666016]
1.74261e+09,[-0.019890, -0.020326, 714.946594]
1.74261e+09,[-0.019890, -0.020326, 714.946594]
1.74261e+09,[-0.019871, -0.020705, 721.360413]
1.74261e+09,[-0.020244, -0.020705, 727.982910]
1.74261e+09,[-0.020236, -0.020657, 726.986572]
1.74261e+09,[-0.020620, -0.021037, 740.572083]
1.74261e+09,[-0.020618, -0.021037, 740.528870]
1.74261e+09,[-0.021002, -0.021399, 753.806946]
1.74261e+09,[-0.021009, -0.021399, 753.929749]
1.74261e+09,[-0.021399, -0.021388, 760.671875]
1.74261e+09,[-0.021434, -0.021388, 761.289978]
1.74261e+09,[-0.021434, -0.021382, 761.173828]
1.74261e+09,[-0.021458, -0.021382, 761.597656]
1.74261e+09,[-0.021486, -0.021382, 762.097717]
1.74261e+09,[-0.021486, -0.021415, 762.677979]
1.74261e+09,[-0.021518, -0.021415, 763.253479]
1.74261e+09,[-0.021518, -0.021399, 762.982910]
1.74261e+09,[-0.021518, -0.021399, 762.982910]
1.74261e+09,[-0.021555, -0.021399, 763.633301]
1.74261e+09,[-0.021555, -0.021399, 763.633301]
1.74261e+09,[-0.021185, -0.020657, 743.856812]
1.74261e+09,[-0.021185, -0.020657, 743.856812]
1.74261e+09,[-0.020859, -0.019871, 724.089966]
1.74261e+09,[-0.020487, -0.019484, 710.599304]
1.74261e+09,[-0.020114, -0.018703, 690.077637]
1.74261e+09,[-0.019797, -0.018703, 684.445435]
1.74261e+09,[-0.019423, -0.017914, 663.772156]
1.74261e+09,[-0.019048, -0.017516, 650.034729]
1.74261e+09,[-0.018671, -0.017117, 636.238708]
1.74261e+09,[-0.018293, -0.016716, 622.386169]
1.74261e+09,[-0.017914, -0.016313, 608.479614]
1.74261e+09,[-0.017914, -0.015908, 601.287170]
1.74261e+09,[-0.017152, -0.015502, 580.514343]
1.74261e+09,[-0.017152, -0.015502, 580.514343]
1.74261e+09,[-0.016386, -0.015094, 559.642029]
1.74261e+09,[-0.016386, -0.014685, 552.363708]
1.74261e+09,[-0.016001, -0.014274, 538.225830]
1.74261e+09,[-0.015616, -0.013862, 524.050415]
1.74261e+09,[-0.015231, -0.013862, 517.196045]
1.74261e+09,[-0.014845, -0.013862, 510.334442]
1.74261e+09,[-0.013958, -0.013488, 487.919556]
1.74261e+09,[-0.013958, -0.013033, 479.828979]
1.74261e+09,[-0.013457, -0.012585, 462.965302]
1.74261e+09,[-0.013060, -0.012166, 448.467224]
1.74261e+09,[-0.012556, -0.011745, 432.024750]
1.74261e+09,[-0.012460, -0.011725, 429.943207]
1.74261e+09,[-0.011647, -0.011302, 407.988586]
1.74261e+09,[-0.011144, -0.010878, 391.503967]
1.74261e+09,[-0.010733, -0.010453, 376.637207]
1.74261e+09,[-0.010230, -0.010027, 360.121429]
1.74261e+09,[-0.009398, -0.009591, 337.569946]
1.74261e+09,[-0.009398, -0.009162, 329.948273]
1.74261e+09,[-0.008566, -0.008732, 307.519470]
1.74261e+09,[-0.008566, -0.008302, 299.862885]
1.74261e+09,[-0.008150, -0.008302, 292.480713]
1.74261e+09,[-0.008150, -0.007870, 284.807953]
1.74261e+09,[-0.007736, -0.007438, 269.752441]
1.74261e+09,[-0.007736, -0.007438, 269.752441]
1.74261e+09,[-0.007323, -0.006570, 246.986984]
1.74261e+09,[-0.007323, -0.006570, 246.986984]
1.74261e+09,[-0.006911, -0.006135, 231.939392]
1.74261e+09,[-0.006502, -0.006135, 224.657791]
1.74261e+09,[-0.006502, -0.005700, 216.916748]
1.74261e+09,[-0.006095, -0.005264, 201.930832]
1.74261e+09,[-0.005691, -0.004827, 186.996292]
1.74261e+09,[-0.005292, -0.004390, 172.131561]
1.74261e+09,[-0.004899, -0.003953, 157.360367]
1.74261e+09,[-0.004899, -0.003514, 149.572281]
1.74261e+09,[-0.004513, -0.003107, 135.468964]
1.74261e+09,[-0.004137, -0.003107, 128.783020]
1.74261e+09,[-0.003774, -0.002673, 114.616035]
1.74261e+09,[-0.003428, -0.002562, 106.477341]
1.74261e+09,[-0.003104, -0.002197, 94.249275]
1.74261e+09,[-0.002812, -0.001585, 78.172981]
1.74261e+09,[-0.002562, -0.000983, 63.023640]
1.74261e+09,[-0.002367, -0.000983, 59.555447]
1.74261e+09,[-0.002241, -0.001390, 64.567810]
1.74261e+09,[-0.002198, -0.001390, 63.797451]
1.74261e+09,[-0.001759, -0.000983, 48.748520]
1.74261e+09,[-0.001319, -0.000440, 31.272297]
1.74261e+09,[-0.000440, -0.000622, 18.875965]
1.74261e+09,[-0.000000, -0.000622, 11.057033]
1.74261e+09,[-0.000440, -0.001390, 32.538872]
1.74261e+09,[-0.000880, -0.001813, 47.863647]
1.74261e+09,[-0.001319, -0.002241, 63.301231]
1.74261e+09,[-0.001759, -0.002673, 78.793190]
1.74261e+09,[-0.002198, -0.003977, 109.771072]
1.74261e+09,[-0.002637, -0.004412, 125.313667]
1.74261e+09,[-0.003076, -0.005282, 148.582520]
1.74261e+09,[-0.003953, -0.005716, 171.891968]
1.74261e+09,[-0.004390, -0.006151, 187.391205]
1.74261e+09,[-0.004412, -0.006584, 195.483093]
1.74261e+09,[-0.004847, -0.007017, 210.918091]
1.74261e+09,[-0.005335, -0.007056, 220.283539]
1.74261e+09,[-0.005845, -0.007546, 238.074219]
1.74261e+09,[-0.005956, -0.008051, 249.001450]
1.74261e+09,[-0.006502, -0.008566, 267.861176]
1.74261e+09,[-0.006911, -0.008679, 277.160522]
1.74261e+09,[-0.007458, -0.008811, 289.239624]
1.74261e+09,[-0.007615, -0.009356, 301.716919]
1.74261e+09,[-0.008364, -0.009514, 317.843079]
1.74261e+09,[-0.008936, -0.010069, 337.869598]
1.74261e+09,[-0.008936, -0.010248, 341.059967]
1.74261e+09,[-0.009508, -0.010441, 354.646698]
1.74261e+09,[-0.010078, -0.011004, 374.788971]
1.74261e+09,[-0.010292, -0.011212, 382.294708]
1.74261e+09,[-0.010519, -0.011430, 390.201477]
1.74261e+09,[-0.011091, -0.011994, 410.385864]
1.74261e+09,[-0.011328, -0.012223, 418.684204]
1.74261e+09,[-0.011659, -0.012782, 434.497528]
1.74261e+09,[-0.012223, -0.013019, 448.735504]
1.74261e+09,[-0.012460, -0.013263, 457.309418]
1.74261e+09,[-0.013019, -0.013815, 477.050659]
1.74261e+09,[-0.013263, -0.014065, 485.838837]
1.74261e+09,[-0.014065, -0.014582, 509.287567]
1.74261e+09,[-0.014609, -0.015121, 528.531006]
1.74261e+09,[-0.014862, -0.015385, 537.722290]
1.74261e+09,[-0.015397, -0.015653, 552.001099]
1.74261e+09,[-0.015913, -0.015925, 566.020264]
1.74261e+09,[-0.016178, -0.016202, 575.640442]
1.74261e+09,[-0.016719, -0.016482, 590.239014]
1.74261e+09,[-0.016995, -0.016765, 600.179932]
1.74261e+09,[-0.017556, -0.017052, 615.240051]
1.74261e+09,[-0.017840, -0.017341, 625.436157]
1.74261e+09,[-0.018416, -0.017632, 640.854431]
1.74261e+09,[-0.018416, -0.017632, 640.854431]
1.74261e+09,[-0.018707, -0.017730, 647.764282]
1.74261e+09,[-0.018999, -0.018033, 658.346802]
1.74261e+09,[-0.019293, -0.018337, 668.985291]
1.74261e+09,[-0.019588, -0.018337, 674.234619]
1.74261e+09,[-0.019885, -0.018786, 687.477356]
1.74261e+09,[-0.020182, -0.018786, 692.763062]
1.74261e+09,[-0.020480, -0.019100, 703.653625]
1.74261e+09,[-0.020480, -0.019268, 706.636841]
1.74261e+09,[-0.020637, -0.019453, 712.707031]
1.74261e+09,[-0.020809, -0.019321, 713.427673]
1.74261e+09,[-0.020681, -0.019194, 708.881348]
1.74261e+09,[-0.020556, -0.019532, 712.689819]
1.74261e+09,[-0.020764, -0.019303, 712.301147]
1.74261e+09,[-0.020653, -0.019197, 708.432861]
1.74261e+09,[-0.020444, -0.019095, 702.918823]
1.74261e+09,[-0.020346, -0.019095, 701.182800]
1.74261e+09,[-0.020165, -0.018908, 694.640625]
1.74261e+09,[-0.020082, -0.018908, 693.155334]
1.74261e+09,[-0.019929, -0.018824, 688.939453]
1.74261e+09,[-0.019861, -0.018745, 686.315002]
1.74261e+09,[-0.019797, -0.018604, 682.693604]
1.74261e+09,[-0.019739, -0.018604, 681.659485]
1.74261e+09,[-0.019639, -0.018543, 678.790527]
1.74261e+09,[-0.019597, -0.018440, 676.203735]
1.74261e+09,[-0.019560, -0.018397, 674.802673]
1.74261e+09,[-0.019529, -0.018362, 673.613831]
1.74261e+09,[-0.019484, -0.018332, 672.286743]
1.74261e+09,[-0.019470, -0.018309, 671.627136]
1.74261e+09,[-0.019461, -0.018293, 671.184326]
1.74261e+09,[-0.019458, -0.018283, 670.958679]
1.74261e+09,[-0.019470, -0.018309, 671.627136]
1.74261e+09,[-0.019484, -0.018293, 671.587280]
1.74261e+09,[-0.019504, -0.018332, 672.638794]
1.74261e+09,[-0.019529, -0.018332, 673.090576]
1.74261e+09,[-0.019560, -0.018362, 674.164795]
1.74261e+09,[-0.019597, -0.018362, 674.814453]
1.74261e+09,[-0.019686, -0.018440, 677.794983]
1.74261e+09,[-0.019739, -0.018440, 678.734619]
1.74261e+09,[-0.019797, -0.018488, 680.632751]
1.74261e+09,[-0.019861, -0.018543, 682.735474]
1.74261e+09,[-0.019929, -0.018604, 685.040039]
1.74261e+09,[-0.020003, -0.018604, 686.349365]
1.74261e+09,[-0.020082, -0.018824, 691.647095]
1.74261e+09,[-0.020082, -0.018824, 691.647095]
1.74261e+09,[-0.020165, -0.018824, 693.132385]
1.74261e+09,[-0.020253, -0.018824, 694.703125]
1.74261e+09,[-0.020444, -0.018824, 698.093506]
1.74261e+09,[-0.020546, -0.018908, 701.417664]
1.74261e+09,[-0.020653, -0.018908, 703.311340]
1.74261e+09,[-0.020653, -0.018999, 704.920471]
1.74261e+09,[-0.020653, -0.018999, 704.920471]
1.74261e+09,[-0.020653, -0.018636, 698.471191]
1.74261e+09,[-0.020320, -0.018018, 681.572327]
1.74261e+09,[-0.019987, -0.017658, 669.255310]
1.74261e+09,[-0.019321, -0.017298, 651.004395]
1.74261e+09,[-0.019321, -0.016938, 644.598938]
1.74261e+09,[-0.018655, -0.015858, 613.553650]
1.74261e+09,[-0.018655, -0.015858, 613.553650]
1.74261e+09,[-0.017840, -0.015499, 592.678833]
1.74261e+09,[-0.017695, -0.015499, 590.110901]
1.74261e+09,[-0.017207, -0.015140, 575.067505]
1.74261e+09,[-0.016714, -0.015140, 566.308350]
1.74261e+09,[-0.016217, -0.014623, 548.282349]
1.74261e+09,[-0.015858, -0.014261, 535.441284]
1.74261e+09,[-0.015499, -0.014261, 529.057434]
1.74261e+09,[-0.015352, -0.014103, 523.640320]
1.74261e+09,[-0.014987, -0.013580, 507.865753]
1.74261e+09,[-0.014472, -0.013580, 498.712555]
1.74261e+09,[-0.014330, -0.013435, 493.595337]
1.74261e+09,[-0.013955, -0.012914, 477.666382]
1.74261e+09,[-0.013435, -0.012393, 459.157684]
1.74261e+09,[-0.013300, -0.011871, 447.487427]
1.74261e+09,[-0.012914, -0.011476, 433.598755]
1.74261e+09,[-0.012529, -0.011476, 426.754822]
1.74261e+09,[-0.012002, -0.010951, 408.055817]
1.74261e+09,[-0.012002, -0.010551, 400.939514]
1.74261e+09,[-0.011613, -0.010023, 384.633606]
1.74261e+09,[-0.011224, -0.010023, 377.728760]
1.74261e+09,[-0.011081, -0.010023, 375.178650]
1.74261e+09,[-0.010687, -0.009618, 360.976929]
1.74261e+09,[-0.010294, -0.009089, 344.591187]
1.74261e+09,[-0.010151, -0.009089, 342.043488]
1.74261e+09,[-0.009356, -0.008679, 320.627075]
1.74261e+09,[-0.008961, -0.008271, 306.343903]
1.74261e+09,[-0.008811, -0.007864, 296.442505]
1.74261e+09,[-0.008410, -0.007736, 287.047028]
1.74261e+09,[-0.008410, -0.007323, 279.700439]
1.74261e+09,[-0.008012, -0.006911, 265.292419]
1.74261e+09,[-0.007615, -0.006790, 256.105225]
1.74261e+09,[-0.007223, -0.006372, 241.687210]
1.74261e+09,[-0.007223, -0.005956, 234.281418]
1.74261e+09,[-0.006834, -0.005956, 227.370056]
1.74261e+09,[-0.006450, -0.005541, 213.180176]
1.74261e+09,[-0.006450, -0.005130, 205.865234]
1.74261e+09,[-0.005869, -0.004722, 188.289917]
1.74261e+09,[-0.005484, -0.004722, 181.444580]
1.74261e+09,[-0.005107, -0.004320, 167.580215]
1.74261e+09,[-0.005107, -0.003924, 160.551163]
1.74261e+09,[-0.004739, -0.003924, 154.010086]
1.74261e+09,[-0.004739, -0.003539, 147.150726]
1.74261e+09,[-0.004383, -0.003166, 134.201401]
1.74261e+09,[-0.004137, -0.003166, 129.833237]
1.74261e+09,[-0.003539, -0.002562, 108.451294]
1.74261e+09,[-0.003539, -0.002562, 108.451294]
1.74261e+09,[-0.003344, -0.002367, 101.526215]
1.74261e+09,[-0.003198, -0.002367, 98.927307]
1.74261e+09,[-0.003107, -0.002241, 95.082611]
1.74261e+09,[-0.003076, -0.002198, 93.762032]
1.74261e+09,[-0.003198, -0.002241, 96.701103]
1.74261e+09,[-0.003344, -0.002367, 101.526215]
1.74261e+09,[-0.003774, -0.002812, 117.083305]
1.74261e+09,[-0.004043, -0.003104, 127.055359]
1.74261e+09,[-0.004656, -0.003428, 143.713089]
1.74261e+09,[-0.004992, -0.003774, 155.830948]
1.74261e+09,[-0.005341, -0.004137, 168.503693]
1.74261e+09,[-0.005702, -0.004513, 181.606873]
1.74261e+09,[-0.006450, -0.004899, 201.761383]
1.74261e+09,[-0.006662, -0.004899, 205.534882]
1.74261e+09,[-0.007253, -0.005484, 226.428635]
1.74261e+09,[-0.007617, -0.005484, 232.915771]
1.74261e+09,[-0.007842, -0.006072, 247.369232]
1.74261e+09,[-0.008201, -0.006299, 257.777527]
1.74261e+09,[-0.008201, -0.006810, 266.870453]
1.74261e+09,[-0.008430, -0.007412, 281.635406]
1.74261e+09,[-0.008673, -0.007987, 296.176727]
1.74261e+09,[-0.009261, -0.008291, 312.047394]
1.74261e+09,[-0.009787, -0.008606, 326.985504]
1.74261e+09,[-0.010065, -0.008930, 337.684021]
1.74261e+09,[-0.010648, -0.009846, 364.324036]
1.74261e+09,[-0.010950, -0.010179, 375.640625]
1.74261e+09,[-0.011260, -0.010863, 393.297302]
1.74261e+09,[-0.011260, -0.011212, 399.495728]
1.74261e+09,[-0.011576, -0.011564, 411.373230]
1.74261e+09,[-0.012143, -0.011920, 427.791473]
1.74261e+09,[-0.012460, -0.012640, 446.225342]
1.74261e+09,[-0.012782, -0.012640, 451.941437]
1.74261e+09,[-0.013437, -0.013369, 476.539520]
1.74261e+09,[-0.013437, -0.013735, 483.059143]
1.74261e+09,[-0.014105, -0.014472, 508.040314]
1.74261e+09,[-0.014105, -0.014842, 514.613464]
1.74261e+09,[-0.014784, -0.015212, 533.259827]
1.74261e+09,[-0.015126, -0.015212, 539.346436]
1.74261e+09,[-0.015470, -0.015583, 552.052307]
1.74261e+09,[-0.015816, -0.015954, 564.786560]
1.74261e+09,[-0.016162, -0.015954, 570.949646]
1.74261e+09,[-0.016510, -0.016325, 583.722473]
1.74261e+09,[-0.016858, -0.016695, 596.506042]
1.74261e+09,[-0.017207, -0.016695, 602.709839]
1.74261e+09,[-0.017557, -0.017066, 615.504944]
1.74261e+09,[-0.017906, -0.017436, 628.296143]
1.74261e+09,[-0.018256, -0.017805, 641.078003]
1.74261e+09,[-0.018256, -0.017805, 641.078003]
1.74261e+09,[-0.018605, -0.018542, 660.386047]
1.74261e+09,[-0.018954, -0.018542, 666.595215]
1.74261e+09,[-0.019303, -0.018908, 679.321411]
1.74261e+09,[-0.019652, -0.019274, 692.020508]
1.74261e+09,[-0.019999, -0.019639, 704.688477]
1.74261e+09,[-0.019999, -0.019639, 704.688477]
1.74261e+09,[-0.020346, -0.020003, 717.321594]
1.74261e+09,[-0.020346, -0.020003, 717.321594]
1.74261e+09,[-0.020693, -0.020365, 729.916321]
1.74261e+09,[-0.021038, -0.020726, 742.469177]
1.74261e+09,[-0.021038, -0.020726, 742.469177]
1.74261e+09,[-0.021382, -0.021086, 754.976929]
1.74261e+09,[-0.021725, -0.021443, 767.436401]
1.74261e+09,[-0.021725, -0.021800, 773.770142]
1.74261e+09,[-0.021994, -0.022154, 784.861450]
1.74261e+09,[-0.021994, -0.022154, 784.861450]
1.74261e+09,[-0.022273, -0.022456, 795.190979]
1.74261e+09,[-0.022212, -0.022456, 794.100098]
1.74261e+09,[-0.022154, -0.022765, 798.571533]
1.74261e+09,[-0.022456, -0.022724, 803.204285]
1.74261e+09,[-0.022365, -0.022686, 800.912354]
1.74261e+09,[-0.022365, -0.022652, 800.302795]
1.74261e+09,[-0.022289, -0.022652, 798.943115]
1.74261e+09,[-0.022621, -0.022621, 804.311707]
1.74261e+09,[-0.022594, -0.022570, 802.923950]
1.74261e+09,[-0.022570, -0.022550, 802.147644]
1.74261e+09,[-0.022521, -0.022521, 800.753174]
1.74261e+09,[-0.022512, -0.022512, 800.428162]
1.74261e+09,[-0.022505, -0.022507, 800.200562]
1.74261e+09,[-0.022512, -0.022505, 800.298035]
1.74261e+09,[-0.022534, -0.022521, 800.980469]
1.74261e+09,[-0.022550, -0.022550, 801.791443]
1.74261e+09,[-0.022594, -0.022534, 802.276001]
1.74261e+09,[-0.022621, -0.022534, 802.759705]
1.74261e+09,[-0.022652, -0.022534, 803.306641]
1.74261e+09,[-0.022686, -0.022550, 804.208130]
1.74261e+09,[-0.022724, -0.022570, 805.235962]
1.74261e+09,[-0.022765, -0.022621, 806.873108]
1.74261e+09,[-0.022456, -0.022289, 795.460632]
1.74261e+09,[-0.022456, -0.021923, 788.959656]
1.74261e+09,[-0.022154, -0.021228, 771.244751]
1.74261e+09,[-0.022154, -0.020859, 764.675354]
1.74261e+09,[-0.021861, -0.020963, 761.313049]
1.74261e+09,[-0.021508, -0.020597, 748.534302]
1.74261e+09,[-0.021225, -0.020230, 736.979248]
1.74261e+09,[-0.021225, -0.019861, 730.417175]
1.74261e+09,[-0.020873, -0.019118, 710.953247]
1.74261e+09,[-0.020604, -0.018745, 699.528625]
1.74261e+09,[-0.020253, -0.018081, 681.496033]
1.74261e+09,[-0.019902, -0.017708, 668.618530]
1.74261e+09,[-0.019197, -0.017334, 649.433777]
1.74261e+09,[-0.019197, -0.016960, 642.776855]
1.74261e+09,[-0.018489, -0.016585, 623.523499]
1.74261e+09,[-0.018134, -0.015833, 603.861694]
1.74261e+09,[-0.017779, -0.015457, 590.868042]
1.74261e+09,[-0.017424, -0.015081, 577.872070]
1.74261e+09,[-0.017069, -0.014705, 564.879639]
1.74261e+09,[-0.016714, -0.014330, 551.896729]
1.74261e+09,[-0.016360, -0.013955, 538.930176]
1.74261e+09,[-0.016006, -0.013580, 525.987000]
1.74261e+09,[-0.015301, -0.013055, 504.121643]
1.74261e+09,[-0.014951, -0.012529, 488.529327]
1.74261e+09,[-0.014601, -0.012145, 475.491211]
1.74261e+09,[-0.014254, -0.011762, 462.504425]
1.74261e+09,[-0.013720, -0.011381, 446.225525]
1.74261e+09,[-0.013369, -0.011001, 433.239746]
1.74261e+09,[-0.013020, -0.010623, 420.334595]
1.74261e+09,[-0.013020, -0.010248, 413.667572]
1.74261e+09,[-0.012332, -0.009688, 391.477325]
1.74261e+09,[-0.012121, -0.009310, 381.009033]
1.74261e+09,[-0.011430, -0.008936, 362.070343]
1.74261e+09,[-0.011212, -0.008201, 345.119202]
1.74261e+09,[-0.010519, -0.007617, 322.420776]
1.74261e+09,[-0.009943, -0.007253, 305.704163]
1.74261e+09,[-0.009365, -0.006895, 289.060272]
1.74261e+09,[-0.009365, -0.006545, 282.848297]
1.74261e+09,[-0.008784, -0.005944, 261.827759]
1.74261e+09,[-0.008566, -0.005944, 257.957855]
1.74261e+09,[-0.007988, -0.004992, 230.756012]
1.74261e+09,[-0.007988, -0.004992, 230.756012]
1.74261e+09,[-0.007410, -0.004043, 203.608902]
1.74261e+09,[-0.007223, -0.003774, 195.492905]
1.74261e+09,[-0.006656, -0.003428, 179.263763]
1.74261e+09,[-0.006260, -0.002812, 161.284531]
1.74261e+09,[-0.005691, -0.002197, 140.237610]
1.74261e+09,[-0.005292, -0.002197, 133.144699]
1.74261e+09,[-0.004722, -0.001585, 112.130539]
1.74261e+09,[-0.004580, -0.000983, 98.903214]
1.74261e+09,[-0.004048, -0.000983, 89.437691]
1.74261e+09,[-0.003977, -0.000880, 86.330574]
1.74261e+09,[-0.003514, -0.000983, 79.960823]
1.74261e+09,[-0.003542, -0.001244, 85.069221]
1.74261e+09,[-0.003751, -0.001585, 94.858299]
1.74261e+09,[-0.003924, -0.001966, 104.715393]
1.74261e+09,[-0.004383, -0.002367, 119.990524]
1.74261e+09,[-0.004383, -0.002779, 127.319458]
1.74261e+09,[-0.004953, -0.003198, 144.902634]
1.74261e+09,[-0.005268, -0.003621, 158.039230]
1.74261e+09,[-0.005600, -0.004048, 171.504578]
1.74261e+09,[-0.005944, -0.004476, 185.232651]
1.74261e+09,[-0.006662, -0.004476, 198.007431]
1.74261e+09,[-0.006662, -0.004905, 205.637711]
1.74261e+09,[-0.007033, -0.004905, 212.233643]
1.74261e+09,[-0.007033, -0.004905, 212.233643]
1.74261e+09,[-0.007033, -0.004905, 212.233643]
1.74261e+09,[-0.007033, -0.004476, 204.603378]
1.74261e+09,[-0.006834, -0.003977, 192.185104]
1.74261e+09,[-0.006450, -0.003977, 185.362137]
1.74261e+09,[-0.006072, -0.003542, 170.914001]
1.74261e+09,[-0.006072, -0.003076, 162.638519]
1.74261e+09,[-0.005702, -0.002198, 140.450165]
1.74261e+09,[-0.004992, -0.001759, 120.008102]
1.74261e+09,[-0.004656, -0.001319, 106.231392]
1.74261e+09,[-0.004338, -0.000880, 92.764908]
1.74261e+09,[-0.003774, -0.000440, 74.908920]
1.74261e+09,[-0.003539, -0.000000, 62.909012]
1.74261e+09,[-0.003198, -0.000880, 72.490234]
1.74261e+09,[-0.003198, -0.002198, 95.930740]
1.74261e+09,[-0.003076, -0.002198, 93.762032]
1.74261e+09,[-0.003198, -0.002637, 103.736816]
1.74261e+09,[-0.003344, -0.003514, 121.931587]
1.74261e+09,[-0.003774, -0.003953, 137.357529]
1.74261e+09,[-0.004338, -0.004390, 155.175827]
1.74261e+09,[-0.004656, -0.004827, 168.597763]
1.74261e+09,[-0.005341, -0.006135, 204.030716]
1.74261e+09,[-0.005341, -0.006135, 204.030716]
1.74261e+09,[-0.006072, -0.006135, 217.029312]
1.74261e+09,[-0.006072, -0.006570, 224.758392]
1.74261e+09,[-0.006662, -0.006584, 235.495071]
1.74261e+09,[-0.007253, -0.007056, 254.379395]
1.74261e+09,[-0.007490, -0.007121, 259.739319]
1.74261e+09,[-0.008083, -0.007630, 279.337585]
1.74261e+09,[-0.008338, -0.007864, 288.027466]
1.74261e+09,[-0.008606, -0.008410, 302.518921]
1.74261e+09,[-0.009177, -0.009310, 328.671783]
1.74261e+09,[-0.009478, -0.009310, 334.011810]
1.74261e+09,[-0.010371, -0.009719, 357.152771]
1.74261e+09,[-0.010684, -0.009943, 366.703278]
1.74261e+09,[-0.011328, -0.010684, 391.328400]
1.74261e+09,[-0.012223, -0.010950, 411.963928]
1.74261e+09,[-0.012553, -0.011799, 432.916870]
1.74261e+09,[-0.013224, -0.012095, 450.131165]
1.74261e+09,[-0.013908, -0.012706, 473.141724]
1.74261e+09,[-0.014254, -0.013336, 490.485077]
1.74261e+09,[-0.014601, -0.013982, 508.145233]
1.74261e+09,[-0.014951, -0.014310, 520.183167]
1.74261e+09,[-0.015653, -0.014443, 535.051270]
1.74261e+09,[-0.016006, -0.015126, 553.464844]
1.74261e+09,[-0.016714, -0.015470, 572.169434]
1.74261e+09,[-0.017069, -0.015816, 584.617310]
1.74261e+09,[-0.017424, -0.016360, 600.609741]
1.74261e+09,[-0.017779, -0.017069, 619.525635]
1.74261e+09,[-0.018489, -0.017298, 636.207092]
1.74261e+09,[-0.018843, -0.017658, 648.908081]
1.74261e+09,[-0.019197, -0.017908, 659.644287]
1.74261e+09,[-0.019550, -0.018273, 672.396362]
1.74261e+09,[-0.020253, -0.018453, 688.108887]
1.74261e+09,[-0.020253, -0.018824, 694.703125]
1.74261e+09,[-0.020604, -0.019118, 706.166626]
1.74261e+09,[-0.020604, -0.019490, 712.780823]
1.74261e+09,[-0.020873, -0.019739, 721.994873]
1.74261e+09,[-0.021153, -0.020114, 733.641785]
1.74261e+09,[-0.021508, -0.020439, 745.728577]
1.74261e+09,[-0.021443, -0.020397, 743.822327]
1.74261e+09,[-0.021743, -0.020736, 755.185730]
1.74261e+09,[-0.022050, -0.020705, 760.094727]
1.74261e+09,[-0.022004, -0.021057, 765.533936]
1.74261e+09,[-0.022325, -0.021037, 770.874695]
1.74261e+09,[-0.022289, -0.021388, 776.479492]
1.74261e+09,[-0.022621, -0.021382, 782.278809]
1.74261e+09,[-0.022570, -0.021757, 788.045471]
1.74261e+09,[-0.022570, -0.022134, 794.746704]
1.74261e+09,[-0.022534, -0.022140, 794.202332]
1.74261e+09,[-0.022521, -0.022163, 794.388916]
1.74261e+09,[-0.022507, -0.022202, 794.816956]
1.74261e+09,[-0.022505, -0.022227, 795.230347]
1.74261e+09,[-0.022512, -0.022289, 796.454468]
1.74261e+09,[-0.022521, -0.022325, 797.263916]
1.74261e+09,[-0.022550, -0.022409, 799.273621]
1.74261e+09,[-0.022570, -0.022456, 800.472229]
1.74261e+09,[-0.022621, -0.022507, 802.282104]
1.74261e+09,[-0.022652, -0.022562, 803.797913]
1.74261e+09,[-0.022686, -0.022620, 805.438293]
1.74261e+09,[-0.022724, -0.022620, 806.109985]
1.74261e+09,[-0.022810, -0.022620, 807.637207]
1.74261e+09,[-0.022810, -0.022681, 808.729065]
1.74261e+09,[-0.022507, -0.022338, 797.252258]
1.74261e+09,[-0.022562, -0.022067, 793.388916]
1.74261e+09,[-0.022273, -0.021725, 782.190002]
1.74261e+09,[-0.021994, -0.021466, 772.629700]
1.74261e+09,[-0.021382, -0.021126, 755.704346]
1.74261e+09,[-0.021126, -0.020786, 745.106018]
1.74261e+09,[-0.020546, -0.020444, 728.718140]
1.74261e+09,[-0.020209, -0.020102, 716.631714]
1.74261e+09,[-0.019654, -0.019415, 694.569824]
1.74261e+09,[-0.019321, -0.019071, 682.531982]
1.74261e+09,[-0.018988, -0.018383, 664.371094]
1.74261e+09,[-0.018988, -0.018039, 658.252747]
1.74261e+09,[-0.018322, -0.017695, 640.301697]
1.74261e+09,[-0.017990, -0.017351, 628.287415]
1.74261e+09,[-0.017658, -0.016666, 610.209961]
1.74261e+09,[-0.017327, -0.016325, 598.263062]
1.74261e+09,[-0.016670, -0.015985, 580.519104]
1.74261e+09,[-0.016343, -0.015646, 568.686157]
1.74261e+09,[-0.015695, -0.014784, 541.836548]
1.74261e+09,[-0.014845, -0.014254, 517.304016]
1.74261e+09,[-0.014310, -0.013720, 498.296967]
1.74261e+09,[-0.013982, -0.013369, 486.233551]
1.74261e+09,[-0.013437, -0.012472, 460.600525]
1.74261e+09,[-0.012887, -0.012279, 447.388123]
1.74261e+09,[-0.012553, -0.011365, 425.203888]
1.74261e+09,[-0.012223, -0.011004, 412.913635]
1.74261e+09,[-0.011659, -0.010441, 392.884399]
1.74261e+09,[-0.011328, -0.009876, 376.973297]
1.74261e+09,[-0.011003, -0.009688, 367.847198]
1.74261e+09,[-0.010684, -0.009310, 355.453156]
1.74261e+09,[-0.010103, -0.008744, 335.065918]
1.74261e+09,[-0.009787, -0.008364, 322.681580]
1.74261e+09,[-0.009198, -0.007223, 291.929810]
1.74261e+09,[-0.009198, -0.007056, 288.961151]
1.74261e+09,[-0.008606, -0.006656, 271.329773]
1.74261e+09,[-0.008011, -0.005956, 248.290833]
1.74261e+09,[-0.007412, -0.005422, 228.153000]
1.74261e+09,[-0.007412, -0.005422, 228.153000]
1.74261e+09,[-0.006810, -0.004905, 208.264740]
1.74261e+09,[-0.006545, -0.004412, 194.791687]
1.74261e+09,[-0.006299, -0.004412, 190.406235]
1.74261e+09,[-0.006072, -0.004476, 187.519394]
1.74261e+09,[-0.006072, -0.004163, 181.966461]
1.74261e+09,[-0.005869, -0.004320, 181.136459]
1.74261e+09,[-0.005541, -0.004513, 178.745850]
1.74261e+09,[-0.005422, -0.004739, 180.628418]
1.74261e+09,[-0.005335, -0.004992, 183.580032]
1.74261e+09,[-0.005282, -0.005268, 187.557297]
1.74261e+09,[-0.005264, -0.005268, 187.241455]
1.74261e+09,[-0.005282, -0.005565, 192.830276]
1.74261e+09,[-0.005335, -0.005878, 199.343201]
1.74261e+09,[-0.005422, -0.006206, 206.713943]
1.74261e+09,[-0.005541, -0.006895, 221.085175]
1.74261e+09,[-0.005691, -0.006895, 223.750137]
1.74261e+09,[-0.005869, -0.007253, 233.273972]
1.74261e+09,[-0.006072, -0.007253, 236.888931]
1.74261e+09,[-0.006072, -0.007842, 247.369232]
1.74261e+09,[-0.006662, -0.008201, 264.243439]
1.74261e+09,[-0.007033, -0.008673, 279.232300]
1.74261e+09,[-0.007410, -0.008930, 290.495819]
1.74261e+09,[-0.008179, -0.009478, 313.895020]
1.74261e+09,[-0.008569, -0.009767, 325.963745]
1.74261e+09,[-0.008961, -0.010371, 343.678711]
1.74261e+09,[-0.009356, -0.010684, 356.264648]
1.74261e+09,[-0.010151, -0.011328, 381.859039]
1.74261e+09,[-0.010551, -0.011659, 394.831787]
1.74261e+09,[-0.010951, -0.012332, 413.925262]
1.74261e+09,[-0.011352, -0.012675, 427.140320]
1.74261e+09,[-0.012154, -0.013181, 450.416718]
1.74261e+09,[-0.012556, -0.013540, 463.919373]
1.74261e+09,[-0.012957, -0.013899, 477.450867]
1.74261e+09,[-0.013358, -0.014472, 494.761871]
1.74261e+09,[-0.014158, -0.014705, 513.133118]
1.74261e+09,[-0.014558, -0.015081, 526.911865]
1.74261e+09,[-0.014956, -0.016001, 550.348572]
1.74261e+09,[-0.015353, -0.016297, 562.680176]
1.74261e+09,[-0.016145, -0.016608, 582.275940]
1.74261e+09,[-0.016145, -0.016932, 588.030762]
1.74261e+09,[-0.016932, -0.017267, 607.982483]
1.74261e+09,[-0.017323, -0.017613, 621.092041]
1.74261e+09,[-0.017713, -0.017969, 634.341919]
1.74261e+09,[-0.018102, -0.018362, 648.233521]
1.74261e+09,[-0.018488, -0.018725, 661.565308]
1.74261e+09,[-0.018874, -0.019094, 674.986084]
1.74261e+09,[-0.019597, -0.019470, 694.515076]
1.74261e+09,[-0.019597, -0.019850, 701.271606]
1.74261e+09,[-0.019979, -0.020236, 714.930176]
1.74261e+09,[-0.020359, -0.020236, 721.684753]
1.74261e+09,[-0.020736, -0.020618, 735.190063]
1.74261e+09,[-0.021112, -0.021002, 748.704712]
1.74261e+09,[-0.021486, -0.021382, 762.097717]
1.74261e+09,[-0.021486, -0.021765, 768.914612]
1.74261e+09,[-0.021858, -0.022140, 782.178772]
1.74261e+09,[-0.022227, -0.022140, 788.744812]
1.74261e+09,[-0.022594, -0.022882, 808.458191]
1.74261e+09,[-0.022594, -0.022890, 808.610901]
1.74261e+09,[-0.022959, -0.023257, 821.613464]
1.74261e+09,[-0.023321, -0.023268, 828.256042]
1.74261e+09,[-0.023681, -0.023268, 834.655579]
1.74261e+09,[-0.024039, -0.023283, 841.268555]
1.74261e+09,[-0.024394, -0.023283, 847.579773]
1.74261e+09,[-0.024394, -0.023283, 847.579773]
1.74261e+09,[-0.024746, -0.023283, 853.845581]
1.74261e+09,[-0.025096, -0.023283, 860.065369]
1.74261e+09,[-0.025096, -0.023283, 860.065369]
1.74261e+09,[-0.025096, -0.023283, 860.065369]
1.74261e+09,[-0.025096, -0.023283, 860.065369]
1.74261e+09,[-0.025096, -0.023283, 860.065369]
1.74261e+09,[-0.025096, -0.023283, 860.065369]
1.74261e+09,[-0.025096, -0.023283, 860.065369]
1.74261e+09,[-0.024746, -0.023283, 853.845581]
1.74261e+09,[-0.024394, -0.023283, 847.579773]
1.74261e+09,[-0.023681, -0.022918, 828.425049]
1.74261e+09,[-0.023321, -0.022550, 815.494629]
1.74261e+09,[-0.022959, -0.021809, 795.863464]
1.74261e+09,[-0.022594, -0.021434, 782.722900]
1.74261e+09,[-0.021858, -0.020679, 756.199219]
1.74261e+09,[-0.021486, -0.020679, 749.593689]
1.74261e+09,[-0.021112, -0.020298, 736.175415]
1.74261e+09,[-0.020736, -0.019914, 722.681946]
1.74261e+09,[-0.020359, -0.019529, 709.114929]
1.74261e+09,[-0.019979, -0.019142, 695.476135]
1.74261e+09,[-0.019213, -0.018362, 667.991089]
1.74261e+09,[-0.018827, -0.017969, 654.148499]
1.74261e+09,[-0.018051, -0.017177, 626.273438]
1.74261e+09,[-0.017660, -0.016779, 612.244995]
1.74261e+09,[-0.016873, -0.016379, 591.154236]
1.74261e+09,[-0.016478, -0.015978, 576.986328]
1.74261e+09,[-0.016081, -0.015978, 569.930847]
1.74261e+09,[-0.015683, -0.015575, 555.687378]
1.74261e+09,[-0.015283, -0.015170, 541.395813]
1.74261e+09,[-0.014883, -0.014764, 527.058716]
1.74261e+09,[-0.014481, -0.014357, 512.678772]
1.74261e+09,[-0.014078, -0.013949, 498.258850]
1.74261e+09,[-0.013675, -0.013539, 483.802063]
1.74261e+09,[-0.013270, -0.013128, 469.311523]
1.74261e+09,[-0.013270, -0.013128, 469.311523]
1.74261e+09,[-0.012865, -0.012717, 454.790741]
1.74261e+09,[-0.012865, -0.012304, 447.453857]
1.74261e+09,[-0.012460, -0.011890, 432.891388]
1.74261e+09,[-0.012054, -0.011476, 418.308075]
1.74261e+09,[-0.011647, -0.011061, 403.708344]
1.74261e+09,[-0.010835, -0.010646, 381.872833]
1.74261e+09,[-0.010428, -0.010230, 367.259918]
1.74261e+09,[-0.010023, -0.009814, 352.650757]
1.74261e+09,[-0.009618, -0.009398, 338.052704]
1.74261e+09,[-0.009214, -0.008981, 323.473999]
1.74261e+09,[-0.008811, -0.008566, 308.924255]
1.74261e+09,[-0.008410, -0.008150, 294.414429]
1.74261e+09,[-0.008012, -0.007736, 279.957520]
1.74261e+09,[-0.007615, -0.007323, 265.568909]
1.74261e+09,[-0.007615, -0.006790, 256.105225]
1.74261e+09,[-0.006834, -0.006372, 234.775833]
1.74261e+09,[-0.006834, -0.005956, 227.370056]
1.74261e+09,[-0.006450, -0.005541, 213.180176]
1.74261e+09,[-0.006072, -0.005541, 206.465622]
1.74261e+09,[-0.005702, -0.005130, 192.569321]
1.74261e+09,[-0.005702, -0.004722, 185.323517]
1.74261e+09,[-0.004992, -0.004320, 165.538391]
1.74261e+09,[-0.004992, -0.003924, 158.509323]
1.74261e+09,[-0.004656, -0.003539, 145.687042]
1.74261e+09,[-0.004338, -0.003539, 140.036926]
1.74261e+09,[-0.004338, -0.003166, 133.412857]
1.74261e+09,[-0.004043, -0.002812, 121.860458]
1.74261e+09,[-0.003774, -0.002812, 117.083305]
1.74261e+09,[-0.003774, -0.002485, 111.269638]
1.74261e+09,[-0.003539, -0.002485, 107.088661]
1.74261e+09,[-0.003539, -0.002485, 107.088661]
1.74261e+09,[-0.003344, -0.002485, 103.631783]
1.74261e+09,[-0.003198, -0.002485, 101.032867]
1.74261e+09,[-0.003107, -0.002197, 94.295807]
1.74261e+09,[-0.003107, -0.002197, 94.295807]
1.74261e+09,[-0.003076, -0.002197, 93.745583]
1.74261e+09,[-0.003076, -0.002197, 93.745583]
1.74261e+09,[-0.003076, -0.002197, 93.745583]
1.74261e+09,[-0.003076, -0.001865, 87.836220]
1.74261e+09,[-0.003076, -0.001865, 87.836220]
1.74261e+09,[-0.003076, -0.001865, 87.836220]
1.74261e+09,[-0.003198, -0.002562, 102.395508]
1.74261e+09,[-0.003539, -0.003198, 119.762238]
1.74261e+09,[-0.003774, -0.004476, 146.655365]
1.74261e+09,[-0.004043, -0.004905, 159.062805]
1.74261e+09,[-0.004656, -0.005765, 185.267776]
1.74261e+09,[-0.004656, -0.006196, 192.921158]
1.74261e+09,[-0.005341, -0.007056, 220.399857]
1.74261e+09,[-0.005341, -0.007486, 228.042496]
1.74261e+09,[-0.006072, -0.008344, 256.299835]
1.74261e+09,[-0.006450, -0.008773, 270.627075]
1.74261e+09,[-0.006834, -0.009200, 285.049561]
1.74261e+09,[-0.007223, -0.009627, 299.545959]
1.74261e+09,[-0.007615, -0.010477, 321.650818]
1.74261e+09,[-0.008012, -0.010901, 336.227020]
1.74261e+09,[-0.008811, -0.011745, 365.453827]
1.74261e+09,[-0.009214, -0.012166, 380.085114]
1.74261e+09,[-0.010023, -0.013003, 409.344757]
1.74261e+09,[-0.010428, -0.013419, 423.960327]
1.74261e+09,[-0.011241, -0.013862, 446.269714]
1.74261e+09,[-0.011647, -0.014685, 468.130768]
1.74261e+09,[-0.012054, -0.015502, 489.882751]
1.74261e+09,[-0.012460, -0.015939, 504.862335]
1.74261e+09,[-0.012865, -0.016342, 519.241028]
1.74261e+09,[-0.013270, -0.016744, 533.580444]
1.74261e+09,[-0.014078, -0.017542, 562.129150]
1.74261e+09,[-0.014078, -0.017938, 569.174011]
1.74261e+09,[-0.014883, -0.018332, 590.485718]
1.74261e+09,[-0.015283, -0.018753, 605.084106]
1.74261e+09,[-0.015683, -0.019142, 619.104431]
1.74261e+09,[-0.016081, -0.019529, 633.067749]
1.74261e+09,[-0.016478, -0.019914, 646.971558]
1.74261e+09,[-0.016873, -0.020298, 660.813782]
1.74261e+09,[-0.017267, -0.020679, 674.592285]
1.74261e+09,[-0.017660, -0.020679, 681.569458]
1.74261e+09,[-0.018051, -0.021057, 695.253601]
1.74261e+09,[-0.018440, -0.021434, 708.868774]
1.74261e+09,[-0.018827, -0.021809, 722.413025]
1.74261e+09,[-0.019213, -0.022181, 735.884644]
1.74261e+09,[-0.019597, -0.022202, 743.086121]
1.74261e+09,[-0.019597, -0.022570, 749.637695]
1.74261e+09,[-0.019979, -0.022937, 762.936768]
1.74261e+09,[-0.020359, -0.022937, 769.691406]
1.74261e+09,[-0.020736, -0.023300, 782.877075]
1.74261e+09,[-0.020736, -0.023300, 782.877075]
1.74261e+09,[-0.021112, -0.023321, 789.929321]
1.74261e+09,[-0.021486, -0.023321, 796.573608]
1.74261e+09,[-0.021486, -0.023321, 796.573608]
1.74261e+09,[-0.021858, -0.023321, 803.179199]
1.74261e+09,[-0.021858, -0.023321, 803.179199]
1.74261e+09,[-0.022227, -0.023321, 809.745239]
1.74261e+09,[-0.022227, -0.023321, 809.745239]
1.74261e+09,[-0.022594, -0.023321, 816.271057]
1.74261e+09,[-0.022959, -0.023321, 822.755493]
1.74261e+09,[-0.023321, -0.023321, 829.197815]
1.74261e+09,[-0.023681, -0.023321, 835.597229]
1.74261e+09,[-0.024039, -0.023321, 841.953003]
1.74261e+09,[-0.024394, -0.023321, 848.264221]
1.74261e+09,[-0.024413, -0.023321, 848.610413]
1.74261e+09,[-0.024413, -0.023321, 848.610413]
1.74261e+09,[-0.024764, -0.023321, 854.850708]
1.74261e+09,[-0.024764, -0.023321, 854.850708]
1.74261e+09,[-0.025113, -0.023321, 861.045593]
1.74261e+09,[-0.025113, -0.023321, 861.045593]
1.74261e+09,[-0.025458, -0.023321, 867.194092]
1.74261e+09,[-0.025458, -0.023321, 867.194092]
1.74261e+09,[-0.025458, -0.023321, 867.194092]
1.74261e+09,[-0.025458, -0.023321, 867.194092]
1.74261e+09,[-0.025458, -0.023321, 867.194092]
1.74261e+09,[-0.025458, -0.023321, 867.194092]
1.74261e+09,[-0.025458, -0.023321, 867.194092]
1.74261e+09,[-0.025113, -0.023321, 861.045593]
1.74261e+09,[-0.024764, -0.023321, 854.850708]
1.74261e+09,[-0.024060, -0.023321, 842.325256]
1.74261e+09,[-0.024060, -0.023321, 842.325256]
1.74261e+09,[-0.023345, -0.022594, 816.697571]
1.74261e+09,[-0.022984, -0.022227, 803.757690]
1.74261e+09,[-0.022256, -0.021858, 784.240173]
1.74261e+09,[-0.021888, -0.021486, 771.099060]
1.74261e+09,[-0.021147, -0.020736, 744.586914]
1.74261e+09,[-0.020773, -0.020736, 737.938232]
1.74261e+09,[-0.020397, -0.020359, 724.535034]
1.74261e+09,[-0.020019, -0.019979, 711.061279]
1.74261e+09,[-0.019639, -0.019597, 697.518799]
1.74261e+09,[-0.019257, -0.019597, 690.733032]
1.74261e+09,[-0.018488, -0.019213, 670.244507]
1.74261e+09,[-0.018102, -0.018827, 656.510986]
1.74261e+09,[-0.017713, -0.018440, 642.717468]
1.74261e+09,[-0.017323, -0.018051, 628.866211]
1.74261e+09,[-0.016539, -0.017267, 601.000183]
1.74261e+09,[-0.016539, -0.016873, 593.995667]
1.74261e+09,[-0.015750, -0.016478, 572.933105]
1.74261e+09,[-0.015353, -0.016478, 565.886536]
1.74261e+09,[-0.014956, -0.016081, 551.766174]
1.74261e+09,[-0.014558, -0.016081, 544.684814]
1.74261e+09,[-0.014158, -0.015683, 530.509583]
1.74261e+09,[-0.013759, -0.015283, 516.299438]
1.74261e+09,[-0.013358, -0.015283, 509.180084]
1.74261e+09,[-0.012957, -0.014883, 494.930267]
1.74261e+09,[-0.012556, -0.014481, 480.655487]
1.74261e+09,[-0.012154, -0.014078, 466.359985]
1.74261e+09,[-0.011753, -0.013675, 452.048431]
1.74261e+09,[-0.011352, -0.013675, 444.914581]
1.74261e+09,[-0.010951, -0.012865, 423.398285]
1.74261e+09,[-0.010551, -0.012865, 416.282013]
1.74261e+09,[-0.010151, -0.012460, 401.970673]
1.74261e+09,[-0.009753, -0.012054, 387.672333]
1.74261e+09,[-0.008961, -0.011647, 366.375153]
1.74261e+09,[-0.008961, -0.011647, 366.375153]
1.74261e+09,[-0.008569, -0.011241, 352.170807]
1.74261e+09,[-0.008179, -0.010835, 338.017792]
1.74261e+09,[-0.008179, -0.010428, 330.797821]
1.74261e+09,[-0.007793, -0.010023, 316.718750]
1.74261e+09,[-0.007410, -0.009618, 302.726501]
1.74261e+09,[-0.007033, -0.009618, 296.022736]
1.74261e+09,[-0.006662, -0.009214, 282.245453]
1.74261e+09,[-0.006662, -0.009214, 282.245453]
1.74261e+09,[-0.006299, -0.008811, 268.621674]
1.74261e+09,[-0.005944, -0.008410, 255.185135]
1.74261e+09,[-0.005600, -0.008012, 241.976608]
1.74261e+09,[-0.005600, -0.007615, 234.934586]
1.74261e+09,[-0.004953, -0.007223, 216.452316]
1.74261e+09,[-0.004953, -0.006834, 209.540939]
1.74261e+09,[-0.004656, -0.006450, 197.446579]
1.74261e+09,[-0.004383, -0.006450, 192.584991]
1.74261e+09,[-0.004137, -0.005702, 174.920914]
1.74261e+09,[-0.003924, -0.005702, 171.141022]
1.74261e+09,[-0.003751, -0.005341, 161.634018]
1.74261e+09,[-0.003751, -0.004992, 155.419571]
1.74261e+09,[-0.003621, -0.004656, 147.157944]
1.74261e+09,[-0.003542, -0.004656, 145.738022]
1.74261e+09,[-0.003542, -0.004338, 140.087906]
1.74261e+09,[-0.003514, -0.004043, 134.346603]
1.74261e+09,[-0.003514, -0.003774, 129.569458]
1.74261e+09,[-0.003514, -0.003774, 129.569458]
1.74261e+09,[-0.003514, -0.003428, 123.414513]
1.74261e+09,[-0.003514, -0.003428, 123.414513]
1.74261e+09,[-0.003514, -0.003428, 123.414513]
1.74261e+09,[-0.003514, -0.003428, 123.414513]
1.74261e+09,[-0.003542, -0.004043, 134.827148]
1.74261e+09,[-0.003621, -0.004383, 142.296356]
1.74261e+09,[-0.003924, -0.005107, 160.551163]
1.74261e+09,[-0.004137, -0.005484, 171.041977]
1.74261e+09,[-0.004383, -0.005869, 182.255478]
1.74261e+09,[-0.004656, -0.006260, 194.069260]
1.74261e+09,[-0.005268, -0.006656, 211.988007]
1.74261e+09,[-0.005600, -0.007056, 224.982529]
1.74261e+09,[-0.005944, -0.007864, 245.464279]
1.74261e+09,[-0.006299, -0.008271, 259.009857]
1.74261e+09,[-0.007033, -0.008679, 279.334442]
1.74261e+09,[-0.007410, -0.008679, 286.038208]
1.74261e+09,[-0.008179, -0.009089, 306.981201]
1.74261e+09,[-0.008569, -0.009499, 321.206299]
1.74261e+09,[-0.008961, -0.009910, 335.491241]
1.74261e+09,[-0.009753, -0.010321, 356.876373]
1.74261e+09,[-0.010151, -0.010733, 371.269257]
1.74261e+09,[-0.010951, -0.011144, 392.797333]
1.74261e+09,[-0.011753, -0.011966, 421.664093]
1.74261e+09,[-0.012154, -0.012376, 436.090942]
1.74261e+09,[-0.012957, -0.012785, 457.639740]
1.74261e+09,[-0.013358, -0.013194, 472.032410]
1.74261e+09,[-0.014158, -0.014008, 500.742706]
1.74261e+09,[-0.014558, -0.014414, 515.052673]
1.74261e+09,[-0.015353, -0.015222, 543.564880]
1.74261e+09,[-0.015353, -0.015624, 550.714111]
1.74261e+09,[-0.016145, -0.016025, 571.912415]
1.74261e+09,[-0.016145, -0.016424, 579.012024]
1.74261e+09,[-0.016932, -0.017219, 607.117737]
1.74261e+09,[-0.017323, -0.017613, 621.092041]
1.74261e+09,[-0.017713, -0.018397, 641.966003]
1.74261e+09,[-0.018102, -0.018787, 655.794617]
1.74261e+09,[-0.018488, -0.019174, 669.562012]
1.74261e+09,[-0.018874, -0.019560, 683.266174]
1.74261e+09,[-0.019257, -0.019944, 696.904724]
1.74261e+09,[-0.019639, -0.019944, 703.690430]
1.74261e+09,[-0.020019, -0.020326, 717.228821]
1.74261e+09,[-0.020397, -0.020705, 730.696655]
1.74261e+09,[-0.020773, -0.020705, 737.381104]
1.74261e+09,[-0.020773, -0.021083, 744.092041]
1.74261e+09,[-0.021518, -0.021458, 764.024902]
1.74261e+09,[-0.021518, -0.021831, 770.657837]
1.74261e+09,[-0.021888, -0.021831, 777.231995]
1.74261e+09,[-0.022256, -0.022202, 790.360229]
1.74261e+09,[-0.022621, -0.022570, 803.407776]
1.74261e+09,[-0.022984, -0.022937, 816.372864]
1.74261e+09,[-0.023345, -0.022937, 822.787048]
1.74261e+09,[-0.023345, -0.022937, 822.787048]
1.74261e+09,[-0.023704, -0.023300, 835.625977]
1.74261e+09,[-0.024060, -0.023300, 841.954895]
1.74261e+09,[-0.024413, -0.023300, 848.239929]
1.74261e+09,[-0.024764, -0.023300, 854.480225]
1.74261e+09,[-0.025113, -0.023300, 860.675171]
1.74261e+09,[-0.025458, -0.023300, 866.823730]
1.74261e+09,[-0.025458, -0.023300, 866.823730]
1.74261e+09,[-0.025458, -0.023300, 866.823730]
1.74261e+09,[-0.025458, -0.023300, 866.823730]
1.74261e+09,[-0.025802, -0.023300, 872.925171]
1.74261e+09,[-0.025802, -0.023662, 879.348511]
1.74261e+09,[-0.025802, -0.023662, 879.348511]
1.74261e+09,[-0.025802, -0.023662, 879.348511]
1.74261e+09,[-0.025802, -0.024020, 885.727539]
1.74261e+09,[-0.025802, -0.024020, 885.727539]
1.74261e+09,[-0.026142, -0.024020, 891.781250]
1.74261e+09,[-0.026142, -0.024020, 891.781250]
1.74261e+09,[-0.026142, -0.024377, 898.115112]
1.74261e+09,[-0.026142, -0.024377, 898.115112]
1.74261e+09,[-0.026142, -0.024377, 898.115112]
1.74261e+09,[-0.026142, -0.024377, 898.115112]
1.74261e+09,[-0.026142, -0.024377, 898.115112]
1.74261e+09,[-0.026142, -0.024377, 898.115112]
1.74261e+09,[-0.026142, -0.024730, 904.403137]
1.74261e+09,[-0.026142, -0.024730, 904.403137]
1.74261e+09,[-0.026142, -0.025082, 910.644531]
1.74261e+09,[-0.026142, -0.025082, 910.644531]
1.74261e+09,[-0.026142, -0.025082, 910.644531]
1.74261e+09,[-0.026142, -0.025082, 910.644531]
1.74261e+09,[-0.026142, -0.025082, 910.644531]
1.74261e+09,[-0.026142, -0.025082, 910.644531]
1.74261e+09,[-0.026142, -0.025082, 910.644531]
1.74261e+09,[-0.025802, -0.024730, 898.349548]
1.74261e+09,[-0.025458, -0.024730, 892.247986]
1.74261e+09,[-0.025113, -0.024020, 873.477539]
1.74261e+09,[-0.024764, -0.024020, 867.282654]
1.74261e+09,[-0.024060, -0.023662, 848.378174]
1.74261e+09,[-0.023345, -0.023300, 829.253967]
1.74261e+09,[-0.022621, -0.022937, 809.917419]
1.74261e+09,[-0.022256, -0.022570, 796.911743]
1.74261e+09,[-0.021888, -0.022202, 783.824707]
1.74261e+09,[-0.021147, -0.021831, 764.045959]
1.74261e+09,[-0.020773, -0.021458, 750.764404]
1.74261e+09,[-0.020397, -0.020705, 730.696655]
1.74261e+09,[-0.019639, -0.020326, 710.475830]
1.74261e+09,[-0.018874, -0.019944, 690.087402]
1.74261e+09,[-0.018102, -0.019174, 662.684814]
1.74261e+09,[-0.017323, -0.018787, 641.956848]
1.74261e+09,[-0.016539, -0.018397, 621.093323]
1.74261e+09,[-0.016145, -0.018006, 607.132751]
1.74261e+09,[-0.015353, -0.017613, 586.073242]
1.74261e+09,[-0.014956, -0.017219, 571.992126]
1.74261e+09,[-0.014158, -0.016424, 543.696472]
1.74261e+09,[-0.013759, -0.016025, 529.488037]
1.74261e+09,[-0.012957, -0.015222, 500.966553]
1.74261e+09,[-0.012556, -0.014819, 486.660797]
1.74261e+09,[-0.011753, -0.014008, 457.979431]
1.74261e+09,[-0.011753, -0.013601, 450.746948]
1.74261e+09,[-0.010951, -0.013194, 429.236420]
1.74261e+09,[-0.010551, -0.012785, 414.855255]
1.74261e+09,[-0.010151, -0.011966, 393.185974]
1.74261e+09,[-0.009753, -0.011966, 386.105682]
1.74261e+09,[-0.008961, -0.011144, 357.425659]
1.74261e+09,[-0.008961, -0.010733, 350.114777]
1.74261e+09,[-0.008569, -0.009910, 328.512085]
1.74261e+09,[-0.008179, -0.009499, 314.277649]
1.74261e+09,[-0.007793, -0.009089, 300.113831]
1.74261e+09,[-0.007410, -0.008679, 286.038208]
1.74261e+09,[-0.006662, -0.007864, 258.239075]
1.74261e+09,[-0.006299, -0.007458, 244.570267]
1.74261e+09,[-0.005944, -0.006502, 221.249725]
1.74261e+09,[-0.005600, -0.006095, 207.896942]
1.74261e+09,[-0.005600, -0.004905, 186.743912]
1.74261e+09,[-0.005268, -0.005000, 182.544357]
1.74261e+09,[-0.004953, -0.004163, 162.061859]
1.74261e+09,[-0.004656, -0.004163, 156.790482]
1.74261e+09,[-0.004656, -0.003344, 142.230164]
1.74261e+09,[-0.004383, -0.003198, 134.769669]
1.74261e+09,[-0.004137, -0.002241, 113.396149]
1.74261e+09,[-0.003924, -0.001813, 101.995018]
1.74261e+09,[-0.003924, -0.001319, 93.221748]
1.74261e+09,[-0.003751, -0.000983, 84.159996]
1.74261e+09,[-0.003751, -0.000983, 84.159996]
1.74261e+09,[-0.003344, -0.001319, 82.905495]
1.74261e+09,[-0.002946, -0.001390, 77.101173]
1.74261e+09,[-0.002779, -0.001390, 74.122963]
1.74261e+09,[-0.002367, -0.001585, 70.253754]
1.74261e+09,[-0.002367, -0.001865, 75.225777]
1.74261e+09,[-0.002367, -0.002485, 86.253731]
1.74261e+09,[-0.002367, -0.002485, 86.253731]
1.74261e+09,[-0.002485, -0.002197, 83.240700]
1.74261e+09,[-0.002812, -0.001966, 84.940323]
1.74261e+09,[-0.003344, -0.001813, 91.678772]
1.74261e+09,[-0.004048, -0.002197, 111.017380]
1.74261e+09,[-0.004905, -0.002946, 139.576889]
1.74261e+09,[-0.005282, -0.003751, 160.576630]
1.74261e+09,[-0.006151, -0.005000, 198.228333]
1.74261e+09,[-0.007017, -0.005335, 219.591354]
1.74261e+09,[-0.007881, -0.006626, 257.910034]
1.74261e+09,[-0.008742, -0.007017, 280.172791]
1.74261e+09,[-0.009600, -0.008312, 318.437439]
1.74261e+09,[-0.010027, -0.008742, 333.677521]
1.74261e+09,[-0.011302, -0.009600, 371.586151]
1.74261e+09,[-0.011725, -0.010027, 386.694214]
1.74261e+09,[-0.012566, -0.010878, 416.784668]
1.74261e+09,[-0.013402, -0.011302, 439.182129]
1.74261e+09,[-0.013818, -0.012139, 461.461700]
1.74261e+09,[-0.014645, -0.012560, 483.639801]
1.74261e+09,[-0.015466, -0.013396, 513.103638]
1.74261e+09,[-0.015874, -0.014227, 535.122803]
1.74261e+09,[-0.016280, -0.015051, 557.000244]
1.74261e+09,[-0.017087, -0.015461, 578.630371]
1.74261e+09,[-0.017487, -0.016280, 600.306030]
1.74261e+09,[-0.017886, -0.016684, 614.584167]
1.74261e+09,[-0.018283, -0.017487, 635.918213]
1.74261e+09,[-0.018678, -0.017886, 650.026367]
1.74261e+09,[-0.019461, -0.018678, 678.028076]
1.74261e+09,[-0.019850, -0.019071, 691.918396]
1.74261e+09,[-0.020236, -0.019461, 705.733032]
1.74261e+09,[-0.020620, -0.019461, 712.562805]
1.74261e+09,[-0.021002, -0.020236, 733.129150]
1.74261e+09,[-0.021382, -0.020620, 746.707642]
1.74261e+09,[-0.021759, -0.021002, 760.204407]
1.74261e+09,[-0.021759, -0.021759, 773.660217]
1.74261e+09,[-0.022134, -0.022134, 786.989746]
1.74261e+09,[-0.022507, -0.022134, 793.611389]
1.74261e+09,[-0.022877, -0.022877, 813.388733]
1.74261e+09,[-0.022877, -0.022877, 813.388733]
1.74261e+09,[-0.023244, -0.023244, 826.455322]
1.74261e+09,[-0.023609, -0.023244, 832.943359]
1.74261e+09,[-0.024331, -0.023244, 845.780884]
1.74261e+09,[-0.024331, -0.023609, 852.268921]
1.74261e+09,[-0.025043, -0.023609, 864.916809]
1.74261e+09,[-0.025043, -0.023971, 871.358887]
1.74261e+09,[-0.025743, -0.023971, 883.811707]
1.74261e+09,[-0.025743, -0.023971, 883.811707]
1.74261e+09,[-0.026089, -0.023971, 889.963135]
1.74261e+09,[-0.026089, -0.023971, 889.963135]
1.74261e+09,[-0.026089, -0.024331, 896.358582]
1.74261e+09,[-0.026089, -0.024331, 896.358582]
1.74261e+09,[-0.026089, -0.024331, 896.358582]
1.74261e+09,[-0.026089, -0.024331, 896.358582]
1.74261e+09,[-0.026089, -0.024331, 896.358582]
1.74261e+09,[-0.026089, -0.024331, 896.358582]
1.74261e+09,[-0.026089, -0.024331, 896.358582]
1.74261e+09,[-0.026089, -0.024331, 896.358582]
1.74261e+09,[-0.026089, -0.024331, 896.358582]
1.74261e+09,[-0.026089, -0.024335, 896.428284]
1.74261e+09,[-0.026089, -0.024335, 896.428284]
1.74261e+09,[-0.026089, -0.024335, 896.428284]
1.74261e+09,[-0.025394, -0.023614, 871.248352]
1.74261e+09,[-0.025043, -0.023614, 864.997253]
1.74261e+09,[-0.024331, -0.022882, 839.339233]
1.74261e+09,[-0.023971, -0.022512, 826.371887]
1.74261e+09,[-0.022877, -0.022140, 800.292847]
1.74261e+09,[-0.022507, -0.021388, 780.355713]
1.74261e+09,[-0.021759, -0.021009, 760.327148]
1.74261e+09,[-0.021382, -0.020628, 746.837158]
1.74261e+09,[-0.020620, -0.019858, 719.614258]
1.74261e+09,[-0.020236, -0.019470, 705.884277]
1.74261e+09,[-0.019461, -0.018687, 678.195007]
1.74261e+09,[-0.018678, -0.018293, 657.256042]
1.74261e+09,[-0.017886, -0.017498, 629.056335]
1.74261e+09,[-0.017487, -0.017098, 614.853149]
1.74261e+09,[-0.017087, -0.016292, 593.404480]
1.74261e+09,[-0.016684, -0.015887, 579.038208]
1.74261e+09,[-0.016280, -0.015479, 564.609253]
1.74261e+09,[-0.015874, -0.015071, 550.119263]
1.74261e+09,[-0.015056, -0.014660, 528.288757]
1.74261e+09,[-0.014645, -0.014660, 520.978516]
1.74261e+09,[-0.013818, -0.014248, 498.947784]
1.74261e+09,[-0.013402, -0.013834, 484.202118]
1.74261e+09,[-0.012566, -0.013419, 461.961029]
1.74261e+09,[-0.012146, -0.013003, 447.089325]
1.74261e+09,[-0.011725, -0.012585, 432.170166]
1.74261e+09,[-0.011302, -0.011745, 409.731934]
1.74261e+09,[-0.010453, -0.010901, 379.631317]
1.74261e+09,[-0.010027, -0.010477, 364.521545]
1.74261e+09,[-0.009172, -0.010053, 341.762299]
1.74261e+09,[-0.008742, -0.009627, 326.563538]
1.74261e+09,[-0.007881, -0.009200, 303.672424]
1.74261e+09,[-0.007881, -0.008773, 296.072876]
1.74261e+09,[-0.007450, -0.007916, 273.161285]
1.74261e+09,[-0.007450, -0.007486, 265.526855]
1.74261e+09,[-0.007017, -0.006584, 241.805313]
1.74261e+09,[-0.006584, -0.006151, 226.396301]
1.74261e+09,[-0.006151, -0.005282, 203.241272]
1.74261e+09,[-0.005716, -0.004847, 187.790222]
1.74261e+09,[-0.004847, -0.004412, 164.595886]
1.74261e+09,[-0.004412, -0.003977, 149.123627]
1.74261e+09,[-0.003977, -0.003107, 125.928307]
1.74261e+09,[-0.003542, -0.002673, 110.486038]
1.74261e+09,[-0.003107, -0.002241, 95.082611]
1.74261e+09,[-0.003107, -0.001813, 87.461380]
1.74261e+09,[-0.002673, -0.001390, 72.245979]
1.74261e+09,[-0.002241, -0.001319, 63.301231]
1.74261e+09,[-0.001813, -0.000622, 43.283672]
1.74261e+09,[-0.001390, -0.000622, 35.776970]
1.74261e+09,[-0.001390, -0.000440, 32.538872]
1.74261e+09,[-0.001390, -0.000440, 32.538872]
1.74261e+09,[-0.001244, -0.000440, 29.928150]
1.74261e+09,[-0.001244, -0.000440, 29.928150]
1.74261e+09,[-0.000983, -0.000440, 25.300297]
1.74261e+09,[-0.001390, -0.000880, 40.356945]
1.74261e+09,[-0.001390, -0.001390, 49.439880]
1.74261e+09,[-0.001390, -0.001390, 49.439880]
1.74261e+09,[-0.001319, -0.001390, 48.173306]
1.74261e+09,[-0.001319, -0.001390, 48.173306]
1.74261e+09,[-0.001319, -0.001390, 48.173306]
1.74261e+09,[-0.001319, -0.001390, 48.173306]
1.74261e+09,[-0.001319, -0.001390, 48.173306]
1.74261e+09,[-0.001319, -0.001390, 48.173306]
1.74261e+09,[-0.001319, -0.001390, 48.173306]
1.74261e+09,[-0.001319, -0.001390, 48.173306]
1.74261e+09,[-0.001319, -0.001390, 48.173306]
1.74261e+09,[-0.001319, -0.001390, 48.173306]
1.74261e+09,[-0.001319, -0.001390, 48.173306]
1.74261e+09,[-0.001319, -0.001390, 48.173306]
1.74261e+09,[-0.001319, -0.001390, 48.173306]
1.74261e+09,[-0.001319, -0.001390, 48.173306]
1.74261e+09,[-0.001319, -0.001390, 48.173306]
1.74261e+09,[-0.001319, -0.001390, 48.173306]
1.74261e+09,[-0.001319, -0.001390, 48.173306]
1.74261e+09,[-0.001319, -0.001390, 48.173306]
1.74261e+09,[-0.001319, -0.001390, 48.173306]
1.74261e+09,[-0.001319, -0.001390, 48.173306]
1.74261e+09,[-0.001319, -0.001390, 48.173306]
1.74261e+09,[-0.001319, -0.001390, 48.173306]
1.74261e+09,[-0.001319, -0.001390, 48.173306]
1.74261e+09,[-0.001319, -0.001390, 48.173306]
1.74261e+09,[-0.001319, -0.001390, 48.173306]
1.74261e+09,[-0.001319, -0.001390, 48.173306]
1.74261e+09,[-0.001319, -0.001390, 48.173306]
1.74261e+09,[-0.001319, -0.001390, 48.173306]
1.74261e+09,[-0.001319, -0.001390, 48.173306]
1.74261e+09,[-0.001319, -0.001390, 48.173306]
1.74261e+09,[-0.001319, -0.001390, 48.173306]
1.74261e+09,[-0.001319, -0.001390, 48.173306]
1.74261e+09,[-0.001319, -0.001390, 48.173306]
1.74261e+09,[-0.001319, -0.001390, 48.173306]
1.74261e+09,[-0.001319, -0.001390, 48.173306]
1.74261e+09,[-0.001319, -0.001390, 48.173306]
1.74261e+09,[-0.001319, -0.001390, 48.173306]
1.74261e+09,[-0.001319, -0.001390, 48.173306]
1.74261e+09,[-0.001319, -0.001390, 48.173306]
1.74261e+09,[-0.001319, -0.001390, 48.173306]
1.74261e+09,[-0.001319, -0.001390, 48.173306]
