Timestamp,Data
1.74269e+09,[-0.000000, -0.001319, 46.906731]
1.74269e+09,[-0.000000, -0.001319, 46.906731]
1.74269e+09,[-0.000000, -0.001319, 46.906731]
1.74269e+09,[-0.000000, -0.001319, 46.906731]
1.74269e+09,[-0.000000, -0.001319, 46.906731]
1.74269e+09,[-0.000000, -0.001319, 46.906731]
1.74269e+09,[-0.000000, -0.001319, 46.906731]
1.74269e+09,[-0.000000, -0.001319, 46.906731]
1.74269e+09,[-0.000000, -0.001319, 46.906731]
1.74269e+09,[-0.000000, -0.001319, 46.906731]
1.74269e+09,[-0.000000, -0.001319, 46.906731]
1.74269e+09,[-0.000000, -0.001319, 46.906731]
1.74269e+09,[-0.000000, -0.001319, 46.906731]
1.74269e+09,[-0.000000, -0.001319, 46.906731]
1.74269e+09,[-0.000000, -0.001319, 46.906731]
1.74269e+09,[-0.000000, -0.001319, 46.906731]
1.74269e+09,[-0.000000, -0.001319, 46.906731]
1.74269e+09,[-0.000000, -0.001319, 46.906731]
1.74269e+09,[-0.000000, -0.001319, 46.906731]
1.74269e+09,[-0.000000, -0.001319, 46.906731]
1.74269e+09,[-0.000000, -0.001319, 46.906731]
1.74269e+09,[-0.000000, -0.001319, 46.906731]
1.74269e+09,[-0.000000, -0.001319, 46.906731]
1.74269e+09,[-0.000000, -0.001319, 46.906731]
1.74269e+09,[-0.000000, -0.001319, 46.906731]
1.74269e+09,[-0.000000, -0.001319, 46.906731]
1.74269e+09,[-0.000000, -0.001319, 46.906731]
1.74269e+09,[-0.000000, -0.001319, 46.906731]
1.74269e+09,[-0.000000, -0.001319, 46.906731]
1.74269e+09,[-0.000000, -0.001319, 46.906731]
1.74269e+09,[-0.000000, -0.001319, 46.906731]
1.74269e+09,[-0.000000, -0.001319, 46.906731]
1.74269e+09,[-0.000000, -0.001319, 46.906731]
1.74269e+09,[-0.000000, -0.001319, 46.906731]
1.74269e+09,[-0.000000, -0.001319, 46.906731]
1.74269e+09,[-0.000000, -0.001319, 46.906731]
1.74269e+09,[-0.000000, -0.001319, 46.906731]
1.74269e+09,[-0.000000, -0.001319, 46.906731]
1.74269e+09,[-0.000000, -0.001319, 46.906731]
1.74269e+09,[-0.000000, -0.001319, 46.906731]
1.74269e+09,[-0.000000, -0.001319, 46.906731]
1.74269e+09,[-0.000000, -0.001319, 46.906731]
1.74269e+09,[-0.000000, -0.001319, 46.906731]
1.74269e+09,[-0.000000, -0.001319, 46.906731]
1.74269e+09,[-0.000000, -0.001319, 46.906731]
1.74269e+09,[-0.000000, -0.001319, 46.906731]
1.74269e+09,[-0.000000, -0.001319, 46.906731]
1.74269e+09,[-0.000000, -0.001319, 46.906731]
1.74269e+09,[-0.000000, -0.001319, 46.906731]
1.74269e+09,[-0.000000, -0.001319, 48.173306]
1.74269e+09,[-0.000000, -0.001319, 51.633038]
1.74269e+09,[-0.000000, -0.001319, 48.173306]
1.74269e+09,[-0.000000, -0.001319, 48.173306]
1.74269e+09,[-0.000000, -0.001319, 48.173306]
1.74269e+09,[-0.000000, -0.001319, 48.173306]
1.74269e+09,[-0.000000, -0.001319, 46.906731]
1.74269e+09,[-0.000000, -0.001319, 46.906731]
1.74269e+09,[-0.000000, -0.001319, 46.906731]
1.74269e+09,[-0.000000, -0.001319, 46.906731]
1.74269e+09,[-0.000000, -0.001319, 46.906731]
1.74269e+09,[-0.000000, -0.001319, 46.906731]
1.74269e+09,[-0.000000, -0.001319, 46.906731]
1.74269e+09,[-0.000000, -0.001319, 46.906731]
1.74269e+09,[-0.000000, -0.001319, 46.906731]
1.74269e+09,[-0.000000, -0.001319, 48.173306]
1.74269e+09,[-0.000000, -0.001319, 58.400372]
1.74269e+09,[-0.000000, -0.001759, 73.341240]
1.74269e+09,[-0.000000, -0.001759, 71.115021]
1.74269e+09,[-0.000000, -0.002198, 86.603554]
1.74269e+09,[-0.000000, -0.002637, 102.118332]
1.74269e+09,[-0.000000, -0.002637, 102.118332]
1.74269e+09,[-0.000000, -0.002637, 102.118332]
1.74269e+09,[-0.000000, -0.003076, 117.163971]
1.74269e+09,[-0.141651, -0.003107, 117.714195]
1.74269e+09,[-0.124071, -0.003542, 133.227539]
1.74269e+09,[-0.124071, -0.003542, 133.227539]
1.74269e+09,[-0.110336, -0.003977, 148.741486]
1.74269e+09,[-0.099310, -0.004412, 156.477982]
1.74269e+09,[-0.099310, -0.004412, 164.249802]
1.74269e+09,[-0.099310, -0.004412, 164.249802]
1.74269e+09,[-0.090264, -0.004847, 171.985550]
1.74269e+09,[-0.090264, -0.004847, 179.747971]
1.74269e+09,[-0.082708, -0.005282, 195.232300]
1.74269e+09,[-0.076302, -0.005716, 202.958710]
1.74269e+09,[-0.076302, -0.005716, 210.699738]
1.74269e+09,[-0.070800, -0.006151, 218.418594]
1.74269e+09,[-0.070800, -0.006151, 226.147675]
1.74269e+09,[-0.066024, -0.006584, 233.857422]
1.74269e+09,[-0.061837, -0.007017, 241.556671]
1.74269e+09,[-0.058137, -0.007450, 256.960449]
1.74269e+09,[-0.115897, -0.007486, 257.607758]
1.74269e+09,[-0.109370, -0.007916, 272.944763]
1.74269e+09,[-0.103514, -0.008344, 280.569122]
1.74269e+09,[-0.098231, -0.008773, 295.869904]
1.74269e+09,[-0.098231, -0.008773, 295.869904]
1.74269e+09,[-0.093439, -0.009200, 303.469421]
1.74269e+09,[-0.093439, -0.009200, 311.142212]
1.74269e+09,[-0.093439, -0.009200, 311.142212]
1.74269e+09,[-0.093439, -0.009200, 311.142212]
1.74269e+09,[-0.089072, -0.009627, 318.727203]
1.74269e+09,[-0.089072, -0.009627, 326.383759]
1.74269e+09,[-0.085075, -0.010053, 333.953003]
1.74269e+09,[-0.081403, -0.010477, 349.144806]
1.74269e+09,[-0.078017, -0.010901, 356.678955]
1.74269e+09,[-0.078017, -0.010901, 356.678955]
1.74269e+09,[-0.074883, -0.011324, 371.815552]
1.74269e+09,[-0.074883, -0.011324, 371.815552]
1.74269e+09,[-0.071976, -0.011745, 379.310272]
1.74269e+09,[-0.071976, -0.011745, 379.310272]
1.74269e+09,[-0.069269, -0.012166, 394.386719]
1.74269e+09,[-0.069269, -0.012166, 394.386719]
1.74269e+09,[-0.066743, -0.012585, 409.421387]
1.74269e+09,[-0.066743, -0.012585, 409.421387]
1.74269e+09,[-0.064379, -0.013003, 424.412506]
1.74269e+09,[-0.062163, -0.013419, 431.816376]
1.74269e+09,[-0.060079, -0.013834, 446.737091]
1.74269e+09,[-0.058117, -0.014248, 454.089966]
1.74269e+09,[-0.056265, -0.014660, 468.935822]
1.74269e+09,[-0.054515, -0.015071, 476.234070]
1.74269e+09,[-0.052857, -0.015479, 491.000763]
1.74269e+09,[-0.052857, -0.015479, 498.474152]
1.74269e+09,[-0.051284, -0.015887, 513.163269]
1.74269e+09,[-0.049790, -0.016292, 520.373169]
1.74269e+09,[-0.049790, -0.016292, 527.796753]
1.74269e+09,[-0.048368, -0.016696, 534.975464]
1.74269e+09,[-0.047013, -0.017098, 549.519714]
1.74269e+09,[-0.047013, -0.017098, 549.519714]
1.74269e+09,[-0.045720, -0.017498, 564.004150]
1.74269e+09,[-0.044485, -0.017897, 571.084534]
1.74269e+09,[-0.064917, -0.018309, 585.853821]
1.74269e+09,[-0.063223, -0.018703, 600.161011]
1.74269e+09,[-0.061599, -0.019094, 614.403503]
1.74269e+09,[-0.060041, -0.019484, 621.328552]
1.74269e+09,[-0.058543, -0.019871, 635.467468]
1.74269e+09,[-0.058543, -0.019871, 635.390137]
1.74269e+09,[-0.057102, -0.020257, 642.240051]
1.74269e+09,[-0.055715, -0.020640, 656.348877]
1.74269e+09,[-0.054378, -0.021021, 663.120361]
1.74269e+09,[-0.054378, -0.021021, 670.520630]
1.74269e+09,[-0.053089, -0.021399, 677.040344]
1.74269e+09,[-0.053089, -0.021399, 676.969788]
1.74269e+09,[-0.051844, -0.021776, 690.886841]
1.74269e+09,[-0.051844, -0.021776, 690.886841]
1.74269e+09,[-0.050642, -0.022150, 704.658203]
1.74269e+09,[-0.050642, -0.022150, 704.658203]
1.74269e+09,[-0.050642, -0.022150, 711.747437]
1.74269e+09,[-0.050642, -0.022150, 711.747437]
1.74269e+09,[-0.049479, -0.022521, 725.407593]
1.74269e+09,[-0.049479, -0.022521, 725.407593]
1.74269e+09,[-0.049479, -0.022521, 725.349182]
1.74269e+09,[-0.048354, -0.022890, 731.911377]
1.74269e+09,[-0.048354, -0.022890, 731.911377]
1.74269e+09,[-0.048354, -0.022890, 731.911377]
1.74269e+09,[-0.048354, -0.022890, 738.988708]
1.74269e+09,[-0.048354, -0.022890, 738.988708]
1.74269e+09,[-0.047265, -0.023257, 745.506775]
1.74269e+09,[-0.047265, -0.023257, 752.489441]
1.74269e+09,[-0.047265, -0.023257, 759.434998]
1.74269e+09,[-0.046209, -0.023621, 765.908203]
1.74269e+09,[-0.046209, -0.023621, 765.908203]
1.74269e+09,[-0.046209, -0.023621, 772.815918]
1.74269e+09,[-0.045186, -0.023983, 779.195618]
1.74269e+09,[-0.045186, -0.023983, 779.195618]
1.74269e+09,[-0.044192, -0.024342, 792.448364]
1.74269e+09,[-0.044192, -0.024342, 792.448364]
1.74269e+09,[-0.044192, -0.024342, 799.280457]
1.74269e+09,[-0.043228, -0.024698, 805.614746]
1.74269e+09,[-0.043228, -0.024698, 805.614746]
1.74269e+09,[-0.042290, -0.025051, 818.693115]
1.74269e+09,[-0.042290, -0.025051, 818.693115]
1.74269e+09,[-0.042290, -0.025051, 825.444031]
1.74269e+09,[-0.042290, -0.025051, 825.444031]
1.74269e+09,[-0.041379, -0.025402, 838.391296]
1.74269e+09,[-0.041379, -0.025402, 838.391296]
1.74269e+09,[-0.041379, -0.025402, 845.058105]
1.74269e+09,[-0.041379, -0.025402, 845.092651]
1.74269e+09,[-0.040492, -0.025751, 857.903198]
1.74269e+09,[-0.040492, -0.025751, 864.481079]
1.74269e+09,[-0.040492, -0.025751, 864.481079]
1.74269e+09,[-0.040492, -0.025751, 864.450500]
1.74269e+09,[-0.040492, -0.025751, 870.985718]
1.74269e+09,[-0.040492, -0.025751, 870.985718]
1.74269e+09,[-0.040492, -0.025751, 870.985718]
1.74269e+09,[-0.040492, -0.025751, 877.475586]
1.74269e+09,[-0.040492, -0.025751, 877.475586]
1.74269e+09,[-0.040492, -0.025751, 877.502441]
1.74269e+09,[-0.040492, -0.025751, 884.144409]
1.74269e+09,[-0.040492, -0.025751, 884.019470]
1.74269e+09,[-0.040492, -0.025751, 884.019470]
1.74269e+09,[-0.040492, -0.025751, 890.409546]
1.74269e+09,[-0.040492, -0.025751, 890.525696]
1.74269e+09,[-0.040492, -0.025751, 890.409546]
1.74269e+09,[-0.040492, -0.025751, 890.525696]
1.74269e+09,[-0.040492, -0.025751, 890.409546]
1.74269e+09,[-0.040492, -0.025751, 890.409546]
1.74269e+09,[-0.040492, -0.025751, 890.688110]
1.74269e+09,[-0.040492, -0.025751, 890.688110]
1.74269e+09,[-0.040492, -0.025751, 890.409546]
1.74269e+09,[-0.040492, -0.025751, 890.409546]
1.74269e+09,[-0.040492, -0.025751, 890.409546]
1.74269e+09,[-0.040492, -0.025751, 884.144409]
1.74269e+09,[-0.042290, -0.025051, 865.155884]
1.74269e+09,[-0.043228, -0.024698, 852.386963]
1.74269e+09,[-0.044192, -0.024342, 839.677795]
1.74269e+09,[-0.045186, -0.023983, 826.571777]
1.74269e+09,[-0.047265, -0.023257, 807.055359]
1.74269e+09,[-0.047265, -0.023257, 807.055359]
1.74269e+09,[-0.048354, -0.022890, 787.177979]
1.74269e+09,[-0.049479, -0.022521, 780.615784]
1.74269e+09,[-0.050642, -0.022150, 767.268066]
1.74269e+09,[-0.051844, -0.021776, 753.707458]
1.74269e+09,[-0.051844, -0.021776, 746.877686]
1.74269e+09,[-0.053089, -0.021399, 733.318604]
1.74269e+09,[-0.054378, -0.021021, 719.679565]
1.74269e+09,[-0.055715, -0.020640, 712.908081]
1.74269e+09,[-0.058543, -0.019871, 692.301575]
1.74269e+09,[-0.058543, -0.019871, 685.318970]
1.74269e+09,[-0.061599, -0.019094, 664.487122]
1.74269e+09,[-0.061599, -0.019094, 657.432617]
1.74269e+09,[-0.063223, -0.018703, 643.381958]
1.74269e+09,[-0.064917, -0.018309, 636.385010]
1.74269e+09,[-0.045720, -0.017498, 614.843872]
1.74269e+09,[-0.047013, -0.017098, 607.729980]
1.74269e+09,[-0.048368, -0.016696, 593.426819]
1.74269e+09,[-0.048368, -0.016696, 593.426819]
1.74269e+09,[-0.049790, -0.016292, 579.059326]
1.74269e+09,[-0.051284, -0.015887, 571.849487]
1.74269e+09,[-0.052857, -0.015479, 557.388855]
1.74269e+09,[-0.054515, -0.015071, 542.868103]
1.74269e+09,[-0.056265, -0.014660, 528.288757]
1.74269e+09,[-0.058117, -0.014248, 513.652466]
1.74269e+09,[-0.062163, -0.013419, 484.216125]
1.74269e+09,[-0.064379, -0.013003, 476.812256]
1.74269e+09,[-0.066743, -0.012585, 454.572784]
1.74269e+09,[-0.069269, -0.012166, 447.121582]
1.74269e+09,[-0.071976, -0.011745, 432.204468]
1.74269e+09,[-0.074883, -0.011324, 417.241943]
1.74269e+09,[-0.074883, -0.011324, 409.750793]
1.74269e+09,[-0.078017, -0.010901, 394.722290]
1.74269e+09,[-0.081403, -0.010477, 379.653015]
1.74269e+09,[-0.081403, -0.010477, 379.653015]
1.74269e+09,[-0.085075, -0.010053, 364.544922]
1.74269e+09,[-0.089072, -0.009627, 356.975677]
1.74269e+09,[-0.089072, -0.009627, 356.975677]
1.74269e+09,[-0.093439, -0.009200, 341.815063]
1.74269e+09,[-0.098231, -0.008773, 334.215515]
1.74269e+09,[-0.103514, -0.008344, 319.008331]
1.74269e+09,[-0.109370, -0.007916, 311.384003]
1.74269e+09,[-0.115897, -0.007486, 296.137085]
1.74269e+09,[-0.123219, -0.007056, 281.402954]
1.74269e+09,[-0.131491, -0.006626, 273.754150]
1.74269e+09,[-0.140913, -0.006196, 258.488953]
1.74269e+09,[-0.151741, -0.005765, 243.211258]
1.74269e+09,[-0.164318, -0.005335, 227.926178]
1.74269e+09,[-0.164318, -0.005335, 227.926178]
1.74269e+09,[-0.179100, -0.004905, 204.991318]
1.74269e+09,[-0.196720, -0.004476, 196.618408]
1.74269e+09,[-0.218072, -0.004048, 173.580750]
1.74269e+09,[-0.244462, -0.003621, 166.004333]
1.74269e+09,[-0.277865, -0.003198, 150.751221]
1.74269e+09,[-0.277865, -0.003198, 150.751221]
1.74269e+09,[-0.321399, -0.002779, 143.301025]
1.74269e+09,[-0.380242, -0.002367, 128.239899]
1.74269e+09,[-0.463472, -0.001966, 113.377090]
1.74269e+09,[-0.587918, -0.001585, 107.745056]
1.74269e+09,[-0.785398, -0.001244, 94.065544]
1.74269e+09,[-1.107193, -0.000983, 89.437691]
1.74269e+09,[-1.107193, -0.000983, 89.437691]
1.74269e+09,[-1.570796, -0.000880, 78.597008]
1.74269e+09,[-1.570796, -0.000880, 78.597008]
1.74269e+09,[-1.570796, -0.000880, 78.597008]
1.74269e+09,[-2.034400, -0.000983, 72.716110]
1.74269e+09,[-2.356194, -0.001244, 81.561356]
1.74269e+09,[-2.553674, -0.001585, 84.464630]
1.74269e+09,[-2.678121, -0.001966, 95.882065]
1.74269e+09,[-2.761351, -0.002367, 91.477104]
1.74269e+09,[-2.820193, -0.002779, 91.477104]
1.74269e+09,[-2.863728, -0.003198, 91.800240]
1.74269e+09,[-2.863728, -0.003198, 85.032898]
1.74269e+09,[-2.897130, -0.003621, 86.489136]
1.74269e+09,[-2.923520, -0.004048, 96.676262]
1.74269e+09,[-2.923520, -0.004048, 96.676262]
1.74269e+09,[-2.944873, -0.004476, 103.018753]
1.74269e+09,[-2.944873, -0.004476, 103.018753]
1.74269e+09,[-2.944873, -0.004476, 103.018753]
1.74269e+09,[-2.944873, -0.004476, 103.018753]
1.74269e+09,[-2.962493, -0.004905, 102.832664]
1.74269e+09,[-2.962493, -0.004905, 102.832664]
1.74269e+09,[-2.962493, -0.004905, 102.832664]
1.74269e+09,[-2.962493, -0.004905, 102.832664]
1.74269e+09,[-2.962493, -0.004905, 118.462814]
1.74269e+09,[-2.962493, -0.004905, 110.649025]
1.74269e+09,[-2.962493, -0.004905, 110.649025]
1.74269e+09,[-2.962493, -0.004905, 110.649025]
1.74269e+09,[-2.962493, -0.004905, 110.649025]
1.74269e+09,[-2.944873, -0.004476, 103.018753]
1.74269e+09,[-2.923520, -0.004048, 87.593330]
1.74269e+09,[-2.897130, -0.003621, 89.099861]
1.74269e+09,[-2.897130, -0.003621, 92.559586]
1.74269e+09,[-2.820193, -0.002779, 93.582672]
1.74269e+09,[-2.761351, -0.002367, 81.135139]
1.74269e+09,[-2.553674, -0.001585, 73.721947]
1.74269e+09,[-2.034400, -0.000983, 69.862602]
1.74269e+09,[-1.570796, -0.000880, 75.089142]
1.74269e+09,[-1.107193, -0.000983, 84.159996]
1.74269e+09,[-0.587918, -0.001585, 102.192131]
1.74269e+09,[-0.587918, -0.001585, 109.601517]
1.74269e+09,[-0.463472, -0.001966, 123.832077]
1.74269e+09,[-0.380242, -0.002367, 130.959137]
1.74269e+09,[-0.321399, -0.002779, 151.892761]
1.74269e+09,[-0.277865, -0.003198, 159.342987]
1.74269e+09,[-0.244462, -0.003621, 174.523041]
1.74269e+09,[-0.218072, -0.004048, 189.751984]
1.74269e+09,[-0.196720, -0.004476, 197.361038]
1.74269e+09,[-0.179100, -0.004905, 212.640106]
1.74269e+09,[-0.151741, -0.005765, 229.079086]
1.74269e+09,[-0.151741, -0.005765, 236.648453]
1.74269e+09,[-0.131491, -0.006626, 259.522949]
1.74269e+09,[-0.123219, -0.007056, 267.171753]
1.74269e+09,[-0.115897, -0.007486, 282.379272]
1.74269e+09,[-0.109370, -0.007916, 296.679993]
1.74269e+09,[-0.103514, -0.008344, 311.903870]
1.74269e+09,[-0.103514, -0.008344, 311.903870]
1.74269e+09,[-0.098231, -0.008773, 319.516541]
1.74269e+09,[-0.098231, -0.008773, 319.516541]
1.74269e+09,[-0.093439, -0.009200, 327.116089]
1.74269e+09,[-0.093439, -0.009200, 334.701080]
1.74269e+09,[-0.089072, -0.009627, 342.286102]
1.74269e+09,[-0.085075, -0.010053, 358.180542]
1.74269e+09,[-0.081403, -0.010477, 373.246399]
1.74269e+09,[-0.078017, -0.010901, 380.780518]
1.74269e+09,[-0.074883, -0.011324, 395.112244]
1.74269e+09,[-0.071976, -0.011745, 402.606964]
1.74269e+09,[-0.071976, -0.011745, 410.121857]
1.74269e+09,[-0.069269, -0.012166, 417.595337]
1.74269e+09,[-0.069269, -0.012166, 425.090057]
1.74269e+09,[-0.066743, -0.012585, 432.541229]
1.74269e+09,[-0.066743, -0.012585, 432.541229]
1.74269e+09,[-0.064379, -0.013003, 447.442719]
1.74269e+09,[-0.062163, -0.013419, 462.297791]
1.74269e+09,[-0.062163, -0.013419, 463.639130]
1.74269e+09,[-0.060079, -0.013834, 472.017944]
1.74269e+09,[-0.058117, -0.014248, 489.213531]
1.74269e+09,[-0.056265, -0.014660, 493.062805]
1.74269e+09,[-0.054515, -0.015071, 500.361053]
1.74269e+09,[-0.054515, -0.015071, 507.706329]
1.74269e+09,[-0.054515, -0.015071, 507.706329]
1.74269e+09,[-0.052857, -0.015479, 514.264771]
1.74269e+09,[-0.051284, -0.015887, 528.860535]
1.74269e+09,[-0.051284, -0.015887, 536.839661]
1.74269e+09,[-0.049790, -0.016292, 550.706299]
1.74269e+09,[-0.048368, -0.016696, 565.163269]
1.74269e+09,[-0.047013, -0.017098, 572.310059]
1.74269e+09,[-0.045720, -0.017498, 586.674683]
1.74269e+09,[-0.045720, -0.017498, 586.674683]
1.74269e+09,[-0.044485, -0.017897, 593.754944]
1.74269e+09,[-0.043304, -0.018293, 608.022949]
1.74269e+09,[-0.042172, -0.018687, 615.033630]
1.74269e+09,[-0.041088, -0.019080, 629.200745]
1.74269e+09,[-0.040047, -0.019470, 642.948547]
1.74269e+09,[-0.040047, -0.019470, 642.948547]
1.74269e+09,[-0.039046, -0.019858, 649.848755]
1.74269e+09,[-0.039046, -0.019858, 657.331665]
1.74269e+09,[-0.038084, -0.020244, 664.193542]
1.74269e+09,[-0.037158, -0.020628, 678.114807]
1.74269e+09,[-0.037158, -0.020628, 685.180359]
1.74269e+09,[-0.036265, -0.021009, 691.963135]
1.74269e+09,[-0.035405, -0.021388, 705.737000]
1.74269e+09,[-0.035405, -0.021388, 705.737000]
1.74269e+09,[-0.034574, -0.021765, 719.434692]
1.74269e+09,[-0.034574, -0.021765, 719.434692]
1.74269e+09,[-0.033771, -0.022140, 733.054626]
1.74269e+09,[-0.033771, -0.022140, 739.979614]
1.74269e+09,[-0.032995, -0.022512, 746.595276]
1.74269e+09,[-0.032995, -0.022512, 753.483093]
1.74269e+09,[-0.032244, -0.022882, 766.904907]
1.74269e+09,[-0.032244, -0.022882, 766.904907]
1.74269e+09,[-0.031517, -0.023249, 780.243591]
1.74269e+09,[-0.030813, -0.023614, 786.726074]
1.74269e+09,[-0.030813, -0.023614, 793.497620]
1.74269e+09,[-0.030130, -0.023976, 806.665466]
1.74269e+09,[-0.030130, -0.023976, 806.665466]
1.74269e+09,[-0.029467, -0.024335, 819.745728]
1.74269e+09,[-0.029467, -0.024335, 819.745728]
1.74269e+09,[-0.028823, -0.024692, 832.564148]
1.74269e+09,[-0.028823, -0.024692, 832.564148]
1.74269e+09,[-0.028198, -0.025046, 845.474670]
1.74269e+09,[-0.028198, -0.025046, 852.199402]
1.74269e+09,[-0.028198, -0.025046, 852.199402]
1.74269e+09,[-0.028198, -0.025046, 852.199402]
1.74269e+09,[-0.028198, -0.025046, 852.199402]
1.74269e+09,[-0.027590, -0.025397, 858.445618]
1.74269e+09,[-0.027590, -0.025397, 858.292908]
1.74269e+09,[-0.027590, -0.025397, 858.292908]
1.74269e+09,[-0.027590, -0.025397, 864.963745]
1.74269e+09,[-0.027590, -0.025397, 864.963745]
1.74269e+09,[-0.027590, -0.025397, 864.963745]
1.74269e+09,[-0.027590, -0.025397, 864.963745]
1.74269e+09,[-0.027590, -0.025397, 864.963745]
1.74269e+09,[-0.027590, -0.025397, 864.963745]
1.74269e+09,[-0.027590, -0.025397, 864.963745]
1.74269e+09,[-0.027590, -0.025397, 864.963745]
1.74269e+09,[-0.027590, -0.025397, 864.963745]
1.74269e+09,[-0.028198, -0.025046, 858.717468]
1.74269e+09,[-0.028823, -0.024692, 845.904480]
1.74269e+09,[-0.029467, -0.024335, 832.999451]
1.74269e+09,[-0.030130, -0.023976, 820.003723]
1.74269e+09,[-0.030813, -0.023614, 806.918945]
1.74269e+09,[-0.031517, -0.023249, 793.746338]
1.74269e+09,[-0.032244, -0.022882, 780.487549]
1.74269e+09,[-0.032244, -0.022882, 773.716003]
1.74269e+09,[-0.032995, -0.022512, 760.333008]
1.74269e+09,[-0.033771, -0.022140, 753.717346]
1.74269e+09,[-0.034574, -0.021765, 733.321106]
1.74269e+09,[-0.035405, -0.021388, 726.620361]
1.74269e+09,[-0.036265, -0.021009, 712.953125]
1.74269e+09,[-0.037158, -0.020628, 699.208984]
1.74269e+09,[-0.038084, -0.020244, 685.389282]
1.74269e+09,[-0.039046, -0.019858, 678.527405]
1.74269e+09,[-0.040047, -0.019470, 664.595459]
1.74269e+09,[-0.041088, -0.019080, 650.592102]
1.74269e+09,[-0.042172, -0.018687, 643.617432]
1.74269e+09,[-0.043304, -0.018293, 629.508240]
1.74269e+09,[-0.044485, -0.017897, 615.331543]
1.74269e+09,[-0.045720, -0.017498, 601.089111]
1.74269e+09,[-0.047013, -0.017098, 586.396484]
1.74269e+09,[-0.048368, -0.016696, 572.009521]
1.74269e+09,[-0.049790, -0.016292, 550.262939]
1.74269e+09,[-0.051284, -0.015887, 543.053101]
1.74269e+09,[-0.052857, -0.015479, 528.486877]
1.74269e+09,[-0.054515, -0.015071, 513.864380]
1.74269e+09,[-0.056265, -0.014660, 499.187317]
1.74269e+09,[-0.058117, -0.014248, 491.861328]
1.74269e+09,[-0.060079, -0.013834, 477.104614]
1.74269e+09,[-0.062163, -0.013419, 469.725800]
1.74269e+09,[-0.064379, -0.013003, 454.893890]
1.74269e+09,[-0.066743, -0.012585, 447.465912]
1.74269e+09,[-0.069269, -0.012166, 432.563477]
1.74269e+09,[-0.071976, -0.011745, 425.090057]
1.74269e+09,[-0.074883, -0.011324, 417.595337]
1.74269e+09,[-0.078017, -0.010901, 410.080414]
1.74269e+09,[-0.081403, -0.010477, 395.072815]
1.74269e+09,[-0.085075, -0.010053, 387.520599]
1.74269e+09,[-0.093439, -0.009200, 364.871613]
1.74269e+09,[-0.098231, -0.008773, 357.272095]
1.74269e+09,[-0.109370, -0.007916, 334.520142]
1.74269e+09,[-0.109370, -0.007916, 326.986023]
1.74269e+09,[-0.123219, -0.007056, 304.156738]
1.74269e+09,[-0.131491, -0.006626, 288.938721]
1.74269e+09,[-0.140913, -0.006196, 281.286163]
1.74269e+09,[-0.151741, -0.005765, 266.047791]
1.74269e+09,[-0.164318, -0.005335, 258.397125]
1.74269e+09,[-0.179100, -0.004905, 250.753693]
1.74269e+09,[-0.179100, -0.004905, 243.154160]
1.74269e+09,[-0.196720, -0.004476, 235.523911]
1.74269e+09,[-0.218072, -0.004048, 227.914841]
1.74269e+09,[-0.218072, -0.004048, 220.302170]
1.74269e+09,[-0.244462, -0.003621, 206.107208]
1.74269e+09,[-0.277865, -0.003198, 191.011917]
1.74269e+09,[-0.321399, -0.002779, 182.490112]
1.74269e+09,[-0.321399, -0.002779, 174.847473]
1.74269e+09,[-0.380242, -0.002367, 159.869736]
1.74269e+09,[-0.463472, -0.001966, 145.090134]
1.74269e+09,[-0.463472, -0.001966, 137.436752]
1.74269e+09,[-0.463472, -0.001966, 137.436752]
1.74269e+09,[-0.587918, -0.001585, 115.375328]
1.74269e+09,[-0.587918, -0.001585, 115.375328]
1.74269e+09,[-0.587918, -0.001585, 109.601517]
1.74269e+09,[-0.785398, -0.001244, 96.121674]
1.74269e+09,[-0.785398, -0.001244, 88.787849]
1.74269e+09,[-0.785398, -0.001244, 88.787849]
1.74269e+09,[-0.785398, -0.001244, 74.490456]
1.74269e+09,[-0.785398, -0.001244, 74.490456]
1.74269e+09,[-1.107193, -0.000983, 63.023640]
1.74269e+09,[-1.570796, -0.000880, 54.698063]
1.74269e+09,[-1.570796, -0.000880, 54.698063]
1.74269e+09,[-1.570796, -0.000880, 65.630318]
1.74269e+09,[-1.570796, -0.000880, 48.788708]
1.74269e+09,[-1.570796, -0.000880, 48.788708]
1.74269e+09,[-2.034400, -0.000983, 50.633064]
1.74269e+09,[-2.034400, -0.000983, 52.428371]
1.74269e+09,[-2.034400, -0.000983, 42.201305]
1.74269e+09,[-2.034400, -0.000983, 42.201305]
1.74269e+09,[-2.034400, -0.000983, 49.708004]
1.74269e+09,[-2.034400, -0.000983, 49.708004]
1.74269e+09,[-2.034400, -0.000983, 49.708004]
1.74269e+09,[-2.034400, -0.000983, 49.708004]
1.74269e+09,[-2.034400, -0.000983, 49.708004]
1.74269e+09,[-2.034400, -0.000983, 57.329231]
1.74269e+09,[-2.034400, -0.000983, 49.708004]
1.74269e+09,[-2.034400, -0.000983, 57.329231]
1.74269e+09,[-2.034400, -0.000983, 57.329231]
1.74269e+09,[-2.034400, -0.000983, 40.934731]
1.74269e+09,[-2.034400, -0.000983, 40.934731]
1.74269e+09,[-2.034400, -0.000983, 40.934731]
1.74269e+09,[-2.034400, -0.000983, 40.934731]
1.74269e+09,[-2.034400, -0.000983, 48.748520]
1.74269e+09,[-2.034400, -0.000983, 40.934731]
1.74269e+09,[-2.034400, -0.000983, 48.748520]
1.74269e+09,[-2.034400, -0.000983, 48.748520]
1.74269e+09,[-2.034400, -0.000983, 48.748520]
1.74269e+09,[-2.034400, -0.000983, 48.748520]
1.74269e+09,[-2.034400, -0.000983, 40.934731]
1.74269e+09,[-2.034400, -0.000983, 40.934731]
1.74269e+09,[-2.034400, -0.000983, 56.558876]
1.74269e+09,[-2.034400, -0.000983, 48.748520]
1.74269e+09,[-2.034400, -0.000983, 40.934731]
1.74269e+09,[-1.570796, -0.000880, 47.863647]
1.74269e+09,[-1.107193, -0.000983, 45.661030]
1.74269e+09,[-0.785398, -0.001244, 55.260918]
1.74269e+09,[-0.587918, -0.001585, 67.240730]
1.74269e+09,[-0.380242, -0.002367, 87.616356]
1.74269e+09,[-0.321399, -0.002779, 101.784256]
1.74269e+09,[-0.244462, -0.003621, 134.148300]
1.74269e+09,[-0.218072, -0.004048, 148.753754]
1.74269e+09,[-0.196720, -0.004476, 170.762054]
1.74269e+09,[-0.164318, -0.005335, 191.225800]
1.74269e+09,[-0.151741, -0.005765, 206.405273]
1.74269e+09,[-0.140913, -0.006196, 221.606155]
1.74269e+09,[-0.131491, -0.006626, 236.818359]
1.74269e+09,[-0.123219, -0.007056, 252.033798]
1.74269e+09,[-0.115897, -0.007486, 268.731171]
1.74269e+09,[-0.109370, -0.007916, 283.844421]
1.74269e+09,[-0.103514, -0.008344, 297.638031]
1.74269e+09,[-0.098231, -0.008773, 314.049622]
1.74269e+09,[-0.093439, -0.009200, 327.959045]
1.74269e+09,[-0.089072, -0.009627, 335.544067]
1.74269e+09,[-0.085075, -0.010053, 350.653015]
1.74269e+09,[-0.081403, -0.010477, 365.732758]
1.74269e+09,[-0.078017, -0.010901, 380.063171]
1.74269e+09,[-0.074883, -0.011324, 387.578094]
1.74269e+09,[-0.071976, -0.011745, 402.606964]
1.74269e+09,[-0.069269, -0.012166, 417.595337]
1.74269e+09,[-0.066743, -0.012585, 425.046539]
1.74269e+09,[-0.066743, -0.012585, 432.541229]
1.74269e+09,[-0.062163, -0.013419, 447.373108]
1.74269e+09,[-0.062163, -0.013419, 454.846588]
1.74269e+09,[-0.058117, -0.014248, 477.029449]
1.74269e+09,[-0.056265, -0.014660, 484.355408]
1.74269e+09,[-0.054515, -0.015071, 499.081665]
1.74269e+09,[-0.052857, -0.015479, 513.755188]
1.74269e+09,[-0.051284, -0.015887, 520.689087]
1.74269e+09,[-0.049790, -0.016292, 535.584106]
1.74269e+09,[-0.048368, -0.016696, 542.762817]
1.74269e+09,[-0.048368, -0.016696, 542.762817]
1.74269e+09,[-0.047013, -0.017098, 557.262451]
1.74269e+09,[-0.045720, -0.017498, 564.376343]
1.74269e+09,[-0.045720, -0.017498, 571.702393]
1.74269e+09,[-0.044485, -0.017897, 578.782654]
1.74269e+09,[-0.043304, -0.018293, 593.126892]
1.74269e+09,[-0.042172, -0.018687, 607.164246]
1.74269e+09,[-0.041088, -0.019080, 614.381897]
1.74269e+09,[-0.040047, -0.019470, 628.559937]
1.74269e+09,[-0.040047, -0.019470, 635.769775]
1.74269e+09,[-0.039046, -0.019858, 642.670044]
1.74269e+09,[-0.038084, -0.020244, 656.710632]
1.74269e+09,[-0.038084, -0.020244, 663.857422]
1.74269e+09,[-0.037158, -0.020628, 677.601440]
1.74269e+09,[-0.036265, -0.021009, 691.473450]
1.74269e+09,[-0.035405, -0.021388, 705.270142]
1.74269e+09,[-0.035405, -0.021388, 712.289124]
1.74269e+09,[-0.034574, -0.021765, 725.972534]
1.74269e+09,[-0.033771, -0.022140, 732.630981]
1.74269e+09,[-0.032995, -0.022512, 746.192261]
1.74269e+09,[-0.032995, -0.022512, 753.099915]
1.74269e+09,[-0.032244, -0.022882, 759.671936]
1.74269e+09,[-0.032244, -0.022882, 766.541016]
1.74269e+09,[-0.031517, -0.023249, 773.068604]
1.74269e+09,[-0.031517, -0.023249, 779.898315]
1.74269e+09,[-0.030813, -0.023614, 786.380737]
1.74269e+09,[-0.030813, -0.023614, 793.170410]
1.74269e+09,[-0.030130, -0.023976, 806.355713]
1.74269e+09,[-0.030130, -0.023976, 806.355713]
1.74269e+09,[-0.029467, -0.024335, 819.453003]
1.74269e+09,[-0.029467, -0.024335, 819.453003]
1.74269e+09,[-0.028823, -0.024692, 832.460571]
1.74269e+09,[-0.028198, -0.025046, 838.755493]
1.74269e+09,[-0.028198, -0.025046, 845.377136]
1.74269e+09,[-0.028198, -0.025046, 845.377136]
1.74269e+09,[-0.028198, -0.025046, 851.955017]
1.74269e+09,[-0.027590, -0.025397, 858.201172]
1.74269e+09,[-0.027590, -0.025397, 858.201172]
1.74269e+09,[-0.027590, -0.025397, 864.734497]
1.74269e+09,[-0.027590, -0.025397, 864.734497]
1.74269e+09,[-0.027590, -0.025397, 864.820496]
1.74269e+09,[-0.026998, -0.025746, 871.160522]
1.74269e+09,[-0.026998, -0.025746, 871.017334]
1.74269e+09,[-0.026998, -0.025746, 877.499817]
1.74269e+09,[-0.026998, -0.025746, 877.499817]
1.74269e+09,[-0.026998, -0.025746, 877.499817]
1.74269e+09,[-0.026998, -0.025746, 877.499817]
1.74269e+09,[-0.026998, -0.025746, 877.499817]
1.74269e+09,[-0.026998, -0.025746, 877.499817]
1.74269e+09,[-0.026998, -0.025746, 877.499817]
1.74269e+09,[-0.026998, -0.025746, 877.499817]
1.74269e+09,[-0.026998, -0.025746, 877.499817]
1.74269e+09,[-0.026998, -0.025746, 877.499817]
1.74269e+09,[-0.026998, -0.025746, 877.499817]
1.74269e+09,[-0.026998, -0.025746, 877.499817]
1.74269e+09,[-0.026998, -0.025746, 877.499817]
1.74269e+09,[-0.026998, -0.025746, 877.499817]
1.74269e+09,[-0.026998, -0.025746, 877.499817]
1.74269e+09,[-0.026998, -0.025746, 877.499817]
1.74269e+09,[-0.026998, -0.025746, 877.499817]
1.74269e+09,[-0.026998, -0.025746, 877.419434]
1.74269e+09,[-0.026998, -0.025746, 877.419434]
1.74269e+09,[-0.026998, -0.025746, 877.419434]
1.74269e+09,[-0.026998, -0.025746, 877.419434]
1.74269e+09,[-0.026998, -0.025746, 877.419434]
1.74269e+09,[-0.026998, -0.025746, 877.419434]
1.74269e+09,[-0.026998, -0.025746, 877.419434]
1.74269e+09,[-0.026998, -0.025746, 877.419434]
1.74269e+09,[-0.026998, -0.025746, 877.419434]
1.74269e+09,[-0.026998, -0.025746, 877.419434]
1.74269e+09,[-0.026998, -0.025746, 877.419434]
1.74269e+09,[-0.026998, -0.025746, 877.419434]
1.74269e+09,[-0.026998, -0.025746, 877.419434]
1.74269e+09,[-0.026998, -0.025746, 877.419434]
1.74269e+09,[-0.026998, -0.025746, 877.419434]
1.74269e+09,[-0.026998, -0.025746, 877.419434]
1.74269e+09,[-0.026998, -0.025746, 877.419434]
1.74269e+09,[-0.026998, -0.025746, 877.419434]
1.74269e+09,[-0.026998, -0.025746, 877.419434]
1.74269e+09,[-0.026998, -0.025746, 877.419434]
1.74269e+09,[-0.026998, -0.025746, 877.419434]
1.74269e+09,[-0.026998, -0.025746, 877.419434]
1.74269e+09,[-0.026998, -0.025746, 877.419434]
1.74269e+09,[-0.026998, -0.025746, 877.419434]
1.74269e+09,[-0.026998, -0.025746, 877.419434]
1.74269e+09,[-0.026998, -0.025746, 877.419434]
1.74269e+09,[-0.026998, -0.025746, 877.419434]
1.74269e+09,[-0.026998, -0.025746, 877.419434]
1.74269e+09,[-0.026998, -0.025746, 877.419434]
1.74269e+09,[-0.026998, -0.025746, 877.419434]
1.74269e+09,[-0.027590, -0.025397, 864.820496]
1.74269e+09,[-0.028823, -0.024692, 845.660095]
1.74269e+09,[-0.028823, -0.024692, 839.082275]
1.74269e+09,[-0.030130, -0.023976, 819.727661]
1.74269e+09,[-0.030130, -0.023976, 819.727661]
1.74269e+09,[-0.031517, -0.023249, 793.436646]
1.74269e+09,[-0.031517, -0.023249, 793.436646]
1.74269e+09,[-0.032995, -0.022512, 773.588318]
1.74269e+09,[-0.032995, -0.022512, 766.798767]
1.74269e+09,[-0.034574, -0.021765, 746.831360]
1.74269e+09,[-0.034574, -0.021765, 739.969543]
1.74269e+09,[-0.036265, -0.021009, 719.626343]
1.74269e+09,[-0.037158, -0.020628, 705.746826]
1.74269e+09,[-0.038084, -0.020244, 691.941406]
1.74269e+09,[-0.039046, -0.019858, 671.006042]
1.74269e+09,[-0.040047, -0.019470, 657.016541]
1.74269e+09,[-0.041088, -0.019080, 642.955566]
1.74269e+09,[-0.042172, -0.018687, 629.036011]
1.74269e+09,[-0.043304, -0.018293, 614.846619]
1.74269e+09,[-0.044485, -0.017897, 600.590820]
1.74269e+09,[-0.045720, -0.017498, 586.027283]
1.74269e+09,[-0.047013, -0.017098, 571.632263]
1.74269e+09,[-0.048368, -0.016696, 557.175232]
1.74269e+09,[-0.049790, -0.016292, 542.657837]
1.74269e+09,[-0.051284, -0.015887, 535.447998]
1.74269e+09,[-0.052857, -0.015479, 520.841675]
1.74269e+09,[-0.052857, -0.015479, 513.448853]
1.74269e+09,[-0.054515, -0.015071, 498.760559]
1.74269e+09,[-0.056265, -0.014660, 491.462341]
1.74269e+09,[-0.058117, -0.014248, 476.692657]
1.74269e+09,[-0.060079, -0.013834, 461.872009]
1.74269e+09,[-0.064379, -0.013003, 447.089325]
1.74269e+09,[-0.066743, -0.012585, 432.170166]
1.74269e+09,[-0.069269, -0.012166, 417.205383]
1.74269e+09,[-0.071976, -0.011745, 409.731934]
1.74269e+09,[-0.074883, -0.011324, 394.702087]
1.74269e+09,[-0.081403, -0.010477, 372.529022]
1.74269e+09,[-0.085075, -0.010053, 349.374725]
1.74269e+09,[-0.089072, -0.009627, 341.805542]
1.74269e+09,[-0.093439, -0.009200, 327.116089]
1.74269e+09,[-0.103514, -0.008344, 304.304352]
1.74269e+09,[-0.109370, -0.007916, 288.496490]
1.74269e+09,[-0.123219, -0.007056, 266.165955]
1.74269e+09,[-0.140913, -0.006196, 242.582901]
1.74269e+09,[-0.151741, -0.005765, 227.242020]
1.74269e+09,[-0.164318, -0.005335, 211.892105]
1.74269e+09,[-0.179100, -0.004905, 204.991318]
1.74269e+09,[-0.196720, -0.004476, 189.708496]
1.74269e+09,[-0.196720, -0.004476, 183.480911]
1.74269e+09,[-0.244462, -0.003621, 158.277908]
1.74269e+09,[-0.277865, -0.003198, 144.048889]
1.74269e+09,[-0.321399, -0.002779, 130.824875]
1.74269e+09,[-0.380242, -0.002367, 129.166901]
1.74269e+09,[-0.463472, -0.001966, 123.687965]
1.74269e+09,[-0.463472, -0.001966, 123.687965]
1.74269e+09,[-0.587918, -0.001585, 140.155838]
1.74269e+09,[-0.587918, -0.001585, 116.229073]
1.74269e+09,[-0.785398, -0.001244, 93.976364]
1.74269e+09,[-1.107193, -0.000983, 84.571358]
1.74269e+09,[-1.107193, -0.000983, 73.766327]
1.74269e+09,[-1.107193, -0.000983, 73.766327]
1.74269e+09,[-1.107193, -0.000983, 73.766327]
1.74269e+09,[-1.107193, -0.000983, 67.474678]
1.74269e+09,[-1.570796, -0.000880, 65.630318]
1.74269e+09,[-1.570796, -0.000880, 59.816650]
1.74269e+09,[-1.570796, -0.000880, 54.698063]
1.74269e+09,[-1.570796, -0.000880, 48.788708]
1.74269e+09,[-2.034400, -0.000983, 50.633064]
1.74269e+09,[-2.034400, -0.000983, 50.633064]
1.74269e+09,[-2.356194, -0.001244, 55.260918]
1.74269e+09,[-2.356194, -0.001244, 55.260918]
1.74269e+09,[-2.356194, -0.001244, 61.170277]
1.74269e+09,[-2.356194, -0.001244, 61.170277]
1.74269e+09,[-2.356194, -0.001244, 74.490456]
1.74269e+09,[-2.356194, -0.001244, 74.490456]
1.74269e+09,[-2.356194, -0.001244, 67.651497]
1.74269e+09,[-2.356194, -0.001244, 61.170277]
1.74269e+09,[-2.034400, -0.000983, 56.542423]
1.74269e+09,[-1.570796, -0.000880, 54.698063]
1.74269e+09,[-1.107193, -0.000983, 61.661007]
1.74269e+09,[-0.785398, -0.001244, 77.297432]
1.74269e+09,[-0.587918, -0.001585, 100.046814]
1.74269e+09,[-0.463472, -0.001966, 112.863449]
1.74269e+09,[-0.321399, -0.002779, 136.495850]
1.74269e+09,[-0.244462, -0.003621, 155.576599]
1.74269e+09,[-0.196720, -0.004476, 185.443909]
1.74269e+09,[-0.179100, -0.004905, 198.658707]
1.74269e+09,[-0.151741, -0.005765, 236.648453]
1.74269e+09,[-0.140913, -0.006196, 259.435333]
1.74269e+09,[-0.123219, -0.007056, 282.295319]
1.74269e+09,[-0.115897, -0.007486, 297.488098]
1.74269e+09,[-0.109370, -0.007916, 320.189728]
1.74269e+09,[-0.103514, -0.008344, 327.058105]
1.74269e+09,[-0.093439, -0.009200, 357.356689]
1.74269e+09,[-0.085075, -0.010053, 380.025879]
1.74269e+09,[-0.078017, -0.010901, 402.606964]
1.74269e+09,[-0.071976, -0.011745, 425.090057]
1.74269e+09,[-0.066743, -0.012585, 447.465912]
1.74269e+09,[-0.062163, -0.013419, 469.725800]
1.74269e+09,[-0.056265, -0.014660, 499.187317]
1.74269e+09,[-0.054515, -0.015071, 513.864380]
1.74269e+09,[-0.051284, -0.015887, 535.447998]
1.74269e+09,[-0.049790, -0.016292, 549.996460]
1.74269e+09,[-0.048368, -0.016696, 564.485474]
1.74269e+09,[-0.047013, -0.017098, 578.913269]
1.74269e+09,[-0.044485, -0.017897, 600.358765]
1.74269e+09,[-0.043304, -0.018293, 614.625000]
1.74269e+09,[-0.041088, -0.019080, 635.799133]
1.74269e+09,[-0.040047, -0.019470, 649.893433]
1.74269e+09,[-0.039046, -0.019858, 663.916809]
1.74269e+09,[-0.038084, -0.020244, 677.867981]
1.74269e+09,[-0.037158, -0.020628, 691.745117]
1.74269e+09,[-0.036265, -0.021009, 698.528015]
1.74269e+09,[-0.036265, -0.021009, 705.546936]
1.74269e+09,[-0.035405, -0.021388, 719.271729]
1.74269e+09,[-0.034574, -0.021765, 732.918030]
1.74269e+09,[-0.033771, -0.022140, 739.576599]
1.74269e+09,[-0.033771, -0.022140, 739.576599]
1.74269e+09,[-0.032995, -0.022512, 753.099915]
1.74269e+09,[-0.032244, -0.022882, 766.541016]
1.74269e+09,[-0.032244, -0.022882, 766.677551]
1.74269e+09,[-0.031517, -0.023249, 773.205139]
1.74269e+09,[-0.031517, -0.023249, 780.027832]
1.74269e+09,[-0.030813, -0.023614, 786.510315]
1.74269e+09,[-0.030813, -0.023614, 793.293152]
1.74269e+09,[-0.030813, -0.023614, 793.293152]
1.74269e+09,[-0.030130, -0.023976, 806.471985]
1.74269e+09,[-0.029467, -0.024335, 819.453003]
1.74269e+09,[-0.029467, -0.024335, 819.453003]
1.74269e+09,[-0.028823, -0.024692, 832.564148]
1.74269e+09,[-0.028198, -0.025046, 838.859070]
1.74269e+09,[-0.028198, -0.025046, 845.377136]
1.74269e+09,[-0.027590, -0.025397, 858.201172]
1.74269e+09,[-0.027590, -0.025397, 858.201172]
1.74269e+09,[-0.026998, -0.025746, 870.931396]
1.74269e+09,[-0.026998, -0.025746, 870.931396]
1.74269e+09,[-0.026998, -0.025746, 870.931396]
1.74269e+09,[-0.026998, -0.025746, 877.419434]
1.74269e+09,[-0.026998, -0.025746, 877.419434]
1.74269e+09,[-0.026998, -0.025746, 877.419434]
1.74269e+09,[-0.026998, -0.025746, 877.419434]
1.74269e+09,[-0.026998, -0.025746, 877.419434]
1.74269e+09,[-0.026998, -0.025746, 877.419434]
1.74269e+09,[-0.026998, -0.025746, 877.419434]
1.74269e+09,[-0.026998, -0.025746, 877.419434]
1.74269e+09,[-0.026998, -0.025746, 870.931396]
1.74269e+09,[-0.027590, -0.025397, 858.201172]
1.74269e+09,[-0.028823, -0.024692, 832.460571]
1.74269e+09,[-0.029467, -0.024335, 819.453003]
1.74269e+09,[-0.030813, -0.023614, 799.919067]
1.74269e+09,[-0.031517, -0.023249, 786.687927]
1.74269e+09,[-0.032244, -0.022882, 773.370728]
1.74269e+09,[-0.032995, -0.022512, 759.968994]
1.74269e+09,[-0.034574, -0.021765, 732.918030]
1.74269e+09,[-0.035405, -0.021388, 719.271729]
1.74269e+09,[-0.037158, -0.020628, 691.745117]
1.74269e+09,[-0.038084, -0.020244, 670.778748]
1.74269e+09,[-0.040047, -0.019470, 642.737000]
1.74269e+09,[-0.042172, -0.018687, 621.635681]
1.74269e+09,[-0.043304, -0.018293, 607.404724]
1.74269e+09,[-0.045720, -0.017498, 586.027283]
1.74269e+09,[-0.048368, -0.016696, 564.485474]
1.74269e+09,[-0.049790, -0.016292, 549.996460]
1.74269e+09,[-0.052857, -0.015479, 528.207764]
1.74269e+09,[-0.056265, -0.014660, 506.273773]
1.74269e+09,[-0.062163, -0.013419, 469.404694]
1.74269e+09,[-0.064379, -0.013003, 447.089325]
1.74269e+09,[-0.071976, -0.011745, 417.245483]
1.74269e+09,[-0.074883, -0.011324, 402.237244]
1.74269e+09,[-0.085075, -0.010053, 364.544922]
1.74269e+09,[-0.093439, -0.009200, 341.815063]
1.74269e+09,[-0.103514, -0.008344, 319.008331]
1.74269e+09,[-0.109370, -0.007916, 303.771484]
1.74269e+09,[-0.123219, -0.007056, 280.864960]
1.74269e+09,[-0.140913, -0.006196, 250.257492]
1.74269e+09,[-0.151741, -0.005765, 234.929520]
1.74269e+09,[-0.164318, -0.005335, 227.278870]
1.74269e+09,[-0.179100, -0.004905, 204.248688]
1.74269e+09,[-0.179100, -0.004905, 196.538925]
1.74269e+09,[-0.196720, -0.004476, 181.189804]
1.74269e+09,[-0.218072, -0.004048, 165.854324]
1.74269e+09,[-0.244462, -0.003621, 150.545731]
1.74269e+09,[-0.277865, -0.003198, 135.283310]
1.74269e+09,[-0.277865, -0.003198, 128.809555]
1.74269e+09,[-0.321399, -0.002779, 121.359344]
1.74269e+09,[-0.380242, -0.002367, 106.454002]
1.74269e+09,[-0.380242, -0.002367, 98.927307]
1.74269e+09,[-0.463472, -0.001966, 97.856026]
1.74269e+09,[-0.463472, -0.001966, 95.882065]
1.74269e+09,[-0.587918, -0.001585, 94.352242]
1.74269e+09,[-0.587918, -0.001585, 89.114731]
1.74269e+09,[-0.785398, -0.001244, 77.297432]
1.74269e+09,[-0.785398, -0.001244, 72.102531]
1.74269e+09,[-0.785398, -0.001244, 78.394180]
1.74269e+09,[-0.785398, -0.001244, 66.288864]
1.74269e+09,[-0.785398, -0.001244, 61.170277]
1.74269e+09,[-0.785398, -0.001244, 66.288864]
1.74269e+09,[-0.785398, -0.001244, 61.170277]
1.74269e+09,[-0.785398, -0.001244, 66.288864]
1.74269e+09,[-0.785398, -0.001244, 61.170277]
1.74269e+09,[-0.785398, -0.001244, 61.170277]
1.74269e+09,[-0.463472, -0.001966, 84.940323]
1.74269e+09,[-0.380242, -0.002367, 98.359039]
1.74269e+09,[-0.321399, -0.002779, 116.493019]
1.74269e+09,[-0.277865, -0.003198, 123.531860]
1.74269e+09,[-0.218072, -0.004048, 143.912643]
1.74269e+09,[-0.196720, -0.004476, 159.130768]
1.74269e+09,[-0.164318, -0.005335, 189.678162]
1.74269e+09,[-0.151741, -0.005765, 206.405273]
1.74269e+09,[-0.131491, -0.006626, 244.384995]
1.74269e+09,[-0.123219, -0.007056, 259.603149]
1.74269e+09,[-0.103514, -0.008344, 308.016479]
1.74269e+09,[-0.098231, -0.008773, 320.359528]
1.74269e+09,[-0.085075, -0.010053, 350.653015]
1.74269e+09,[-0.081403, -0.010477, 365.732758]
1.74269e+09,[-0.074883, -0.011324, 395.793732]
1.74269e+09,[-0.069269, -0.012166, 417.595337]
1.74269e+09,[-0.064379, -0.013003, 439.969269]
1.74269e+09,[-0.062163, -0.013419, 454.846588]
1.74269e+09,[-0.060079, -0.013834, 477.638672]
1.74269e+09,[-0.058117, -0.014248, 491.861328]
1.74269e+09,[-0.054515, -0.015071, 513.864380]
1.74269e+09,[-0.052857, -0.015479, 528.486877]
1.74269e+09,[-0.051284, -0.015887, 543.053101]
1.74269e+09,[-0.048368, -0.016696, 564.739868]
1.74269e+09,[-0.047013, -0.017098, 579.156311]
1.74269e+09,[-0.045720, -0.017498, 586.270203]
1.74269e+09,[-0.043304, -0.018293, 607.636780]
1.74269e+09,[-0.042172, -0.018687, 621.857300]
1.74269e+09,[-0.041088, -0.019080, 628.831909]
1.74269e+09,[-0.040047, -0.019470, 642.948547]
1.74269e+09,[-0.039046, -0.019858, 656.995483]
1.74269e+09,[-0.039046, -0.019858, 656.995483]
1.74269e+09,[-0.037158, -0.020628, 684.874451]
1.74269e+09,[-0.037158, -0.020628, 691.920349]
1.74269e+09,[-0.036265, -0.021009, 705.713867]
1.74269e+09,[-0.035405, -0.021388, 712.456055]
1.74269e+09,[-0.034574, -0.021765, 726.131409]
1.74269e+09,[-0.034574, -0.021765, 733.069214]
1.74269e+09,[-0.033771, -0.022140, 746.628052]
1.74269e+09,[-0.032995, -0.022512, 760.105591]
1.74269e+09,[-0.032244, -0.022882, 773.500244]
1.74269e+09,[-0.031517, -0.023249, 780.027832]
1.74269e+09,[-0.030813, -0.023614, 793.293152]
1.74269e+09,[-0.030130, -0.023976, 806.471985]
1.74269e+09,[-0.029467, -0.024335, 819.562805]
1.74269e+09,[-0.029467, -0.024335, 819.562805]
1.74269e+09,[-0.028823, -0.024692, 832.564148]
1.74269e+09,[-0.028198, -0.025046, 838.859070]
1.74269e+09,[-0.027590, -0.025397, 851.720947]
1.74269e+09,[-0.027590, -0.025397, 858.292908]
1.74269e+09,[-0.026998, -0.025746, 864.489746]
1.74269e+09,[-0.026998, -0.025746, 871.017334]
1.74269e+09,[-0.026998, -0.025746, 871.017334]
1.74269e+09,[-0.026998, -0.025746, 871.017334]
1.74269e+09,[-0.026998, -0.025746, 877.499817]
1.74269e+09,[-0.026998, -0.025746, 877.499817]
1.74269e+09,[-0.026998, -0.025746, 877.499817]
1.74269e+09,[-0.026998, -0.025746, 877.499817]
1.74269e+09,[-0.026998, -0.025746, 877.499817]
1.74269e+09,[-0.026998, -0.025746, 877.499817]
1.74269e+09,[-0.026998, -0.025746, 877.499817]
1.74269e+09,[-0.026998, -0.025746, 877.499817]
1.74269e+09,[-0.027590, -0.025397, 858.292908]
1.74269e+09,[-0.028198, -0.025046, 845.474670]
1.74269e+09,[-0.014413, -0.024688, 825.841064]
1.74269e+09,[-0.014735, -0.024331, 812.792358]
1.74269e+09,[-0.015408, -0.023609, 793.212769]
1.74269e+09,[-0.015761, -0.023244, 779.941895]
1.74269e+09,[-0.016125, -0.022877, 766.585876]
1.74269e+09,[-0.016500, -0.022507, 753.146118]
1.74269e+09,[-0.016889, -0.022134, 732.951050]
1.74269e+09,[-0.017290, -0.021759, 719.324890]
1.74269e+09,[-0.018137, -0.021002, 692.268066]
1.74269e+09,[-0.018583, -0.020620, 679.709473]
1.74269e+09,[-0.019528, -0.019850, 657.657654]
1.74269e+09,[-0.020550, -0.019071, 636.695923]
1.74269e+09,[-0.021660, -0.018283, 607.847778]
1.74269e+09,[-0.022251, -0.017886, 601.332825]
1.74269e+09,[-0.023517, -0.017087, 579.923706]
1.74269e+09,[-0.024908, -0.016280, 560.035339]
1.74269e+09,[-0.025656, -0.015874, 543.883484]
1.74269e+09,[-0.026444, -0.015466, 529.356445]
1.74269e+09,[-0.028152, -0.014645, 506.785980]
1.74269e+09,[-0.030063, -0.013818, 484.725677]
1.74269e+09,[-0.032219, -0.012985, 455.914124]
1.74269e+09,[-0.033405, -0.012566, 440.265472]
1.74269e+09,[-0.036030, -0.011725, 410.398895]
1.74269e+09,[-0.037490, -0.011302, 403.788757]
1.74269e+09,[-0.040765, -0.010453, 381.262482]
1.74269e+09,[-0.044619, -0.009600, 358.643616]
1.74269e+09,[-0.046816, -0.009172, 342.518250]
1.74269e+09,[-0.049229, -0.008742, 335.941315]
1.74269e+09,[-0.051890, -0.008312, 312.175964]
1.74269e+09,[-0.054843, -0.007881, 298.205475]
1.74269e+09,[-0.058137, -0.007450, 283.046295]
1.74269e+09,[-0.061837, -0.007017, 274.044464]
1.74269e+09,[-0.066024, -0.006584, 258.780304]
1.74269e+09,[-0.070800, -0.006151, 243.501968]
1.74269e+09,[-0.082708, -0.005282, 220.487335]
1.74269e+09,[-0.090264, -0.004847, 205.188522]
1.74269e+09,[-0.099310, -0.004412, 189.893112]
1.74269e+09,[-0.110336, -0.003977, 174.609085]
1.74269e+09,[-0.124071, -0.003542, 159.346710]
1.74269e+09,[-0.124071, -0.003542, 151.845062]
1.74269e+09,[-0.141651, -0.003107, 136.656601]
1.74269e+09,[-0.164941, -0.002673, 128.947891]
1.74269e+09,[-0.164941, -0.002673, 121.538506]
1.74269e+09,[-0.197227, -0.002241, 113.860336]
1.74269e+09,[-0.244850, -0.001813, 98.905273]
1.74269e+09,[-0.321663, -0.001390, 91.398575]
1.74269e+09,[-0.785398, -0.000622, 70.509163]
1.74269e+09,[-0.785398, -0.000622, 63.438271]
1.74269e+09,[-1.570796, -0.000440, 53.361210]
1.74269e+09,[-1.570796, -0.000440, 53.361210]
1.74269e+09,[-1.570796, -0.000440, 46.879993]
1.74269e+09,[-2.356194, -0.000622, 44.208736]
1.74269e+09,[-2.677989, -0.000983, 45.661030]
1.74269e+09,[-2.677989, -0.000983, 42.201305]
1.74269e+09,[-2.819930, -0.001390, 49.439880]
1.74269e+09,[-2.896743, -0.001813, 56.946579]
1.74269e+09,[-2.896743, -0.001813, 55.680004]
1.74269e+09,[-2.944366, -0.002241, 71.115021]
1.74269e+09,[-2.944366, -0.002241, 72.074509]
1.74269e+09,[-2.976651, -0.002673, 79.752678]
1.74269e+09,[-2.999941, -0.003107, 95.082611]
1.74269e+09,[-2.999941, -0.003107, 95.082611]
1.74269e+09,[-2.999941, -0.003107, 102.760780]
1.74269e+09,[-2.999941, -0.003107, 95.082611]
1.74269e+09,[-3.017521, -0.003542, 95.186638]
1.74269e+09,[-3.017521, -0.003542, 95.186638]
1.74269e+09,[-3.017521, -0.003542, 95.186638]
1.74269e+09,[-3.017521, -0.003542, 95.186638]
1.74269e+09,[-3.017521, -0.003542, 95.186638]
1.74269e+09,[-3.017521, -0.003542, 102.807869]
1.74269e+09,[-3.017521, -0.003542, 102.807869]
1.74269e+09,[-3.017521, -0.003542, 95.186638]
1.74269e+09,[-3.017521, -0.003542, 95.186638]
1.74269e+09,[-3.017521, -0.003542, 95.186638]
1.74269e+09,[-3.017521, -0.003542, 95.186638]
1.74269e+09,[-3.017521, -0.003542, 102.807869]
1.74269e+09,[-3.017521, -0.003542, 102.807869]
1.74269e+09,[-2.999941, -0.003107, 95.082611]
1.74269e+09,[-2.944366, -0.002241, 87.373909]
1.74269e+09,[-2.896743, -0.001813, 71.304146]
1.74269e+09,[-2.677989, -0.000983, 65.007401]
1.74269e+09,[-1.570796, -0.000440, 57.221958]
1.74269e+09,[-0.463604, -0.000983, 69.862602]
1.74269e+09,[-0.244850, -0.001813, 82.219955]
1.74269e+09,[-0.141651, -0.003107, 111.519699]
1.74269e+09,[-0.124071, -0.003542, 132.728378]
1.74269e+09,[-0.090264, -0.004847, 170.116684]
1.74269e+09,[-0.082708, -0.005282, 192.409622]
1.74269e+09,[-0.070800, -0.006151, 222.627579]
1.74269e+09,[-0.066024, -0.006584, 237.771927]
1.74269e+09,[-0.058137, -0.007450, 266.598480]
1.74269e+09,[-0.054843, -0.007881, 281.841675]
1.74269e+09,[-0.049229, -0.008742, 304.712708]
1.74269e+09,[-0.046816, -0.009172, 327.451019]
1.74269e+09,[-0.042610, -0.010027, 350.197754]
1.74269e+09,[-0.039063, -0.010878, 380.370331]
1.74269e+09,[-0.036030, -0.011725, 402.917358]
1.74269e+09,[-0.034672, -0.012146, 417.890015]
1.74269e+09,[-0.031108, -0.013402, 455.127777]
1.74269e+09,[-0.030063, -0.013818, 462.520569]
1.74269e+09,[-0.028152, -0.014645, 492.051025]
1.74269e+09,[-0.027275, -0.015056, 506.740662]
1.74269e+09,[-0.026444, -0.015466, 521.377319]
1.74269e+09,[-0.025656, -0.015874, 528.628479]
1.74269e+09,[-0.024195, -0.016684, 557.673523]
1.74269e+09,[-0.023517, -0.017087, 564.829895]
1.74269e+09,[-0.022870, -0.017487, 579.231384]
1.74269e+09,[-0.022251, -0.017886, 593.571228]
1.74269e+09,[-0.021660, -0.018283, 600.625732]
1.74269e+09,[-0.021093, -0.018678, 614.866699]
1.74269e+09,[-0.020550, -0.019071, 621.849365]
1.74269e+09,[-0.020029, -0.019461, 635.987366]
1.74269e+09,[-0.019528, -0.019850, 650.057129]
1.74269e+09,[-0.019528, -0.019850, 650.057129]
1.74269e+09,[-0.019047, -0.020236, 664.057007]
1.74269e+09,[-0.018583, -0.020620, 677.985291]
1.74269e+09,[-0.018137, -0.021002, 691.840393]
1.74269e+09,[-0.017706, -0.021382, 698.589111]
1.74269e+09,[-0.017706, -0.021382, 705.620850]
1.74269e+09,[-0.017290, -0.021759, 712.327942]
1.74269e+09,[-0.017290, -0.021759, 719.324890]
1.74269e+09,[-0.016889, -0.022134, 725.989624]
1.74269e+09,[-0.016889, -0.022134, 732.951050]
1.74269e+09,[-0.016500, -0.022507, 746.497681]
1.74269e+09,[-0.016125, -0.022877, 759.963379]
1.74269e+09,[-0.016125, -0.022877, 766.813232]
1.74269e+09,[-0.015761, -0.023244, 773.346558]
1.74269e+09,[-0.015408, -0.023609, 786.645691]
1.74269e+09,[-0.015067, -0.023971, 799.859314]
1.74269e+09,[-0.000000, -0.023970, 799.834290]
1.74269e+09,[-0.000000, -0.024330, 812.962646]
1.74269e+09,[-0.000000, -0.024330, 819.652710]
1.74269e+09,[-0.000000, -0.024687, 832.650635]
1.74269e+09,[-0.000000, -0.025041, 838.952209]
1.74269e+09,[-0.000000, -0.025041, 845.557861]
1.74269e+09,[-0.000000, -0.025041, 852.120056]
1.74269e+09,[0.000000, -0.025393, 864.890869]
1.74269e+09,[0.000000, -0.025393, 864.890869]
1.74269e+09,[0.000000, -0.025393, 864.890869]
1.74269e+09,[0.000000, -0.025742, 877.567383]
1.74269e+09,[0.000000, -0.025742, 877.567383]
1.74269e+09,[0.013500, -0.025743, 884.011597]
1.74269e+09,[0.013500, -0.025743, 884.011597]
1.74269e+09,[0.013500, -0.025743, 884.011597]
1.74269e+09,[0.013500, -0.025743, 884.011597]
1.74269e+09,[0.013500, -0.025743, 884.011597]
1.74269e+09,[0.013500, -0.025743, 884.011597]
1.74269e+09,[0.013500, -0.025743, 884.186279]
1.74269e+09,[0.013796, -0.025394, 871.569702]
1.74269e+09,[0.014100, -0.025043, 858.658020]
1.74269e+09,[0.014735, -0.024331, 832.929749]
1.74269e+09,[0.015067, -0.023971, 819.928772]
1.74269e+09,[0.015761, -0.023244, 793.660339]
1.74269e+09,[0.016125, -0.022877, 773.624329]
1.74269e+09,[0.016889, -0.022134, 753.613708]
1.74269e+09,[0.017290, -0.021759, 740.099060]
1.74269e+09,[0.017706, -0.021382, 719.579102]
1.74269e+09,[0.018137, -0.021002, 705.868958]
1.74269e+09,[0.019047, -0.020236, 678.221130]
1.74269e+09,[0.019528, -0.019850, 664.286499]
1.74269e+09,[0.021093, -0.018678, 636.352051]
1.74269e+09,[0.021660, -0.018283, 622.202271]
1.74269e+09,[0.022870, -0.017487, 593.703979]
1.74269e+09,[0.023517, -0.017087, 586.580811]
1.74269e+09,[0.024908, -0.016280, 557.763062]
1.74269e+09,[0.025656, -0.015874, 543.264343]
1.74269e+09,[0.026444, -0.015466, 522.056274]
1.74269e+09,[0.027275, -0.015056, 507.451874]
1.74269e+09,[0.029080, -0.014232, 485.457703]
1.74269e+09,[0.030063, -0.013818, 469.944275]
1.74269e+09,[0.032219, -0.012985, 440.264984]
1.74269e+09,[0.033405, -0.012566, 433.681458]
1.74269e+09,[0.036030, -0.011725, 411.302307]
1.74269e+09,[0.037490, -0.011302, 387.905487]
1.74269e+09,[0.040765, -0.010453, 366.353455]
1.74269e+09,[0.042610, -0.010027, 351.307892]
1.74269e+09,[0.046816, -0.009172, 327.451019]
1.74269e+09,[0.051890, -0.008312, 304.625824]
1.74269e+09,[0.054843, -0.007881, 289.406586]
1.74269e+09,[0.058137, -0.007450, 275.562714]
1.74269e+09,[0.061837, -0.007017, 258.910980]
1.74269e+09,[0.066024, -0.006584, 251.211716]
1.74269e+09,[0.066024, -0.006584, 243.642365]
1.74269e+09,[0.070800, -0.006151, 228.365982]
1.74269e+09,[0.076302, -0.005716, 213.087463]
1.74269e+09,[0.082708, -0.005282, 197.813507]
1.74269e+09,[0.090264, -0.004847, 184.677444]
1.74269e+09,[0.099310, -0.004412, 167.315140]
1.74269e+09,[0.124071, -0.003542, 144.381851]
1.74269e+09,[0.124071, -0.003542, 144.381851]
1.74269e+09,[0.141651, -0.003107, 129.247208]
1.74269e+09,[0.164941, -0.002673, 114.204666]
1.74269e+09,[0.197227, -0.002241, 106.526497]
1.74269e+09,[0.244850, -0.001813, 91.678772]
1.74269e+09,[0.321663, -0.001390, 84.172073]
1.74269e+09,[0.463604, -0.000983, 69.862602]
1.74269e+09,[0.785398, -0.000622, 56.599312]
1.74269e+09,[1.570796, -0.000440, 57.812244]
1.74269e+09,[1.570796, -0.000440, 51.998577]
1.74269e+09,[2.356194, -0.000622, 50.118092]
1.74269e+09,[2.677989, -0.000983, 52.428371]
1.74269e+09,[2.677989, -0.000983, 52.428371]
1.74269e+09,[2.677989, -0.000983, 42.201305]
1.74269e+09,[2.819930, -0.001390, 49.439880]
1.74269e+09,[2.819930, -0.001390, 49.439880]
1.74269e+09,[2.819930, -0.001390, 49.439880]
1.74269e+09,[2.896743, -0.001813, 56.946579]
1.74269e+09,[2.896743, -0.001813, 56.946579]
1.74269e+09,[2.896743, -0.001813, 56.946579]
1.74269e+09,[2.896743, -0.001813, 56.946579]
1.74269e+09,[2.896743, -0.001813, 56.946579]
1.74269e+09,[2.896743, -0.001813, 56.946579]
1.74269e+09,[2.896743, -0.001813, 56.946579]
1.74269e+09,[2.896743, -0.001813, 56.946579]
1.74269e+09,[2.896743, -0.001813, 56.946579]
1.74269e+09,[2.896743, -0.001813, 56.946579]
1.74269e+09,[2.896743, -0.001813, 56.946579]
1.74269e+09,[2.896743, -0.001813, 64.453278]
1.74269e+09,[2.819930, -0.001390, 59.666946]
1.74269e+09,[2.356194, -0.000622, 50.118092]
1.74269e+09,[0.785398, -0.000622, 61.050346]
1.74269e+09,[0.463604, -0.000983, 69.862602]
1.74269e+09,[0.244850, -0.001813, 98.905273]
1.74269e+09,[0.164941, -0.002673, 111.905960]
1.74269e+09,[0.244462, -0.003621, 143.945312]
1.74269e+09,[0.218072, -0.004048, 159.151978]
1.74269e+09,[0.179100, -0.004905, 189.685410]
1.74269e+09,[0.164318, -0.005335, 204.982208]
1.74269e+09,[0.140913, -0.006196, 227.938782]
1.74269e+09,[0.131491, -0.006626, 243.240112]
1.74269e+09,[0.109370, -0.007916, 273.808594]
1.74269e+09,[0.103514, -0.008344, 289.067352]
1.74269e+09,[0.093439, -0.009200, 311.903870]
1.74269e+09,[0.085075, -0.010053, 334.670807]
1.74269e+09,[0.074883, -0.011324, 372.456635]
1.74269e+09,[0.071976, -0.011745, 387.520599]
1.74269e+09,[0.066743, -0.012585, 409.997467]
1.74269e+09,[0.064379, -0.013003, 424.959625]
1.74269e+09,[0.060079, -0.013834, 447.257233]
1.74269e+09,[0.058117, -0.014248, 462.104797]
1.74269e+09,[0.056265, -0.014660, 476.550842]
1.74269e+09,[0.054515, -0.015071, 491.316895]
1.74269e+09,[0.052857, -0.015479, 506.030212]
1.74269e+09,[0.051284, -0.015887, 513.270447]
1.74269e+09,[0.049790, -0.016292, 527.898926]
1.74269e+09,[0.048368, -0.016696, 542.470459]
1.74269e+09,[0.045720, -0.017498, 564.097290]
1.74269e+09,[0.044485, -0.017897, 571.177673]
1.74269e+09,[0.043304, -0.018293, 585.562195]
1.74269e+09,[0.043304, -0.018293, 592.872437]
1.74269e+09,[0.042172, -0.018687, 607.164246]
1.74269e+09,[0.041088, -0.019080, 614.138855]
1.74269e+09,[0.040047, -0.019470, 628.327820]
1.74269e+09,[0.040047, -0.019470, 635.548157]
1.74269e+09,[0.039046, -0.019858, 642.448425]
1.74269e+09,[0.038084, -0.020244, 656.499146]
1.74269e+09,[0.037158, -0.020628, 670.478210]
1.74269e+09,[0.037158, -0.020628, 670.478210]
1.74269e+09,[0.036265, -0.021009, 684.384216]
1.74269e+09,[0.035405, -0.021388, 698.215698]
1.74269e+09,[0.035405, -0.021388, 705.270142]
1.74269e+09,[0.034574, -0.021765, 718.989807]
1.74269e+09,[0.034574, -0.021765, 718.989807]
1.74269e+09,[0.033771, -0.022140, 732.630981]
1.74269e+09,[0.032995, -0.022512, 746.192261]
1.74269e+09,[0.032995, -0.022512, 746.192261]
1.74269e+09,[0.032244, -0.022882, 759.671936]
1.74269e+09,[0.032244, -0.022882, 766.541016]
1.74269e+09,[0.032244, -0.022882, 766.541016]
1.74269e+09,[0.031517, -0.023249, 773.068604]
1.74269e+09,[0.030813, -0.023614, 786.380737]
1.74269e+09,[0.030813, -0.023614, 793.170410]
1.74269e+09,[0.030130, -0.023976, 806.355713]
1.74269e+09,[0.029467, -0.024335, 819.453003]
1.74269e+09,[0.029467, -0.024335, 819.562805]
1.74269e+09,[0.029467, -0.024335, 819.562805]
1.74269e+09,[0.029467, -0.024335, 819.562805]
1.74269e+09,[0.029467, -0.024335, 819.562805]
1.74269e+09,[0.029467, -0.024335, 819.562805]
1.74269e+09,[0.029467, -0.024335, 819.562805]
1.74269e+09,[0.029467, -0.024335, 819.745728]
1.74269e+09,[0.029467, -0.024335, 819.745728]
1.74269e+09,[0.029467, -0.024335, 819.745728]
1.74269e+09,[0.029467, -0.024335, 813.055542]
1.74269e+09,[0.030130, -0.023976, 792.946960]
1.74269e+09,[0.031517, -0.023249, 780.027832]
1.74269e+09,[0.032244, -0.022882, 759.815613]
1.74269e+09,[0.032995, -0.022512, 739.405518]
1.74269e+09,[0.034574, -0.021765, 719.156799]
1.74269e+09,[0.035405, -0.021388, 705.445312]
1.74269e+09,[0.036265, -0.021009, 684.576965]
1.74269e+09,[0.038084, -0.020244, 663.857422]
1.74269e+09,[0.039046, -0.019858, 649.848755]
1.74269e+09,[0.041088, -0.019080, 628.831909]
1.74269e+09,[0.043304, -0.018293, 600.396545]
1.74269e+09,[0.044485, -0.017897, 586.080933]
1.74269e+09,[0.047013, -0.017098, 564.588440]
1.74269e+09,[0.049790, -0.016292, 542.936951]
1.74269e+09,[0.052857, -0.015479, 521.133972]
1.74269e+09,[0.054515, -0.015071, 513.864380]
1.74269e+09,[0.060079, -0.013834, 485.018005]
1.74269e+09,[0.064379, -0.013003, 462.855988]
1.74269e+09,[0.069269, -0.012166, 433.151062]
1.74269e+09,[0.071976, -0.011745, 417.616577]
1.74269e+09,[0.074883, -0.011324, 395.112244]
1.74269e+09,[0.081403, -0.010477, 372.529022]
1.74269e+09,[0.089072, -0.009627, 344.193909]
1.74269e+09,[0.093439, -0.009200, 329.131531]
1.74269e+09,[0.163276, -0.007972, 291.019470]
1.74269e+09,[0.172916, -0.007546, 269.802765]
1.74269e+09,[0.195874, -0.006695, 238.045410]
1.74269e+09,[0.225515, -0.005845, 215.378571]
1.74269e+09,[0.243816, -0.005422, 207.677948]
1.74269e+09,[0.290540, -0.004580, 189.375839]
1.74269e+09,[0.320960, -0.004163, 165.209137]
1.74269e+09,[0.404362, -0.003344, 143.403015]
1.74269e+09,[0.463252, -0.002946, 122.149620]
1.74269e+09,[0.643378, -0.002197, 101.970070]
1.74269e+09,[1.249133, -0.001390, 70.262222]
1.74269e+09,[1.892459, -0.001390, 68.899582]
1.74269e+09,[2.356194, -0.001865, 68.098709]
1.74269e+09,[2.356194, -0.001865, 65.378342]
1.74269e+09,[2.498214, -0.002197, 62.514427]
1.74269e+09,[2.678121, -0.001966, 59.666946]
1.74269e+09,[2.761351, -0.002367, 66.794022]
1.74269e+09,[2.761351, -0.002367, 70.253754]
1.74269e+09,[2.761351, -0.002367, 70.253754]
1.74269e+09,[2.761351, -0.002367, 77.021088]
1.74269e+09,[2.761351, -0.002367, 70.253754]
1.74269e+09,[2.761351, -0.002367, 70.253754]
1.74269e+09,[2.761351, -0.002367, 70.253754]
1.74269e+09,[2.761351, -0.002367, 77.021088]
1.74269e+09,[2.761351, -0.002367, 84.148163]
1.74269e+09,[2.761351, -0.002367, 77.021088]
1.74269e+09,[2.678121, -0.001966, 67.173645]
1.74269e+09,[2.553674, -0.001585, 60.406311]
1.74269e+09,[2.034400, -0.000983, 49.708004]
1.74269e+09,[1.107193, -0.000983, 56.542423]
1.74269e+09,[0.587918, -0.001585, 78.172981]
1.74269e+09,[0.463472, -0.001966, 97.856026]
1.74269e+09,[0.321399, -0.002779, 133.353897]
1.74269e+09,[0.244462, -0.003621, 153.264984]
1.74269e+09,[0.196720, -0.004476, 191.028427]
1.74269e+09,[0.179100, -0.004905, 206.218353]
1.74269e+09,[0.151741, -0.005765, 238.133820]
1.74269e+09,[0.131491, -0.006626, 268.402191]
1.74269e+09,[0.115897, -0.007486, 291.178192]
1.74269e+09,[0.103514, -0.008344, 313.919312]
1.74269e+09,[0.089072, -0.009627, 350.611267]
1.74269e+09,[0.085075, -0.010053, 358.180542]
1.74269e+09,[0.074883, -0.011324, 388.295441]
1.74269e+09,[0.071976, -0.011745, 404.238129]
1.74269e+09,[0.066743, -0.012585, 426.598053]
1.74269e+09,[0.064379, -0.013003, 441.446228]
1.74269e+09,[0.060079, -0.013834, 462.812927]
1.74269e+09,[0.058117, -0.014248, 470.165802]
1.74269e+09,[0.056265, -0.014660, 484.915436]
1.74269e+09,[0.054515, -0.015071, 499.615723]
1.74269e+09,[0.051284, -0.015887, 521.504944]
1.74269e+09,[0.051284, -0.015887, 528.860535]
1.74269e+09,[0.048368, -0.016696, 550.579956]
1.74269e+09,[0.047013, -0.017098, 557.726746]
1.74269e+09,[0.045720, -0.017498, 572.145691]
1.74269e+09,[0.045720, -0.017498, 579.424011]
1.74269e+09,[0.043304, -0.018293, 600.800903]
1.74269e+09,[0.043304, -0.018293, 600.800903]
1.74269e+09,[0.041088, -0.019080, 622.008240]
1.74269e+09,[0.040047, -0.019470, 636.138550]
1.74269e+09,[0.039046, -0.019858, 643.038879]
1.74269e+09,[0.039046, -0.019858, 650.200928]
1.74269e+09,[0.038084, -0.020244, 664.193542]
1.74269e+09,[0.037158, -0.020628, 671.016235]
1.74269e+09,[0.036265, -0.021009, 684.897644]
1.74269e+09,[0.036265, -0.021009, 691.963135]
1.74269e+09,[0.035405, -0.021388, 705.737000]
1.74269e+09,[0.034574, -0.021765, 712.437744]
1.74269e+09,[0.033771, -0.022140, 726.093201]
1.74269e+09,[0.033771, -0.022140, 733.054626]
1.74269e+09,[0.032995, -0.022512, 746.595276]
1.74269e+09,[0.032995, -0.022512, 746.595276]
1.74269e+09,[0.032244, -0.022882, 760.055115]
1.74269e+09,[0.032244, -0.022882, 766.904907]
1.74269e+09,[0.032244, -0.022882, 766.904907]
1.74269e+09,[0.031517, -0.023249, 780.243591]
1.74269e+09,[0.031517, -0.023249, 780.243591]
1.74269e+09,[0.031517, -0.023249, 780.243591]
1.74269e+09,[0.030813, -0.023614, 793.497620]
1.74269e+09,[0.030813, -0.023614, 793.497620]
1.74269e+09,[0.030813, -0.023614, 793.497620]
1.74269e+09,[0.030813, -0.023614, 800.228821]
1.74269e+09,[0.030130, -0.023976, 806.665466]
1.74269e+09,[0.030130, -0.023976, 813.355591]
1.74269e+09,[0.030130, -0.023976, 813.355591]
1.74269e+09,[0.030130, -0.023976, 813.355591]
1.74269e+09,[0.030130, -0.023976, 813.355591]
1.74269e+09,[0.030130, -0.023976, 813.355591]
1.74269e+09,[0.030130, -0.023976, 813.355591]
1.74269e+09,[0.030130, -0.023976, 806.665466]
1.74269e+09,[0.030813, -0.023614, 786.726074]
1.74269e+09,[0.031517, -0.023249, 773.432495]
1.74269e+09,[0.032244, -0.022882, 760.055115]
1.74269e+09,[0.032995, -0.022512, 746.595276]
1.74269e+09,[0.034574, -0.021765, 719.434692]
1.74269e+09,[0.034574, -0.021765, 712.437744]
1.74269e+09,[0.036265, -0.021009, 691.963135]
1.74269e+09,[0.037158, -0.020628, 678.114807]
1.74269e+09,[0.038084, -0.020244, 657.062805]
1.74269e+09,[0.040047, -0.019470, 628.946106]
1.74269e+09,[0.042172, -0.018687, 600.561035]
1.74269e+09,[0.043304, -0.018293, 586.272034]
1.74269e+09,[0.045720, -0.017498, 564.840637]
1.74269e+09,[0.047013, -0.017098, 550.395874]
1.74269e+09,[0.048368, -0.016696, 543.249146]
1.74269e+09,[0.049790, -0.016292, 521.335449]
1.74269e+09,[0.052857, -0.015479, 492.059662]
1.74269e+09,[0.054515, -0.015071, 477.345856]
1.74269e+09,[0.058117, -0.014248, 447.776642]
1.74269e+09,[0.060079, -0.013834, 432.925507]
1.74269e+09,[0.066743, -0.012585, 403.201172]
1.74269e+09,[0.069269, -0.012166, 380.682739]
1.74269e+09,[0.074883, -0.011324, 350.605774]
1.74269e+09,[0.078017, -0.010901, 335.525940]
1.74269e+09,[0.085075, -0.010053, 312.870972]
1.74269e+09,[0.089072, -0.009627, 299.317322]
1.74269e+09,[0.098231, -0.008773, 274.981232]
1.74269e+09,[0.103514, -0.008344, 259.808899]
1.74269e+09,[0.115897, -0.007486, 237.002625]
1.74269e+09,[0.131491, -0.006626, 214.182373]
1.74269e+09,[0.151741, -0.005765, 183.911591]
1.74269e+09,[0.164318, -0.005335, 176.260925]
1.74269e+09,[0.179100, -0.004905, 161.208115]
1.74269e+09,[0.196720, -0.004476, 146.244019]
1.74269e+09,[0.244462, -0.003621, 123.832062]
1.74269e+09,[0.277865, -0.003198, 116.305367]
1.74269e+09,[0.380242, -0.002367, 94.455315]
1.74269e+09,[0.587918, -0.001585, 80.560905]
1.74269e+09,[1.570796, -0.000880, 54.698063]
1.74269e+09,[2.034400, -0.000983, 50.633064]
1.74269e+09,[2.356194, -0.001244, 46.829159]
1.74269e+09,[2.553674, -0.001585, 51.633038]
1.74269e+09,[2.553674, -0.001585, 52.899609]
1.74269e+09,[2.553674, -0.001585, 52.899609]
1.74269e+09,[2.678121, -0.001966, 67.173645]
1.74269e+09,[2.678121, -0.001966, 67.173645]
1.74269e+09,[2.678121, -0.001966, 59.666946]
1.74269e+09,[2.678121, -0.001966, 59.666946]
1.74269e+09,[2.678121, -0.001966, 59.666946]
1.74269e+09,[2.678121, -0.001966, 59.666946]
1.74269e+09,[2.761351, -0.002367, 66.794022]
1.74269e+09,[2.761351, -0.002367, 66.794022]
1.74269e+09,[2.863728, -0.003198, 81.573166]
1.74269e+09,[2.863728, -0.003198, 85.032898]
1.74269e+09,[2.897130, -0.003621, 92.559586]
1.74269e+09,[2.897130, -0.003621, 92.559586]
1.74269e+09,[2.897130, -0.003621, 92.559586]
1.74269e+09,[2.897130, -0.003621, 92.559586]
1.74269e+09,[2.897130, -0.003621, 92.559586]
1.74269e+09,[2.897130, -0.003621, 99.326935]
1.74269e+09,[2.897130, -0.003621, 113.782944]
1.74269e+09,[2.783484, -0.003751, 108.752716]
1.74269e+09,[2.583635, -0.004137, 89.185287]
1.74269e+09,[2.498584, -0.004383, 100.025658]
1.74269e+09,[2.356194, -0.004953, 122.996414]
1.74269e+09,[2.297129, -0.005268, 135.733383]
1.74269e+09,[2.244893, -0.005600, 156.401489]
1.74269e+09,[2.136329, -0.005702, 165.752563]
1.74269e+09,[2.001348, -0.006260, 183.247559]
1.74269e+09,[1.911834, -0.006502, 195.147842]
1.74269e+09,[1.829491, -0.006790, 206.884705]
1.74269e+09,[1.754505, -0.007121, 220.171478]
1.74269e+09,[1.570796, -0.007870, 242.401123]
1.74269e+09,[1.518906, -0.008312, 259.238007]
1.74269e+09,[1.424011, -0.008823, 270.135162]
1.74269e+09,[1.340497, -0.009398, 289.932007]
1.74269e+09,[1.308728, -0.009910, 301.615326]
1.74269e+09,[1.241379, -0.010551, 315.968445]
1.74269e+09,[1.218034, -0.011081, 332.416962]
1.74269e+09,[1.182252, -0.011224, 345.346405]
1.74269e+09,[1.130234, -0.011923, 366.162415]
1.74269e+09,[1.098207, -0.012096, 373.786774]
1.74269e+09,[1.084309, -0.012640, 398.694580]
1.74269e+09,[1.100552, -0.013003, 410.100403]
1.74269e+09,[1.043587, -0.013369, 426.957397]
1.74269e+09,[1.043587, -0.013369, 432.027893]
1.74269e+09,[1.007302, -0.014105, 455.652679]
1.74269e+09,[0.981976, -0.014310, 464.731689]
1.74269e+09,[0.957377, -0.014522, 478.571136]
1.74269e+09,[0.928292, -0.015273, 497.412140]
1.74269e+09,[0.884391, -0.015727, 516.671936]
1.74269e+09,[0.863391, -0.015962, 520.849365]
1.74269e+09,[0.823224, -0.016447, 540.950500]
1.74269e+09,[0.804026, -0.016696, 545.381958]
1.74269e+09,[0.785398, -0.016949, 558.089417]
1.74269e+09,[0.767323, -0.017207, 568.714600]
1.74269e+09,[0.732764, -0.017732, 584.133606]
1.74269e+09,[0.716247, -0.017999, 594.999695]
1.74269e+09,[0.700215, -0.018269, 603.059265]
1.74269e+09,[0.684653, -0.018541, 614.179077]
1.74269e+09,[0.669543, -0.018816, 622.816467]
1.74269e+09,[0.669543, -0.018816, 629.217468]
1.74269e+09,[0.654870, -0.019093, 640.545532]
1.74269e+09,[0.640617, -0.019372, 649.782532]
1.74269e+09,[0.609175, -0.019471, 651.540222]
1.74269e+09,[0.595889, -0.019759, 661.242920]
1.74269e+09,[0.582987, -0.020049, 671.237427]
1.74269e+09,[0.565448, -0.019885, 674.940308]
1.74269e+09,[0.553116, -0.020182, 685.367432]
1.74269e+09,[0.535509, -0.020028, 681.262268]
1.74269e+09,[0.506123, -0.020188, 688.551147]
1.74269e+09,[0.506123, -0.020188, 688.551147]
1.74269e+09,[0.459483, -0.020234, 688.402710]
1.74269e+09,[0.459483, -0.020234, 687.538635]
1.74269e+09,[0.441401, -0.020109, 684.552795]
1.74269e+09,[0.413413, -0.020320, 694.631165]
1.74269e+09,[0.395216, -0.020209, 691.761414]
1.74269e+09,[0.376821, -0.020102, 689.581909]
1.74269e+09,[0.358234, -0.019999, 687.540466]
1.74269e+09,[0.339460, -0.019902, 686.695923]
1.74269e+09,[0.301378, -0.019722, 685.314819]
1.74269e+09,[0.282085, -0.019639, 682.524048]
1.74269e+09,[0.262634, -0.019562, 681.758179]
1.74269e+09,[0.243035, -0.019490, 682.019104]
1.74269e+09,[0.223295, -0.019423, 680.835876]
1.74269e+09,[0.183436, -0.019307, 679.693787]
1.74269e+09,[0.163337, -0.019257, 679.842590]
1.74269e+09,[0.143139, -0.019213, 679.057678]
1.74269e+09,[0.102496, -0.019142, 677.796265]
1.74269e+09,[0.082073, -0.019115, 679.701172]
1.74269e+09,[0.061599, -0.019094, 680.672424]
1.74269e+09,[0.041088, -0.019080, 680.407776]
1.74269e+09,[0.000000, -0.019068, 680.195862]
1.74269e+09,[-0.020550, -0.019071, 681.688904]
1.74269e+09,[-0.041088, -0.019080, 681.847839]
1.74269e+09,[-0.061599, -0.019094, 682.112488]
1.74269e+09,[-0.082073, -0.019115, 684.019165]
1.74269e+09,[-0.122855, -0.019174, 686.704712]
1.74269e+09,[-0.143139, -0.019213, 687.387085]
1.74269e+09,[-0.163337, -0.019257, 688.172058]
1.74269e+09,[-0.188172, -0.018926, 684.009277]
1.74269e+09,[-0.208650, -0.018984, 688.763062]
1.74269e+09,[-0.228996, -0.019048, 683.795593]
1.74269e+09,[-0.249199, -0.019118, 687.116516]
1.74269e+09,[-0.276124, -0.018824, 681.883789]
1.74269e+09,[-0.276124, -0.018824, 681.883789]
1.74269e+09,[-0.296462, -0.018908, 685.558960]
1.74269e+09,[-0.296462, -0.018908, 687.810242]
1.74269e+09,[-0.316612, -0.018999, 689.419373]
1.74269e+09,[-0.336566, -0.019095, 687.734924]
1.74269e+09,[-0.356313, -0.019197, 689.539368]
1.74269e+09,[-0.385141, -0.018954, 685.235718]
1.74269e+09,[-0.404829, -0.019071, 692.425598]
1.74269e+09,[-0.424271, -0.019194, 694.598206]
1.74269e+09,[-0.454183, -0.018988, 693.606506]
1.74269e+09,[-0.473437, -0.019126, 698.800232]
1.74269e+09,[-0.492410, -0.019268, 701.337524]
1.74269e+09,[-0.504132, -0.018947, 698.438538]
1.74269e+09,[-0.523099, -0.019100, 704.048462]
1.74269e+09,[-0.523099, -0.019100, 704.048462]
1.74269e+09,[-0.560111, -0.019421, 709.752502]
1.74269e+09,[-0.560111, -0.019421, 709.752502]
1.74269e+09,[-0.591250, -0.019293, 710.416809]
1.74269e+09,[-0.609175, -0.019471, 716.582336]
1.74269e+09,[-0.626771, -0.019652, 719.812012]
1.74269e+09,[-0.640617, -0.019372, 714.824585]
1.74269e+09,[-0.672414, -0.019292, 716.474182]
1.74269e+09,[-0.672414, -0.019292, 716.474182]
1.74269e+09,[-0.687208, -0.019022, 706.966919]
1.74269e+09,[-0.702426, -0.018754, 702.206543]
1.74269e+09,[-0.734194, -0.018226, 688.135742]
1.74269e+09,[-0.734194, -0.018226, 683.481201]
1.74269e+09,[-0.767837, -0.017710, 669.674194]
1.74269e+09,[-0.785398, -0.017456, 660.581299]
1.74269e+09,[-0.803473, -0.017207, 651.591003]
1.74269e+09,[-0.822077, -0.016961, 638.248535]
1.74269e+09,[-0.860925, -0.016482, 625.321350]
1.74269e+09,[-0.881197, -0.016249, 612.524963]
1.74269e+09,[-0.923497, -0.015800, 600.296204]
1.74269e+09,[-0.945547, -0.015584, 592.276794]
1.74269e+09,[-0.991487, -0.015170, 580.814941]
1.74269e+09,[-1.015389, -0.014973, 578.293701]
1.74269e+09,[-1.039917, -0.014784, 571.099304]
1.74269e+09,[-1.065069, -0.014601, 564.122681]
1.74269e+09,[-1.090843, -0.014427, 551.976562]
1.74269e+09,[-1.117233, -0.014261, 545.341431]
1.74269e+09,[-1.144229, -0.014103, 538.959412]
1.74269e+09,[-1.144229, -0.014103, 529.741333]
1.74269e+09,[-1.199981, -0.013815, 511.799896]
1.74269e+09,[-1.228697, -0.013686, 506.122070]
1.74269e+09,[-1.257942, -0.013566, 497.655060]
1.74269e+09,[-1.317890, -0.013358, 484.578644]
1.74269e+09,[-1.340617, -0.012865, 466.379547]
1.74269e+09,[-1.372669, -0.012785, 462.081299]
1.74269e+09,[-1.398926, -0.012304, 444.100983]
1.74269e+09,[-1.427521, -0.011829, 426.196838]
1.74269e+09,[-1.463045, -0.011780, 418.529114]
1.74269e+09,[-1.495913, -0.011324, 400.858582]
1.74269e+09,[-1.530032, -0.010453, 375.824829]
1.74269e+09,[-1.570796, -0.010018, 354.166321]
1.74269e+09,[-1.664235, -0.009200, 329.888641]
1.74269e+09,[-1.674311, -0.008344, 304.991333]
1.74269e+09,[-1.743712, -0.007546, 283.676575]
1.74269e+09,[-1.799655, -0.007630, 278.072418]
1.74269e+09,[-1.813704, -0.007210, 253.608566]
1.74269e+09,[-1.829491, -0.006790, 246.153168]
1.74269e+09,[-1.911834, -0.006502, 226.873688]
1.74269e+09,[-2.001348, -0.006260, 215.630264]
1.74269e+09,[-2.068833, -0.005484, 194.987427]
1.74269e+09,[-2.068833, -0.005484, 188.276505]
1.74269e+09,[-2.231271, -0.004992, 172.982651]
1.74269e+09,[-2.289354, -0.004656, 160.694473]
1.74269e+09,[-2.433202, -0.004043, 143.734299]
1.74269e+09,[-2.521759, -0.003774, 138.957138]
1.74269e+09,[-2.737231, -0.003344, 125.624702]
1.74269e+09,[-2.999941, -0.003107, 116.169800]
1.74269e+09,[2.999941, -0.003107, 107.615974]
1.74269e+09,[2.863728, -0.003198, 106.256256]
1.74269e+09,[2.553928, -0.003166, 103.168549]
1.74269e+09,[2.356194, -0.003722, 113.698608]
1.74269e+09,[2.213805, -0.004383, 134.201401]
1.74269e+09,[2.110181, -0.005107, 151.717865]
1.74269e+09,[2.032859, -0.005869, 165.274094]
1.74269e+09,[2.001348, -0.006260, 177.463806]
1.74269e+09,[1.973562, -0.006656, 196.245148]
1.74269e+09,[1.890346, -0.006911, 200.780518]
1.74269e+09,[1.813704, -0.007210, 216.915237]
1.74269e+09,[1.743712, -0.007546, 233.706955]
1.74269e+09,[1.625639, -0.007881, 250.441605]
1.74269e+09,[1.570796, -0.007870, 255.217743]
1.74269e+09,[1.518906, -0.008312, 279.076538]
1.74269e+09,[1.472566, -0.008773, 297.940918]
1.74269e+09,[1.424011, -0.008823, 304.254364]
1.74269e+09,[1.385443, -0.009314, 318.574554]
1.74269e+09,[1.296431, -0.009499, 338.091858]
1.74269e+09,[1.308728, -0.009910, 351.215729]
1.74269e+09,[1.241379, -0.010551, 368.532074]
1.74269e+09,[1.218034, -0.011081, 383.993622]
1.74269e+09,[1.147413, -0.011381, 395.441437]
1.74269e+09,[1.130234, -0.011923, 411.285950]
1.74269e+09,[1.067108, -0.012279, 430.198303]
1.74269e+09,[1.054791, -0.012825, 446.296692]
1.74269e+09,[0.998346, -0.013224, 466.271179]
1.74269e+09,[0.971417, -0.013437, 476.539520]
1.74269e+09,[0.945341, -0.013657, 484.222229]
1.74269e+09,[0.895701, -0.014120, 496.626221]
1.74269e+09,[0.849297, -0.014609, 512.090942]
1.74269e+09,[0.827259, -0.014862, 528.122437]
1.74269e+09,[0.764830, -0.015121, 541.765320]
1.74269e+09,[0.744993, -0.015397, 555.065247]
1.74269e+09,[0.707405, -0.015962, 570.786316]
1.74269e+09,[0.672416, -0.016540, 586.988770]
1.74269e+09,[0.635326, -0.016622, 594.560547]
1.74269e+09,[0.583695, -0.017038, 601.200256]
1.74269e+09,[0.548482, -0.017173, 610.064636]
1.74269e+09,[0.527308, -0.016998, 606.486511]
1.74269e+09,[0.492696, -0.017165, 616.041931]
1.74269e+09,[0.437265, -0.017207, 616.728577]
1.74269e+09,[0.392908, -0.016938, 616.014893]
1.74269e+09,[0.360332, -0.017178, 618.520020]
1.74269e+09,[0.291939, -0.016861, 612.871216]
1.74269e+09,[0.268598, -0.016769, 613.016174]
1.74269e+09,[0.221193, -0.016608, 611.224548]
1.74269e+09,[0.197167, -0.016539, 609.997131]
1.74269e+09,[0.148565, -0.016424, 610.460815]
1.74269e+09,[0.099377, -0.016342, 613.611145]
1.74269e+09,[0.049790, -0.016292, 612.727051]
1.74269e+09,[0.024908, -0.016280, 614.266113]
1.74269e+09,[-0.024908, -0.016280, 616.133545]
1.74269e+09,[-0.049790, -0.016292, 618.326782]
1.74269e+09,[-0.099377, -0.016342, 623.455688]
1.74269e+09,[-0.148565, -0.016424, 624.921570]
1.74269e+09,[-0.172951, -0.016478, 628.136902]
1.74269e+09,[-0.197167, -0.016539, 629.225586]
1.74269e+09,[-0.245010, -0.016685, 634.177551]
1.74269e+09,[-0.276273, -0.016386, 631.307373]
1.74269e+09,[-0.300205, -0.016481, 629.835144]
1.74269e+09,[-0.333089, -0.016209, 627.724976]
1.74269e+09,[-0.367235, -0.015954, 620.518555]
1.74269e+09,[-0.402618, -0.015717, 616.301270]
1.74269e+09,[-0.414448, -0.015352, 604.352417]
1.74269e+09,[-0.452139, -0.015140, 598.401062]
1.74269e+09,[-0.465711, -0.014783, 586.757324]
1.74269e+09,[-0.505727, -0.014601, 573.043396]
1.74269e+09,[-0.521197, -0.014254, 560.491028]
1.74269e+09,[-0.563494, -0.014105, 547.984192]
1.74269e+09,[-0.599379, -0.013437, 531.261414]
1.74269e+09,[-0.618686, -0.013107, 520.628845]
1.74269e+09,[-0.682804, -0.012143, 498.783264]
1.74269e+09,[-0.706472, -0.011832, 488.611572]
1.74269e+09,[-0.757690, -0.011226, 479.153625]
1.74269e+09,[-0.814611, -0.010648, 458.560699]
1.74269e+09,[-0.877863, -0.010103, 429.656403]
1.74269e+09,[-0.912050, -0.009846, 419.892273]
1.74269e+09,[-0.985863, -0.009365, 406.754486]
1.74269e+09,[-1.025581, -0.009144, 402.819366]
1.74269e+09,[-1.110729, -0.008744, 385.842133]
1.74269e+09,[-1.156123, -0.008569, 377.402802]
1.74269e+09,[-1.203321, -0.008410, 359.856049]
1.74269e+09,[-1.287368, -0.007736, 337.707062]
1.74269e+09,[-1.327888, -0.007210, 312.542816]
1.74269e+09,[-1.387088, -0.007121, 300.573761]
1.74269e+09,[-1.439305, -0.006626, 281.322571]
1.74269e+09,[-1.504773, -0.006584, 275.035278]
1.74269e+09,[-1.570796, -0.006135, 261.676331]
1.74269e+09,[-1.570796, -0.006135, 251.057739]
1.74269e+09,[-1.722538, -0.005765, 233.791306]
1.74269e+09,[-1.796311, -0.005845, 224.478638]
1.74269e+09,[-1.918332, -0.005130, 200.968445]
1.74269e+09,[-2.033345, -0.004899, 186.025101]
1.74269e+09,[-2.158038, -0.004739, 172.291092]
1.74269e+09,[-2.213805, -0.004383, 165.965851]
1.74269e+09,[-2.356194, -0.004338, 148.995056]
1.74269e+09,[-2.433202, -0.004043, 138.957138]
1.74269e+09,[-2.622967, -0.003539, 119.193970]
1.74269e+09,[-2.737231, -0.003344, 108.855156]
1.74269e+09,[-3.141593, -0.003076, 102.210556]
1.74269e+09,[2.999941, -0.003107, 102.760780]
1.74269e+09,[2.737231, -0.003344, 111.833374]
1.74269e+09,[2.622967, -0.003539, 123.844078]
1.74269e+09,[2.433202, -0.004043, 138.039719]
1.74269e+09,[2.356194, -0.004338, 155.044342]
1.74269e+09,[2.231271, -0.004992, 179.523743]
1.74269e+09,[2.180643, -0.005341, 192.449112]
1.74269e+09,[2.068833, -0.005484, 208.784927]
1.74269e+09,[1.891140, -0.005541, 209.802856]
1.74269e+09,[1.722538, -0.005765, 227.924011]
1.74269e+09,[1.570796, -0.006135, 240.817062]
1.74269e+09,[1.387088, -0.007121, 272.390717]
1.74269e+09,[1.341938, -0.007630, 285.513184]
1.74269e+09,[1.252220, -0.008271, 301.227997]
1.74269e+09,[1.221528, -0.008811, 315.399567]
1.74269e+09,[1.111577, -0.009688, 346.218353]
1.74269e+09,[1.072306, -0.009876, 354.508881]
1.74269e+09,[1.020999, -0.010646, 378.554626]
1.74269e+09,[0.986988, -0.010863, 387.793518]
1.74269e+09,[0.946036, -0.011659, 413.055145]
1.74269e+09,[0.916423, -0.011897, 422.992432]
1.74269e+09,[0.860711, -0.012398, 437.699677]
1.74269e+09,[0.834545, -0.012660, 448.232361]
1.74269e+09,[0.785398, -0.013205, 466.230591]
1.74269e+09,[0.762336, -0.013486, 477.426544]
1.74269e+09,[0.719025, -0.014065, 493.948120]
1.74269e+09,[0.698693, -0.014361, 502.412842]
1.74269e+09,[0.660471, -0.014966, 523.343994]
1.74269e+09,[0.642504, -0.015273, 532.954651]
1.74269e+09,[0.602589, -0.015374, 546.020264]
1.74269e+09,[0.548016, -0.015828, 559.015869]
1.74269e+09,[0.533330, -0.016160, 575.602966]
1.74269e+09,[0.496820, -0.016325, 578.524658]
1.74269e+09,[0.461202, -0.016510, 587.534912]
1.74269e+09,[0.426546, -0.016714, 598.155640]
1.74269e+09,[0.392908, -0.016938, 607.224060]
1.74269e+09,[0.370214, -0.016813, 604.272400]
1.74269e+09,[0.323849, -0.016585, 599.139282]
1.74269e+09,[0.291939, -0.016861, 610.826294]
1.74269e+09,[0.268598, -0.016769, 609.003906]
1.74269e+09,[0.221193, -0.016608, 607.678284]
1.74269e+09,[0.172951, -0.016478, 606.063049]
1.74269e+09,[0.124033, -0.016379, 605.135864]
1.74269e+09,[0.049790, -0.016292, 604.539978]
1.74269e+09,[0.000000, -0.016276, 605.315247]
1.74269e+09,[-0.049790, -0.016292, 611.075806]
1.74269e+09,[-0.099377, -0.016342, 611.959900]
1.74269e+09,[-0.148565, -0.016424, 616.837646]
1.74269e+09,[-0.178043, -0.016081, 612.597351]
1.74269e+09,[-0.227619, -0.016217, 615.020203]
1.74269e+09,[-0.259478, -0.015909, 611.514893]
1.74269e+09,[-0.284318, -0.016001, 609.010986]
1.74269e+09,[-0.342767, -0.015833, 602.173462]
1.74269e+09,[-0.377974, -0.015583, 594.176331]
1.74269e+09,[-0.389235, -0.015212, 581.584534]
1.74269e+09,[-0.439877, -0.014623, 565.127258]
1.74269e+09,[-0.453563, -0.014261, 555.709961]
1.74269e+09,[-0.467963, -0.013899, 537.638916]
1.74269e+09,[-0.527209, -0.013369, 522.427612]
1.74269e+09,[-0.563066, -0.012675, 492.989227]
1.74269e+09,[-0.582499, -0.012332, 481.295929]
1.74269e+09,[-0.624761, -0.011659, 462.578278]
1.74269e+09,[-0.672131, -0.011003, 445.657959]
1.74269e+09,[-0.725390, -0.010371, 424.127014]
1.74269e+09,[-0.785398, -0.009767, 408.388092]
1.74269e+09,[-0.853066, -0.009198, 383.381470]
1.74269e+09,[-0.890053, -0.008930, 373.784515]
1.74269e+09,[-0.939876, -0.008083, 353.449768]
1.74269e+09,[-0.984918, -0.007842, 344.311584]
1.74269e+09,[-1.083297, -0.007410, 321.031128]
1.74269e+09,[-1.109308, -0.006834, 300.421448]
1.74269e+09,[-1.168031, -0.006656, 281.481354]
1.74269e+09,[-1.205391, -0.006095, 266.330933]
1.74269e+09,[-1.326981, -0.005422, 249.387787]
1.74269e+09,[-1.406479, -0.005335, 243.069504]
1.74269e+09,[-1.488088, -0.005282, 237.591507]
1.74269e+09,[-1.570796, -0.004827, 225.234955]
1.74269e+09,[-1.661060, -0.004847, 211.203796]
1.74269e+09,[-1.749896, -0.004905, 208.687180]
1.74269e+09,[-1.861336, -0.004580, 199.750565]
1.74269e+09,[-1.988137, -0.004320, 185.146118]
1.74269e+09,[-2.213805, -0.004383, 174.303146]
1.74269e+09,[-2.279187, -0.004043, 159.062805]
1.74269e+09,[-2.521759, -0.003774, 137.357529]
1.74269e+09,[-2.622967, -0.003539, 125.388466]
1.74269e+09,[-2.897130, -0.003621, 111.905960]
1.74269e+09,[-3.031257, -0.003977, 110.541428]
1.74269e+09,[3.031257, -0.003977, 95.413506]
1.74269e+09,[2.820633, -0.004163, 91.493820]
1.74269e+09,[2.635365, -0.004513, 91.291260]
1.74269e+09,[2.554351, -0.004739, 92.060631]
1.74269e+09,[2.415260, -0.005268, 118.379242]
1.74269e+09,[2.356194, -0.005565, 138.780151]
1.74269e+09,[2.136329, -0.005702, 156.607391]
1.74269e+09,[2.032859, -0.005869, 175.032593]
1.74269e+09,[1.847353, -0.006372, 191.332230]
1.74269e+09,[1.702287, -0.006626, 212.634735]
1.74269e+09,[1.508959, -0.007017, 230.630798]
1.74269e+09,[1.397881, -0.007546, 249.741135]
1.74269e+09,[1.302680, -0.008150, 266.388092]
1.74269e+09,[1.268347, -0.008679, 286.038208]
1.74269e+09,[1.176184, -0.008961, 298.725433]
1.74269e+09,[1.111577, -0.009688, 315.927460]
1.74269e+09,[1.034554, -0.010078, 342.692078]
1.74269e+09,[0.963623, -0.010519, 355.491364]
1.74269e+09,[0.868340, -0.011260, 379.107849]
1.74269e+09,[0.839388, -0.011525, 394.830353]
1.74269e+09,[0.760248, -0.012367, 415.467865]
1.74269e+09,[0.736252, -0.012660, 422.238647]
1.74269e+09,[0.691495, -0.013263, 445.107605]
1.74269e+09,[0.650689, -0.013885, 462.334015]
1.74269e+09,[0.631637, -0.014202, 474.061188]
1.74269e+09,[0.613420, -0.014522, 483.524933]
1.74269e+09,[0.555407, -0.014973, 505.038300]
1.74269e+09,[0.515675, -0.015126, 512.208679]
1.74269e+09,[0.463464, -0.015653, 531.593689]
1.74269e+09,[0.426836, -0.015858, 535.226135]
1.74269e+09,[0.367235, -0.015954, 542.423889]
1.74269e+09,[0.342767, -0.015833, 538.918823]
1.74269e+09,[0.284318, -0.016001, 539.704773]
1.74269e+09,[0.259478, -0.015909, 537.237671]
1.74269e+09,[0.208993, -0.015750, 533.755737]
1.74269e+09,[0.183393, -0.015683, 539.426025]
1.74269e+09,[0.131602, -0.015575, 537.150940]
1.74269e+09,[0.105466, -0.015534, 537.225525]
1.74269e+09,[0.052857, -0.015479, 536.875366]
1.74269e+09,[0.026444, -0.015466, 538.391724]
1.74269e+09,[-0.052857, -0.015479, 539.770569]
1.74269e+09,[-0.079208, -0.015502, 541.478271]
1.74269e+09,[-0.105466, -0.015534, 545.139587]
1.74269e+09,[-0.131602, -0.015575, 549.589661]
1.74269e+09,[-0.183393, -0.015683, 553.598511]
1.74269e+09,[-0.183393, -0.015683, 553.598511]
1.74269e+09,[-0.241449, -0.015432, 551.381470]
1.74269e+09,[-0.267256, -0.015520, 552.939941]
1.74269e+09,[-0.275434, -0.015130, 541.895691]
1.74269e+09,[-0.301626, -0.015231, 543.681824]
1.74269e+09,[-0.310954, -0.014845, 530.341675]
1.74269e+09,[-0.348004, -0.014577, 519.124817]
1.74269e+09,[-0.370816, -0.013815, 495.782379]
1.74269e+09,[-0.383191, -0.013435, 482.748535]
1.74269e+09,[-0.410166, -0.012677, 469.267090]
1.74269e+09,[-0.424899, -0.012299, 456.320648]
1.74269e+09,[-0.457244, -0.011549, 436.790985]
1.74269e+09,[-0.494055, -0.010808, 421.233490]
1.74269e+09,[-0.536242, -0.010078, 398.408630]
1.74269e+09,[-0.559694, -0.009719, 382.097687]
1.74269e+09,[-0.641517, -0.008673, 357.397064]
1.74269e+09,[-0.707679, -0.008011, 335.531708]
1.74269e+09,[-0.785398, -0.007386, 314.278473]
1.74269e+09,[-0.829271, -0.007091, 298.844849]
1.74269e+09,[-0.885787, -0.006206, 272.878845]
1.74269e+09,[-0.942996, -0.005944, 257.957855]
1.74269e+09,[-1.005264, -0.005702, 236.794708]
1.74269e+09,[-0.960949, -0.005341, 223.890335]
1.74269e+09,[-1.031412, -0.005107, 207.144394]
1.74269e+09,[-1.064569, -0.004513, 185.901489]
1.74269e+09,[-1.249836, -0.004163, 162.753418]
1.74269e+09,[-1.326334, -0.003621, 147.157944]
1.74269e+09,[-1.570796, -0.003076, 126.551666]
1.74269e+09,[-1.712448, -0.003107, 116.169800]
1.74269e+09,[-1.951038, -0.002367, 92.067390]
1.74269e+09,[-2.158715, -0.001585, 63.126682]
1.74269e+09,[-3.141593, -0.000880, 46.904160]
1.74269e+09,[2.677989, -0.000983, 49.708004]
1.74269e+09,[2.034268, -0.001966, 79.126656]
1.74269e+09,[1.892196, -0.002779, 99.396339]
1.74269e+09,[1.570796, -0.003514, 132.247833]
1.74269e+09,[1.471486, -0.004412, 162.380951]
1.74269e+09,[1.406479, -0.005335, 196.015640]
1.74269e+09,[1.345281, -0.005845, 212.264206]
1.74269e+09,[1.251247, -0.006911, 244.355591]
1.74269e+09,[1.214681, -0.007458, 260.997009]
1.74269e+09,[1.203321, -0.008410, 291.532928]
1.74269e+09,[1.176184, -0.008961, 308.007385]
1.74269e+09,[1.152343, -0.009514, 328.013489]
1.74269e+09,[1.131264, -0.010069, 341.553619]
1.74269e+09,[1.056385, -0.010441, 358.402466]
1.74269e+09,[1.042202, -0.011004, 372.393005]
1.74269e+09,[0.976857, -0.011430, 388.562683]
1.74269e+09,[0.938565, -0.012223, 407.223846]
1.74269e+09,[0.883434, -0.012706, 425.450928]
1.74269e+09,[0.857444, -0.012959, 440.144196]
1.74269e+09,[0.808460, -0.013486, 450.096680]
1.74269e+09,[0.785398, -0.013759, 454.946014]
1.74269e+09,[0.741954, -0.014321, 476.108398]
1.74269e+09,[0.698693, -0.014361, 474.555481]
1.74269e+09,[0.637300, -0.014740, 487.383850]
1.74269e+09,[0.619579, -0.015056, 499.133057]
1.74269e+09,[0.539792, -0.015309, 496.863953]
1.74269e+09,[0.515675, -0.015126, 497.082947]
1.74269e+09,[0.452139, -0.015140, 501.257843]
1.74269e+09,[0.414448, -0.015352, 509.354858]
1.74269e+09,[0.352916, -0.015457, 522.928955]
1.74269e+09,[0.301626, -0.015231, 517.040894]
1.74269e+09,[0.215363, -0.015353, 514.752502]
1.74269e+09,[0.189022, -0.015283, 519.680847]
1.74269e+09,[0.105466, -0.015534, 522.589661]
1.74269e+09,[0.079208, -0.015502, 521.538391]
1.74269e+09,[0.026444, -0.015466, 520.598694]
1.74269e+09,[0.000000, -0.015461, 520.517639]
1.74269e+09,[-0.052857, -0.015479, 521.620361]
1.74269e+09,[-0.079208, -0.015502, 522.024780]
1.74269e+09,[-0.131602, -0.015575, 523.313782]
1.74269e+09,[-0.157587, -0.015624, 524.195740]
1.74269e+09,[-0.189022, -0.015283, 513.506409]
1.74269e+09,[-0.194954, -0.014883, 499.134796]
1.74269e+09,[-0.236619, -0.014158, 465.994019]
1.74269e+09,[-0.252907, -0.013358, 444.542755]
1.74269e+09,[-0.271274, -0.012556, 423.056213]
1.74269e+09,[-0.281367, -0.012154, 408.695129]
1.74269e+09,[-0.316086, -0.010951, 372.865631]
1.74269e+09,[-0.329417, -0.010551, 358.550293]
1.74269e+09,[-0.359359, -0.009753, 332.694580]
1.74269e+09,[-0.394612, -0.008961, 308.828094]
1.74269e+09,[-0.436653, -0.008179, 273.805267]
1.74269e+09,[-0.460823, -0.007793, 256.863708]
1.74269e+09,[-0.517056, -0.007033, 229.377014]
1.74269e+09,[-0.492102, -0.006450, 201.761383]
1.74269e+09,[-0.565533, -0.005702, 178.170074]
1.74269e+09,[-0.609847, -0.005341, 164.723770]
1.74269e+09,[-0.708391, -0.004043, 134.776169]
1.74269e+09,[-0.785398, -0.003722, 122.457527]
1.74269e+09,[-0.876256, -0.003428, 105.114708]
1.74269e+09,[-0.983132, -0.003166, 95.346024]
1.74269e+09,[-1.107544, -0.002946, 84.607872]
1.74269e+09,[-1.249397, -0.002779, 80.670174]
1.74269e+09,[-1.405855, -0.002673, 79.752678]
1.74269e+09,[-1.570796, -0.002637, 81.830605]
1.74269e+09,[-1.570796, -0.002637, 81.830605]
1.74269e+09,[-1.570796, -0.002637, 81.830605]
1.74269e+09,[-1.570796, -0.002637, 81.830605]
1.74269e+09,[-1.570796, -0.002637, 81.830605]
1.74269e+09,[-1.570796, -0.002637, 81.830605]
1.74269e+09,[-1.570796, -0.002637, 81.830605]
1.74269e+09,[-1.570796, -0.002198, 74.024521]
1.74269e+09,[-1.570796, -0.002198, 74.024521]
1.74269e+09,[-1.570796, -0.002198, 88.480537]
1.74269e+09,[-1.570796, -0.002198, 81.151588]
1.74269e+09,[-1.373569, -0.002241, 74.794876]
1.74269e+09,[-1.373569, -0.002241, 74.794876]
1.74269e+09,[-1.030635, -0.002562, 76.809433]
1.74269e+09,[-0.785398, -0.003104, 87.414856]
1.74269e+09,[-0.619834, -0.003774, 106.151054]
1.74269e+09,[-0.506228, -0.004513, 124.413864]
1.74269e+09,[-0.425302, -0.005292, 150.368607]
1.74269e+09,[-0.365405, -0.006095, 171.257706]
1.74269e+09,[-0.319550, -0.006911, 199.661499]
1.74269e+09,[-0.283429, -0.007736, 224.621994]
1.74269e+09,[-0.254287, -0.008566, 253.455307]
1.74269e+09,[-0.230299, -0.009398, 275.416626]
1.74269e+09,[-0.201349, -0.010646, 312.121460]
1.74269e+09,[-0.185545, -0.011476, 339.664185]
1.74269e+09,[-0.171870, -0.012304, 369.343903]
1.74269e+09,[-0.159917, -0.013128, 391.485596]
1.74269e+09,[-0.149374, -0.013949, 422.445587]
1.74269e+09,[-0.144553, -0.014357, 437.104156]
1.74269e+09,[-0.135688, -0.015170, 457.674713]
1.74269e+09,[-0.135688, -0.015170, 466.337006]
1.74269e+09,[-0.105466, -0.015534, 479.024780]
1.74269e+09,[-0.102344, -0.015939, 485.318024]
1.74269e+09,[-0.076856, -0.015908, 499.686066]
1.74269e+09,[-0.049790, -0.016292, 513.373413]
1.74269e+09,[-0.023517, -0.017087, 534.603882]
1.74269e+09,[-0.023517, -0.017087, 542.022522]
1.74269e+09,[0.000000, -0.017484, 556.376770]
1.74269e+09,[0.022251, -0.017886, 563.627747]
1.74269e+09,[0.044485, -0.017897, 564.590149]
1.74269e+09,[0.066685, -0.017914, 565.575073]
1.74269e+09,[0.132912, -0.018006, 568.089783]
1.74269e+09,[0.154809, -0.018051, 569.935791]
1.74269e+09,[0.176591, -0.018102, 573.510925]
1.74269e+09,[0.219751, -0.018223, 577.274841]
1.74269e+09,[0.241100, -0.018293, 580.304077]
1.74269e+09,[0.262279, -0.018370, 583.614868]
1.74269e+09,[0.304077, -0.018542, 584.376953]
1.74269e+09,[0.353877, -0.018378, 586.687195]
1.74269e+09,[0.384058, -0.018134, 578.861267]
1.74269e+09,[0.415194, -0.017906, 568.506287]
1.74269e+09,[0.468159, -0.017840, 558.302124]
1.74269e+09,[0.501103, -0.017658, 552.798828]
1.74269e+09,[0.548482, -0.017173, 542.377502]
1.74269e+09,[0.562674, -0.016851, 536.660217]
1.74269e+09,[0.614297, -0.016415, 517.700439]
1.74269e+09,[0.647299, -0.015800, 501.302551]
1.74269e+09,[0.682945, -0.015197, 485.207336]
1.74269e+09,[0.701842, -0.014901, 474.667023]
1.74269e+09,[0.763242, -0.014037, 449.121643]
1.74269e+09,[0.808460, -0.013486, 429.692535]
1.74269e+09,[0.883434, -0.012706, 396.538422]
1.74269e+09,[0.938565, -0.012223, 379.841461]
1.74269e+09,[1.029500, -0.011564, 347.599426]
1.74269e+09,[1.042202, -0.011004, 327.365540]
1.74269e+09,[1.131264, -0.010069, 300.493561]
1.74269e+09,[1.194557, -0.009356, 277.621826]
1.74269e+09,[1.221528, -0.008811, 247.842163]
1.74269e+09,[1.252220, -0.008271, 228.455536]
1.74269e+09,[1.327888, -0.007210, 198.867859]
1.74269e+09,[1.374923, -0.006695, 181.502167]
1.74269e+09,[1.419055, -0.005765, 150.015778]
1.74269e+09,[1.488088, -0.005282, 126.124634]
1.74269e+09,[1.471486, -0.004412, 95.911438]
1.74269e+09,[1.570796, -0.003953, 81.324577]
1.74269e+09,[1.570796, -0.003076, 65.741554]
1.74269e+09,[1.570796, -0.002198, 63.797451]
1.74269e+09,[1.570796, -0.001759, 71.115021]
1.74269e+09,[1.570796, -0.000880, 55.484875]
1.74269e+09,[1.570796, -0.000880, 70.871750]
1.74269e+09,[1.570796, -0.000440, 63.053677]
1.74269e+09,[-3.141593, -0.000000, 62.959999]
1.74269e+09,[-1.570796, -0.000440, 70.778931]
1.74269e+09,[-1.570796, -0.000880, 78.597008]
1.74269e+09,[-1.570796, -0.001319, 86.413361]
1.74269e+09,[-1.325947, -0.001813, 95.186638]
1.74269e+09,[-1.107324, -0.001966, 97.426468]
1.74269e+09,[-1.030635, -0.002562, 109.922195]
1.74269e+09,[-0.896216, -0.002812, 119.761688]
1.74269e+09,[-0.619834, -0.003774, 140.638290]
1.74269e+09,[-0.643009, -0.004383, 155.832886]
1.74269e+09,[-0.498036, -0.005484, 191.153015]
1.74269e+09,[-0.430551, -0.006260, 210.223526]
1.74269e+09,[-0.356115, -0.007458, 248.955734]
1.74269e+09,[-0.318576, -0.008271, 284.685822]
1.74269e+09,[-0.274366, -0.009499, 317.572479]
1.74269e+09,[-0.250752, -0.010321, 338.946167]
1.74269e+09,[-0.221633, -0.011555, 371.752533]
1.74269e+09,[-0.205443, -0.012376, 390.996002]
1.74269e+09,[-0.184814, -0.013601, 427.199585]
1.74269e+09,[-0.178738, -0.014008, 447.152161]
1.74269e+09,[-0.167586, -0.014819, 474.829742]
1.74269e+09,[-0.162454, -0.015222, 489.353882]
1.74269e+09,[-0.152963, -0.016025, 517.331177]
1.74269e+09,[-0.144376, -0.016822, 538.848999]
1.74269e+09,[-0.140379, -0.017219, 552.538574]
1.74269e+09,[-0.136562, -0.017613, 566.885681]
1.74269e+09,[-0.107989, -0.018362, 586.784668]
1.74269e+09,[-0.084232, -0.018725, 607.830688]
1.74269e+09,[-0.061599, -0.019094, 621.577209]
1.74269e+09,[-0.040047, -0.019470, 628.327820]
1.74269e+09,[-0.019528, -0.019850, 642.526245]
1.74269e+09,[0.000000, -0.020234, 650.233948]
1.74269e+09,[0.038084, -0.020244, 658.185913]
1.74269e+09,[0.055715, -0.020640, 665.224365]
1.74269e+09,[0.092742, -0.020679, 667.587769]
1.74269e+09,[0.111195, -0.020705, 669.100525]
1.74269e+09,[0.147938, -0.020773, 671.472168]
1.74269e+09,[0.184411, -0.020859, 674.307617]
1.74269e+09,[0.202526, -0.020909, 678.188232]
1.74269e+09,[0.238479, -0.021022, 681.888916]
1.74269e+09,[0.256303, -0.021086, 684.819885]
1.74269e+09,[0.291613, -0.021225, 682.734375]
1.74269e+09,[0.326434, -0.021382, 681.237976]
1.74269e+09,[0.343647, -0.021466, 676.333435]
1.74269e+09,[0.368935, -0.021219, 664.559998]
1.74269e+09,[0.394969, -0.020985, 657.234314]
1.74269e+09,[0.459483, -0.020234, 637.868652]
1.74269e+09,[0.488237, -0.020048, 622.598145]
1.74269e+09,[0.529505, -0.019568, 608.141541]
1.74269e+09,[0.572997, -0.019120, 594.296204]
1.74269e+09,[0.614202, -0.018222, 570.791748]
1.74269e+09,[0.647870, -0.018127, 563.536987]
1.74269e+09,[0.695296, -0.017274, 537.478516]
1.74269e+09,[0.729573, -0.016719, 522.299683]
1.74269e+09,[0.785398, -0.015913, 497.648102]
1.74269e+09,[0.805268, -0.015653, 488.029633]
1.74269e+09,[0.891608, -0.014662, 456.266022]
1.74269e+09,[0.939160, -0.014202, 433.439270]
1.74269e+09,[1.016294, -0.013565, 411.809052]
1.74269e+09,[1.071674, -0.013181, 400.823730]
1.74269e+09,[1.130209, -0.012835, 380.467163]
1.74269e+09,[1.145898, -0.012299, 360.667694]
1.74269e+09,[1.196985, -0.011613, 334.852722]
1.74269e+09,[1.218034, -0.011081, 315.323608]
1.74269e+09,[1.280280, -0.010428, 293.744171]
1.74269e+09,[1.308728, -0.009910, 274.692657]
1.74269e+09,[1.340497, -0.009398, 248.489807]
1.74269e+09,[1.376111, -0.008893, 230.047440]
1.74269e+09,[1.467282, -0.008344, 211.305847]
1.74269e+09,[1.512659, -0.007450, 179.323364]
1.74269e+09,[1.570796, -0.007004, 164.368530]
1.74269e+09,[1.641596, -0.006151, 141.569916]
1.74269e+09,[1.653504, -0.005282, 111.379356]
1.74269e+09,[1.661060, -0.004847, 97.222847]
1.74269e+09,[1.681132, -0.003977, 78.512497]
1.74269e+09,[1.694868, -0.003542, 74.017029]
1.74269e+09,[1.712448, -0.003107, 79.954681]
1.74269e+09,[1.768023, -0.002241, 64.567810]
1.74269e+09,[1.892459, -0.001390, 64.567810]
1.74269e+09,[2.034400, -0.000983, 72.716110]
1.74269e+09,[3.141593, -0.000440, 70.778931]
1.74269e+09,[-2.356194, -0.000622, 74.017029]
1.74269e+09,[-1.570796, -0.000880, 86.330574]
1.74269e+09,[-1.249133, -0.001390, 95.413506]
1.74269e+09,[-0.785398, -0.001865, 103.845261]
1.74269e+09,[-0.643378, -0.002197, 117.108978]
1.74269e+09,[-0.404362, -0.003344, 131.408447]
1.74269e+09,[-0.320960, -0.004163, 148.024918]
1.74269e+09,[-0.243816, -0.005422, 180.628418]
1.74269e+09,[-0.209690, -0.006270, 199.512436]
1.74269e+09,[-0.172916, -0.007546, 242.112701]
1.74269e+09,[-0.146786, -0.008823, 278.342377]
1.74269e+09,[-0.127253, -0.010095, 324.364807]
1.74269e+09,[-0.116751, -0.010940, 354.150787]
1.74269e+09,[-0.103715, -0.012199, 389.920166]
1.74269e+09,[-0.096420, -0.013033, 419.676178]
1.74269e+09,[-0.087069, -0.014274, 464.046051]
1.74269e+09,[-0.084302, -0.014685, 477.935120]
1.74269e+09,[-0.079208, -0.015502, 514.669128]
1.74269e+09,[-0.049790, -0.016292, 535.584106]
1.74269e+09,[-0.023517, -0.017087, 564.120056]
1.74269e+09,[-0.000000, -0.017484, 578.404419]
1.74269e+09,[0.021660, -0.018283, 599.978333]
1.74269e+09,[0.042172, -0.018687, 614.647461]
1.74269e+09,[0.082073, -0.019115, 631.011536]
1.74269e+09,[0.119769, -0.019560, 639.726562]
1.74269e+09,[0.155346, -0.020019, 649.912903]
1.74269e+09,[0.193564, -0.020114, 652.837219]
1.74269e+09,[0.212528, -0.020169, 655.185486]
1.74269e+09,[0.250122, -0.020295, 660.547119]
1.74269e+09,[0.268736, -0.020365, 663.552429]
1.74269e+09,[0.287218, -0.020440, 666.768127]
1.74269e+09,[0.305561, -0.020520, 670.189819]
1.74269e+09,[0.323758, -0.020604, 673.812500]
1.74269e+09,[0.341803, -0.020693, 677.631042]
1.74269e+09,[0.359689, -0.020786, 679.286438]
1.74269e+09,[0.394969, -0.020985, 685.179382]
1.74269e+09,[0.412352, -0.021091, 683.413879]
1.74269e+09,[0.466773, -0.020681, 675.704224]
1.74269e+09,[0.494963, -0.020498, 669.709717]
1.74269e+09,[0.553116, -0.020182, 656.132935]
1.74269e+09,[0.582987, -0.020049, 651.928711]
1.74269e+09,[0.626771, -0.019652, 634.212769]
1.74269e+09,[0.658030, -0.019564, 622.202271]
1.74269e+09,[0.702426, -0.018754, 602.228210]
1.74269e+09,[0.735527, -0.018713, 596.664368]
1.74269e+09,[0.785398, -0.017956, 569.256653]
1.74269e+09,[0.821012, -0.017467, 556.136597]
1.74269e+09,[0.878241, -0.016765, 531.069519]
1.74269e+09,[0.940313, -0.016106, 505.574432]
1.74269e+09,[1.007466, -0.015498, 487.436249]
1.74269e+09,[1.055122, -0.015126, 470.949677]
1.74269e+09,[1.105086, -0.014783, 451.669067]
1.74269e+09,[1.157309, -0.014472, 433.345367]
1.74269e+09,[1.199981, -0.013815, 409.410065]
1.74269e+09,[1.228697, -0.013686, 395.581055]
1.74269e+09,[1.277837, -0.013060, 366.344177]
1.74269e+09,[1.299523, -0.012556, 347.968719]
1.74269e+09,[1.349163, -0.011555, 322.474976]
1.74269e+09,[1.415634, -0.010993, 297.919586]
1.74269e+09,[1.489393, -0.010477, 282.651215]
1.74269e+09,[1.528186, -0.010027, 269.453674]
1.74269e+09,[1.570796, -0.009162, 249.973099]
1.74269e+09,[1.570796, -0.008732, 235.474945]
1.74269e+09,[1.570796, -0.007438, 204.090424]
1.74269e+09,[1.570796, -0.007004, 190.693237]
1.74269e+09,[1.570796, -0.006135, 165.360291]
1.74269e+09,[1.570796, -0.005700, 157.619247]
1.74269e+09,[1.570796, -0.004827, 138.200974]
1.74269e+09,[1.570796, -0.004390, 127.450935]
1.74269e+09,[1.570796, -0.003514, 110.005493]
1.74269e+09,[1.570796, -0.003076, 102.210556]
1.74269e+09,[1.570796, -0.002198, 86.603554]
1.74269e+09,[1.570796, -0.001319, 75.834602]
1.74269e+09,[1.570796, -0.000440, 64.103889]
1.74269e+09,[-1.570796, -0.000440, 68.753990]
1.74269e+09,[-1.570796, -0.000880, 87.504150]
1.74269e+09,[-1.570796, -0.001319, 101.369804]
1.74269e+09,[-1.570796, -0.002198, 116.993950]
1.74269e+09,[-1.570796, -0.002198, 123.319206]
1.74269e+09,[-1.570796, -0.002637, 137.666382]
1.74269e+09,[-1.429145, -0.003107, 156.411301]
1.74269e+09,[-1.212687, -0.003751, 165.190247]
1.74269e+09,[-1.153455, -0.004320, 171.636505]
1.74269e+09,[-0.983555, -0.004739, 178.139709]
1.74269e+09,[-0.960949, -0.005341, 188.853394]
1.74269e+09,[-0.838328, -0.005878, 200.890808]
1.74269e+09,[-0.785398, -0.006782, 228.911804]
1.74269e+09,[-0.744960, -0.007693, 251.429840]
1.74269e+09,[-0.707679, -0.008011, 264.985901]
1.74269e+09,[-0.641517, -0.008673, 291.846466]
1.74269e+09,[-0.584933, -0.009365, 313.890198]
1.74269e+09,[-0.536242, -0.010078, 342.692078]
1.74269e+09,[-0.494055, -0.010808, 361.349915]
1.74269e+09,[-0.440562, -0.011923, 398.966858]
1.74269e+09,[-0.424899, -0.012299, 411.772003]
1.74269e+09,[-0.396287, -0.013055, 444.006317]
1.74269e+09,[-0.383191, -0.013435, 457.133057]
1.74269e+09,[-0.359104, -0.014196, 483.547394]
1.74269e+09,[-0.348004, -0.014577, 496.815430]
1.74269e+09,[-0.327460, -0.015340, 526.231323]
1.74269e+09,[-0.317935, -0.015721, 539.450562]
1.74269e+09,[-0.300205, -0.016481, 561.110413]
1.74269e+09,[-0.268598, -0.016769, 572.911621]
1.74269e+09,[-0.238268, -0.017071, 581.107056]
1.74269e+09,[-0.209206, -0.017386, 590.425720]
1.74269e+09,[-0.176591, -0.018102, 608.826477]
1.74269e+09,[-0.150756, -0.018440, 620.756165]
1.74269e+09,[-0.126069, -0.018787, 633.053101]
1.74269e+09,[-0.102496, -0.019142, 637.964294]
1.74269e+09,[-0.060041, -0.019484, 650.683228]
1.74269e+09,[-0.039046, -0.019858, 663.916809]
1.74269e+09,[-0.019047, -0.020236, 677.731445]
1.74269e+09,[0.000000, -0.020234, 677.869568]
1.74269e+09,[0.037158, -0.020628, 693.142883]
1.74269e+09,[0.055715, -0.020640, 693.996460]
1.74269e+09,[0.090525, -0.021057, 704.012024]
1.74269e+09,[0.108543, -0.021083, 705.545227]
1.74269e+09,[0.162287, -0.021185, 709.862244]
1.74269e+09,[0.197785, -0.021276, 714.383728]
1.74269e+09,[0.232954, -0.021383, 717.907227]
1.74269e+09,[0.267743, -0.021508, 721.828003]
1.74269e+09,[0.284981, -0.021576, 724.848022]
1.74269e+09,[0.319114, -0.021725, 729.390198]
1.74269e+09,[0.352759, -0.021889, 734.298462]
1.74269e+09,[0.369388, -0.021977, 729.743713]
1.74269e+09,[0.427558, -0.021946, 727.705688]
1.74269e+09,[0.453515, -0.021742, 718.163391]
1.74269e+09,[0.518213, -0.021078, 700.163757]
1.74269e+09,[0.546434, -0.020925, 691.768677]
1.74269e+09,[0.587519, -0.020502, 676.291931]
1.74269e+09,[0.600236, -0.020218, 660.322449]
1.74269e+09,[0.658030, -0.019564, 641.856445]
1.74269e+09,[0.687208, -0.019022, 627.050903]
1.74269e+09,[0.718083, -0.018489, 607.406006]
1.74269e+09,[0.750773, -0.017966, 588.220459]
1.74269e+09,[0.803473, -0.017207, 565.137695]
1.74269e+09,[0.841223, -0.016719, 546.783203]
1.74269e+09,[0.881197, -0.016249, 529.147095]
1.74269e+09,[0.923497, -0.015800, 512.338379]
1.74269e+09,[0.991487, -0.015170, 482.912506]
1.74269e+09,[1.039917, -0.014784, 462.137573]
1.74269e+09,[1.090843, -0.014427, 445.744659]
1.74269e+09,[1.130448, -0.013735, 429.800934]
1.74269e+09,[1.144862, -0.013207, 407.025543]
1.74269e+09,[1.204830, -0.012914, 391.857422]
1.74269e+09,[1.210763, -0.012002, 362.891815]
1.74269e+09,[1.231645, -0.011476, 343.812164]
1.74269e+09,[1.254711, -0.010951, 317.545929]
1.74269e+09,[1.267371, -0.010023, 293.766235]
1.74269e+09,[1.238148, -0.009214, 264.979919]
1.74269e+09,[1.252220, -0.008271, 230.984573]
1.74269e+09,[1.214681, -0.007458, 209.391541]
1.74269e+09,[1.168031, -0.006656, 174.613663]
1.74269e+09,[1.072760, -0.005484, 141.673355]
1.74269e+09,[1.031412, -0.005107, 125.729805]
1.74269e+09,[0.927788, -0.004383, 109.183594]
1.74269e+09,[0.862405, -0.004043, 106.814156]
1.74269e+09,[0.785398, -0.003722, 116.165886]
1.74269e+09,[0.694540, -0.003428, 110.928375]
1.74269e+09,[0.404362, -0.003344, 115.737091]
1.74269e+09,[0.218072, -0.004048, 134.865341]
1.74269e+09,[0.090264, -0.004847, 159.714081]
1.74269e+09,[-0.082708, -0.005282, 174.132217]
1.74269e+09,[-0.209690, -0.006270, 202.245834]
1.74269e+09,[-0.258695, -0.006790, 228.672897]
1.74269e+09,[-0.336376, -0.007864, 258.239075]
1.74269e+09,[-0.318576, -0.008271, 265.475739]
1.74269e+09,[-0.332648, -0.009214, 290.829834]
1.74269e+09,[-0.317422, -0.009618, 313.397034]
1.74269e+09,[-0.290517, -0.010428, 337.996490]
1.74269e+09,[-0.267496, -0.011241, 363.366638]
1.74269e+09,[-0.247581, -0.012054, 395.254486]
1.74269e+09,[-0.230179, -0.012865, 425.883331]
1.74269e+09,[-0.214841, -0.013675, 448.689972]
1.74269e+09,[-0.201214, -0.014481, 472.471710]
1.74269e+09,[-0.189022, -0.015283, 506.493835]
1.74269e+09,[-0.178043, -0.016081, 524.727722]
1.74269e+09,[-0.168098, -0.016873, 548.102783]
1.74269e+09,[-0.163467, -0.017267, 560.283813]
1.74269e+09,[-0.110915, -0.017969, 585.325928]
1.74269e+09,[-0.086484, -0.018332, 597.607788]
1.74269e+09,[-0.061599, -0.019094, 616.339966]
1.74269e+09,[-0.020029, -0.019461, 629.334412]
1.74269e+09,[0.019528, -0.019850, 642.304688]
1.74269e+09,[0.039046, -0.019858, 642.374634]
1.74269e+09,[0.076091, -0.020275, 650.077271]
1.74269e+09,[0.095042, -0.020298, 651.369507]
1.74269e+09,[0.132792, -0.020359, 660.993225]
1.74269e+09,[0.170280, -0.020439, 664.377441]
1.74269e+09,[0.188904, -0.020487, 667.704712]
1.74269e+09,[0.207437, -0.020540, 670.073303]
1.74269e+09,[0.244198, -0.020659, 675.439575]
1.74269e+09,[0.262412, -0.020726, 678.429565]
1.74269e+09,[0.298469, -0.020873, 682.965576]
1.74269e+09,[0.316300, -0.020953, 686.427490]
1.74269e+09,[0.351539, -0.021126, 691.654907]
1.74269e+09,[0.368935, -0.021219, 695.562744]
1.74269e+09,[0.403260, -0.021417, 703.905212]
1.74269e+09,[0.420179, -0.021522, 702.423401]
1.74269e+09,[0.436932, -0.021630, 704.309387]
1.74269e+09,[0.480082, -0.021552, 700.464355]
1.74269e+09,[0.507229, -0.021377, 695.245605]
1.74269e+09,[0.546434, -0.020925, 685.456848]
1.74269e+09,[0.587519, -0.020502, 672.764465]
1.74269e+09,[0.617197, -0.020390, 665.627441]
1.74269e+09,[0.660989, -0.020027, 653.262512]
1.74269e+09,[0.706423, -0.019701, 637.854370]
1.74269e+09,[0.753359, -0.019416, 623.439026]
1.74269e+09,[0.785398, -0.018931, 610.270447]
1.74269e+09,[0.836602, -0.018226, 588.933899]
1.74269e+09,[0.872953, -0.017775, 572.505371]
1.74269e+09,[0.911160, -0.017341, 553.069885]
1.74269e+09,[0.951287, -0.016925, 538.563660]
1.74269e+09,[1.015173, -0.016343, 518.714722]
1.74269e+09,[1.060259, -0.015985, 506.910950]
1.74269e+09,[1.131602, -0.015499, 477.340820]
1.74269e+09,[1.156348, -0.015352, 462.173218]
1.74269e+09,[1.211692, -0.014196, 431.845184]
1.74269e+09,[1.239649, -0.014072, 414.570709]
1.74269e+09,[1.277837, -0.013060, 388.143982]
1.74269e+09,[1.289430, -0.012154, 364.425568]
1.74269e+09,[1.303300, -0.011241, 332.926849]
1.74269e+09,[1.292221, -0.010835, 318.059875]
1.74269e+09,[1.296431, -0.009499, 286.670959]
1.74269e+09,[1.329059, -0.008981, 262.160400]
1.74269e+09,[1.354520, -0.008051, 221.553009]
1.74269e+09,[1.327888, -0.007210, 198.867859]
1.74269e+09,[1.361106, -0.006270, 158.989075]
1.74269e+09,[1.419055, -0.005765, 142.337616]
1.74269e+09,[1.391696, -0.004905, 104.677025]
1.74269e+09,[1.460460, -0.003977, 81.750603]
1.74269e+09,[1.429145, -0.003107, 66.291779]
1.74269e+09,[1.373569, -0.002241, 57.329231]
1.74269e+09,[1.249133, -0.001390, 42.201305]
1.74269e+09,[1.107193, -0.000983, 34.962727]
1.74269e+09,[0.000000, -0.000440, 25.300297]
1.74269e+09,[-0.785398, -0.000622, 28.538397]
1.74269e+09,[-1.249133, -0.001390, 42.201305]
1.74269e+09,[-1.325947, -0.001813, 49.708004]
1.74269e+09,[-1.325947, -0.001813, 56.946579]
1.74269e+09,[-1.325947, -0.001813, 56.946579]
1.74269e+09,[-1.325947, -0.001813, 56.946579]
1.74269e+09,[-1.325947, -0.001813, 56.946579]
1.74269e+09,[-1.325947, -0.001813, 56.946579]
1.74269e+09,[-1.325947, -0.001813, 56.946579]
1.74269e+09,[-1.325947, -0.001813, 56.946579]
1.74269e+09,[-1.325947, -0.001813, 56.946579]
1.74269e+09,[-1.325947, -0.001813, 56.946579]
1.74269e+09,[-1.325947, -0.001813, 56.946579]
1.74269e+09,[-1.325947, -0.001813, 56.946579]
1.74269e+09,[-1.325947, -0.001813, 56.946579]
1.74269e+09,[-1.325947, -0.001813, 56.946579]
1.74269e+09,[-1.325947, -0.001813, 56.946579]
1.74269e+09,[-1.325947, -0.001813, 56.946579]
1.74269e+09,[-1.325947, -0.001813, 56.946579]
1.74269e+09,[-1.325947, -0.001813, 56.946579]
1.74269e+09,[-1.325947, -0.001813, 56.946579]
1.74269e+09,[-1.325947, -0.001813, 56.946579]
1.74269e+09,[-1.325947, -0.001813, 56.946579]
1.74269e+09,[-1.325947, -0.001813, 56.946579]
1.74269e+09,[-1.325947, -0.001813, 56.946579]
1.74269e+09,[-1.325947, -0.001813, 56.946579]
1.74269e+09,[-1.325947, -0.001813, 56.946579]
1.74269e+09,[-1.325947, -0.001813, 56.946579]
1.74269e+09,[-1.325947, -0.001813, 56.946579]
1.74269e+09,[-1.325947, -0.001813, 56.946579]
1.74269e+09,[-1.325947, -0.001813, 56.946579]
1.74269e+09,[-1.325947, -0.001813, 56.946579]
1.74269e+09,[-1.325947, -0.001813, 56.946579]
1.74269e+09,[-1.325947, -0.001813, 56.946579]
1.74269e+09,[-1.325947, -0.001813, 56.946579]
1.74269e+09,[-1.325947, -0.001813, 56.946579]
1.74269e+09,[-1.325947, -0.001813, 56.946579]
1.74269e+09,[-1.325947, -0.001813, 56.946579]
1.74269e+09,[-1.325947, -0.001813, 56.946579]
1.74269e+09,[-1.325947, -0.001813, 56.946579]
1.74269e+09,[-1.325947, -0.001813, 56.946579]
1.74269e+09,[-1.325947, -0.001813, 56.946579]
1.74269e+09,[-1.325947, -0.001813, 56.946579]
1.74269e+09,[-1.325947, -0.001813, 56.946579]
1.74269e+09,[-1.325947, -0.001813, 56.946579]
1.74269e+09,[-1.325947, -0.001813, 56.946579]
1.74269e+09,[-1.325947, -0.001813, 56.946579]
1.74269e+09,[-1.325947, -0.001813, 56.946579]
1.74269e+09,[-1.325947, -0.001813, 56.946579]
1.74269e+09,[-1.325947, -0.001813, 56.946579]
1.74269e+09,[-1.325947, -0.001813, 56.946579]
1.74269e+09,[-1.325947, -0.001813, 56.946579]
1.74269e+09,[-1.325947, -0.001813, 56.946579]
1.74269e+09,[-1.325947, -0.001813, 56.946579]
1.74269e+09,[-1.325947, -0.001813, 56.946579]
1.74269e+09,[-1.325947, -0.001813, 56.946579]
1.74269e+09,[-1.325947, -0.001813, 56.946579]
1.74269e+09,[-1.325947, -0.001813, 56.946579]
1.74269e+09,[-1.325947, -0.001813, 56.946579]
1.74269e+09,[-1.325947, -0.001813, 56.946579]
1.74269e+09,[-1.325947, -0.001813, 56.946579]
