Timestamp,Data
1.74261e+09,[-0.004722, -0.004048, 124.725769]
1.74261e+09,[-0.004722, -0.004048, 124.725769]
1.74261e+09,[-0.004722, -0.004048, 124.725769]
1.74261e+09,[-0.004722, -0.004048, 124.725769]
1.74261e+09,[-0.004722, -0.004048, 124.725769]
1.74261e+09,[-0.004722, -0.004048, 124.725769]
1.74261e+09,[-0.004722, -0.004048, 124.725769]
1.74261e+09,[-0.004722, -0.004048, 124.725769]
1.74261e+09,[-0.004722, -0.004048, 124.725769]
1.74261e+09,[-0.004722, -0.004048, 124.725769]
1.74261e+09,[-0.004722, -0.004048, 124.725769]
1.74261e+09,[-0.004722, -0.004048, 124.725769]
1.74261e+09,[-0.004722, -0.004048, 124.725769]
1.74261e+09,[-0.004722, -0.004048, 124.725769]
1.74261e+09,[-0.004722, -0.004048, 124.725769]
1.74261e+09,[-0.004722, -0.004048, 124.725769]
1.74261e+09,[-0.004722, -0.004048, 124.725769]
1.74261e+09,[-0.004722, -0.004048, 124.725769]
1.74261e+09,[-0.004722, -0.004048, 124.725769]
1.74261e+09,[-0.004722, -0.004048, 124.725769]
1.74261e+09,[-0.004722, -0.004048, 124.725769]
1.74261e+09,[-0.004722, -0.004048, 124.725769]
1.74261e+09,[-0.004722, -0.004048, 124.725769]
1.74261e+09,[-0.004722, -0.004048, 124.725769]
1.74261e+09,[-0.004722, -0.004048, 124.725769]
1.74261e+09,[-0.004722, -0.004048, 124.725769]
1.74261e+09,[-0.004722, -0.004048, 124.725769]
1.74261e+09,[-0.004722, -0.004048, 124.725769]
1.74261e+09,[-0.004722, -0.004048, 124.725769]
1.74261e+09,[-0.004722, -0.004048, 124.725769]
1.74261e+09,[-0.004722, -0.004048, 124.725769]
1.74261e+09,[-0.004722, -0.004048, 124.725769]
1.74261e+09,[-0.004722, -0.004048, 124.725769]
1.74261e+09,[-0.004722, -0.004048, 124.725769]
1.74261e+09,[-0.004722, -0.004048, 124.725769]
1.74261e+09,[-0.004722, -0.004048, 124.725769]
1.74261e+09,[-0.004722, -0.004048, 124.725769]
1.74261e+09,[-0.004722, -0.004048, 124.725769]
1.74261e+09,[-0.004722, -0.004048, 124.725769]
1.74261e+09,[-0.004722, -0.004048, 124.725769]
1.74261e+09,[-0.004722, -0.004163, 126.370674]
1.74261e+09,[-0.004722, -0.004163, 126.370674]
1.74261e+09,[-0.004722, -0.004163, 126.370674]
1.74261e+09,[-0.004722, -0.004163, 126.370674]
1.74261e+09,[-0.004320, -0.004320, 143.355209]
1.74261e+09,[-0.004320, -0.004320, 143.355209]
1.74261e+09,[-0.003924, -0.004163, 134.195450]
1.74261e+09,[-0.003924, -0.004163, 134.195450]
1.74261e+09,[-0.003924, -0.004163, 134.195450]
1.74261e+09,[-0.003924, -0.004163, 134.195450]
1.74261e+09,[-0.003539, -0.004163, 127.793373]
1.74261e+09,[-0.003539, -0.003751, 120.948479]
1.74261e+09,[-0.003539, -0.003344, 114.203743]
1.74261e+09,[-0.003539, -0.003539, 117.430161]
1.74261e+09,[-0.003539, -0.003344, 114.203743]
1.74261e+09,[-0.003166, -0.003539, 111.247711]
1.74261e+09,[-0.003166, -0.003774, 115.149963]
1.74261e+09,[-0.003166, -0.003774, 115.149963]
1.74261e+09,[-0.003166, -0.003539, 111.247711]
1.74261e+09,[-0.003166, -0.003539, 111.247711]
1.74261e+09,[-0.003166, -0.003344, 108.021294]
1.74261e+09,[-0.003166, -0.003344, 108.021294]
1.74261e+09,[-0.002812, -0.003539, 105.375504]
1.74261e+09,[-0.002812, -0.003539, 105.375504]
1.74261e+09,[-0.002812, -0.003539, 105.375504]
1.74261e+09,[-0.002812, -0.003539, 105.375504]
1.74261e+09,[-0.002812, -0.003344, 102.149094]
1.74261e+09,[-0.002812, -0.003344, 102.149094]
1.74261e+09,[-0.002812, -0.003344, 102.149094]
1.74261e+09,[-0.002812, -0.003344, 102.149094]
1.74261e+09,[-0.002812, -0.003539, 105.375504]
1.74261e+09,[-0.002812, -0.003539, 105.375504]
1.74261e+09,[-0.002812, -0.004338, 118.646469]
1.74261e+09,[-0.002812, -0.004043, 113.736435]
1.74261e+09,[-0.002812, -0.003774, 109.277756]
1.74261e+09,[-0.002812, -0.003166, 99.193062]
1.74261e+09,[-0.002812, -0.003166, 99.193062]
1.74261e+09,[-0.002812, -0.003166, 99.193062]
1.74261e+09,[-0.002812, -0.003166, 99.193062]
1.74261e+09,[-0.002812, -0.003166, 99.193062]
1.74261e+09,[-0.002812, -0.003166, 99.193062]
1.74261e+09,[-0.002812, -0.003166, 99.193062]
1.74261e+09,[-0.002812, -0.003166, 99.193062]
1.74261e+09,[-0.002812, -0.003166, 99.193062]
1.74261e+09,[-0.002812, -0.002812, 93.320854]
1.74261e+09,[-0.002812, -0.003104, 98.169426]
1.74261e+09,[-0.002812, -0.003104, 98.169426]
1.74261e+09,[-0.002485, -0.003104, 92.743340]
1.74261e+09,[-0.002485, -0.003104, 92.743340]
1.74261e+09,[-0.002485, -0.003104, 92.743340]
1.74261e+09,[-0.002485, -0.003104, 92.743340]
1.74261e+09,[-0.002485, -0.003104, 92.743340]
1.74261e+09,[-0.002485, -0.003104, 92.743340]
1.74261e+09,[-0.002485, -0.003428, 98.107063]
1.74261e+09,[-0.002485, -0.002812, 87.894760]
1.74261e+09,[-0.002485, -0.002812, 87.894760]
1.74261e+09,[-0.002485, -0.002812, 87.894760]
1.74261e+09,[-0.002485, -0.002812, 87.894760]
1.74261e+09,[-0.002485, -0.003104, 92.743340]
1.74261e+09,[-0.002485, -0.003104, 92.743340]
1.74261e+09,[-0.002485, -0.003104, 92.743340]
1.74261e+09,[-0.002485, -0.002812, 87.894760]
1.74261e+09,[-0.002485, -0.003428, 98.107063]
1.74261e+09,[-0.002485, -0.003104, 92.743340]
1.74261e+09,[-0.002812, -0.002812, 79.989304]
1.74261e+09,[-0.002812, -0.003428, 88.742699]
1.74261e+09,[-0.002812, -0.003428, 88.742699]
1.74261e+09,[-0.003166, -0.003774, 98.699966]
1.74261e+09,[-0.003166, -0.003774, 98.699966]
1.74261e+09,[-0.003539, -0.004137, 109.165840]
1.74261e+09,[-0.003539, -0.003924, 106.141914]
1.74261e+09,[-0.003924, -0.004320, 117.252640]
1.74261e+09,[-0.003924, -0.004899, 125.488976]
1.74261e+09,[-0.004320, -0.005107, 134.064178]
1.74261e+09,[-0.004722, -0.005292, 142.427612]
1.74261e+09,[-0.004722, -0.005292, 142.427612]
1.74261e+09,[-0.005130, -0.005541, 151.766632]
1.74261e+09,[-0.005130, -0.005541, 151.766632]
1.74261e+09,[-0.005130, -0.005956, 157.660156]
1.74261e+09,[-0.005541, -0.005956, 163.512115]
1.74261e+09,[-0.005956, -0.005956, 169.405640]
1.74261e+09,[-0.005956, -0.006372, 175.330276]
1.74261e+09,[-0.006372, -0.006790, 187.202576]
1.74261e+09,[-0.006372, -0.006911, 188.918716]
1.74261e+09,[-0.006790, -0.007323, 200.721207]
1.74261e+09,[-0.006790, -0.007323, 200.721207]
1.74261e+09,[-0.007210, -0.007736, 212.562775]
1.74261e+09,[-0.007210, -0.008150, 218.456696]
1.74261e+09,[-0.007630, -0.008051, 223.013611]
1.74261e+09,[-0.007630, -0.008566, 230.338257]
1.74261e+09,[-0.008051, -0.008566, 236.321350]
1.74261e+09,[-0.008051, -0.008981, 242.234863]
1.74261e+09,[-0.008472, -0.008893, 246.958099]
1.74261e+09,[-0.008472, -0.009398, 254.139587]
1.74261e+09,[-0.008893, -0.009903, 267.321960]
1.74261e+09,[-0.008893, -0.010069, 269.674530]
1.74261e+09,[-0.009314, -0.009398, 266.113190]
1.74261e+09,[-0.009314, -0.009910, 273.403656]
1.74261e+09,[-0.009314, -0.009672, 270.011414]
1.74261e+09,[-0.009734, -0.009672, 275.993286]
1.74261e+09,[-0.009734, -0.010095, 282.015289]
1.74261e+09,[-0.010154, -0.010095, 287.991272]
1.74261e+09,[-0.010154, -0.010095, 287.991272]
1.74261e+09,[-0.010574, -0.010574, 300.769836]
1.74261e+09,[-0.010574, -0.010518, 299.970428]
1.74261e+09,[-0.010993, -0.010940, 311.928009]
1.74261e+09,[-0.010993, -0.010940, 311.928009]
1.74261e+09,[-0.011411, -0.011360, 323.861450]
1.74261e+09,[-0.011411, -0.011780, 329.832184]
1.74261e+09,[-0.011829, -0.011780, 335.768341]
1.74261e+09,[-0.011829, -0.012199, 341.723663]
1.74261e+09,[-0.012245, -0.012616, 353.585449]
1.74261e+09,[-0.012660, -0.013033, 365.415466]
1.74261e+09,[-0.012660, -0.013448, 371.318939]
1.74261e+09,[-0.013075, -0.013448, 377.211761]
1.74261e+09,[-0.013075, -0.013862, 383.096222]
1.74261e+09,[-0.013488, -0.014274, 394.837128]
1.74261e+09,[-0.013900, -0.014274, 400.695770]
1.74261e+09,[-0.013900, -0.014274, 400.695770]
1.74261e+09,[-0.014311, -0.014685, 412.379974]
1.74261e+09,[-0.014720, -0.015094, 424.023315]
1.74261e+09,[-0.014720, -0.015071, 423.684601]
1.74261e+09,[-0.015128, -0.015479, 435.300720]
1.74261e+09,[-0.015534, -0.015479, 441.080048]
1.74261e+09,[-0.015939, -0.015887, 452.629517]
1.74261e+09,[-0.015939, -0.015887, 452.629517]
1.74261e+09,[-0.016342, -0.016292, 464.131989]
1.74261e+09,[-0.016744, -0.016313, 470.138123]
1.74261e+09,[-0.016744, -0.016716, 475.867767]
1.74261e+09,[-0.017143, -0.017117, 487.259125]
1.74261e+09,[-0.017143, -0.017117, 487.259125]
1.74261e+09,[-0.017542, -0.017516, 498.599640]
1.74261e+09,[-0.017542, -0.017914, 504.252075]
1.74261e+09,[-0.017542, -0.017914, 504.252075]
1.74261e+09,[-0.017938, -0.018309, 515.513306]
1.74261e+09,[-0.017938, -0.018309, 515.513306]
1.74261e+09,[-0.018332, -0.018703, 526.720276]
1.74261e+09,[-0.018332, -0.018703, 526.720276]
1.74261e+09,[-0.018725, -0.019080, 537.659790]
1.74261e+09,[-0.018725, -0.019470, 543.210083]
1.74261e+09,[-0.019115, -0.019470, 548.764343]
1.74261e+09,[-0.019115, -0.019858, 554.284607]
1.74261e+09,[-0.019504, -0.020257, 565.481750]
1.74261e+09,[-0.019890, -0.020257, 570.978088]
1.74261e+09,[-0.019890, -0.020257, 570.978088]
1.74261e+09,[-0.020275, -0.020640, 581.893433]
1.74261e+09,[-0.020275, -0.020640, 581.893433]
1.74261e+09,[-0.020275, -0.021021, 587.310669]
1.74261e+09,[-0.020657, -0.021021, 592.746521]
1.74261e+09,[-0.020657, -0.021399, 598.131531]
1.74261e+09,[-0.021037, -0.021388, 603.381287]
1.74261e+09,[-0.021037, -0.021765, 608.741882]
1.74261e+09,[-0.021415, -0.022140, 619.441467]
1.74261e+09,[-0.021415, -0.022140, 619.441467]
1.74261e+09,[-0.021790, -0.022512, 630.074158]
1.74261e+09,[-0.021790, -0.022512, 630.074158]
1.74261e+09,[-0.022163, -0.022882, 640.638733]
1.74261e+09,[-0.022163, -0.022882, 640.638733]
1.74261e+09,[-0.022534, -0.022882, 645.911987]
1.74261e+09,[-0.022534, -0.023249, 651.134094]
1.74261e+09,[-0.022902, -0.023249, 656.372925]
1.74261e+09,[-0.022902, -0.023249, 656.372925]
1.74261e+09,[-0.023268, -0.023249, 661.576721]
1.74261e+09,[-0.023268, -0.023249, 661.576721]
1.74261e+09,[-0.023632, -0.023249, 666.744934]
1.74261e+09,[-0.023992, -0.023249, 671.876892]
1.74261e+09,[-0.024351, -0.023614, 682.158081]
1.74261e+09,[-0.024351, -0.023614, 682.158081]
1.74261e+09,[-0.024706, -0.023614, 687.215942]
1.74261e+09,[-0.025059, -0.023614, 692.235718]
1.74261e+09,[-0.025059, -0.023614, 692.235718]
1.74261e+09,[-0.025410, -0.023614, 697.216980]
1.74261e+09,[-0.025410, -0.023614, 697.216980]
1.74261e+09,[-0.025757, -0.023614, 702.159180]
1.74261e+09,[-0.025757, -0.023614, 702.159180]
1.74261e+09,[-0.025757, -0.023614, 702.159180]
1.74261e+09,[-0.026102, -0.023614, 707.061646]
1.74261e+09,[-0.026102, -0.023614, 707.061646]
1.74261e+09,[-0.026102, -0.023614, 707.061646]
1.74261e+09,[-0.026102, -0.023614, 707.061646]
1.74261e+09,[-0.026102, -0.023621, 707.168884]
1.74261e+09,[-0.026102, -0.023621, 707.168884]
1.74261e+09,[-0.026102, -0.023621, 707.168884]
1.74261e+09,[-0.026102, -0.023621, 707.168884]
1.74261e+09,[-0.025757, -0.023632, 819.485596]
1.74261e+09,[-0.025757, -0.023632, 819.485596]
1.74261e+09,[-0.025410, -0.023621, 813.544800]
1.74261e+09,[-0.025059, -0.023621, 807.733337]
1.74261e+09,[-0.024706, -0.023257, 795.835266]
1.74261e+09,[-0.024351, -0.023257, 789.934448]
1.74261e+09,[-0.023992, -0.022882, 777.763916]
1.74261e+09,[-0.023992, -0.022512, 771.630127]
1.74261e+09,[-0.023632, -0.022150, 759.629211]
1.74261e+09,[-0.023268, -0.022150, 753.599670]
1.74261e+09,[-0.022902, -0.021776, 741.323547]
1.74261e+09,[-0.022902, -0.021776, 741.323547]
1.74261e+09,[-0.022534, -0.021399, 728.967529]
1.74261e+09,[-0.022534, -0.021009, 722.494202]
1.74261e+09,[-0.022163, -0.020628, 710.011414]
1.74261e+09,[-0.021790, -0.020628, 703.819946]
1.74261e+09,[-0.021415, -0.020628, 697.589661]
1.74261e+09,[-0.021415, -0.020257, 691.434021]
1.74261e+09,[-0.021037, -0.020257, 685.165894]
1.74261e+09,[-0.020657, -0.019871, 672.467285]
1.74261e+09,[-0.020275, -0.019484, 659.696777]
1.74261e+09,[-0.019890, -0.019484, 653.319275]
1.74261e+09,[-0.019504, -0.019094, 640.443420]
1.74261e+09,[-0.019504, -0.018703, 633.946106]
1.74261e+09,[-0.019115, -0.018309, 620.968994]
1.74261e+09,[-0.018725, -0.018309, 614.489075]
1.74261e+09,[-0.018332, -0.017914, 601.413635]
1.74261e+09,[-0.017938, -0.017516, 588.274780]
1.74261e+09,[-0.017542, -0.017117, 575.074219]
1.74261e+09,[-0.017143, -0.017117, 568.468994]
1.74261e+09,[-0.016744, -0.016716, 555.179077]
1.74261e+09,[-0.016744, -0.016313, 548.494507]
1.74261e+09,[-0.016342, -0.015908, 535.118591]
1.74261e+09,[-0.016342, -0.015908, 535.118591]
1.74261e+09,[-0.015939, -0.015908, 528.428284]
1.74261e+09,[-0.015939, -0.015502, 521.687683]
1.74261e+09,[-0.015534, -0.015094, 508.203583]
1.74261e+09,[-0.015534, -0.015094, 508.203583]
1.74261e+09,[-0.015128, -0.014685, 494.667969]
1.74261e+09,[-0.014720, -0.014274, 481.082764]
1.74261e+09,[-0.014311, -0.013862, 467.449829]
1.74261e+09,[-0.014311, -0.013834, 466.995911]
1.74261e+09,[-0.013488, -0.013448, 446.935974]
1.74261e+09,[-0.013488, -0.013448, 446.935974]
1.74261e+09,[-0.012660, -0.013033, 426.318054]
1.74261e+09,[-0.012660, -0.012616, 419.409424]
1.74261e+09,[-0.012245, -0.012616, 412.516327]
1.74261e+09,[-0.011829, -0.012199, 398.677612]
1.74261e+09,[-0.011411, -0.012199, 391.752106]
1.74261e+09,[-0.010993, -0.011745, 377.288940]
1.74261e+09,[-0.010574, -0.011324, 363.341766]
1.74261e+09,[-0.010154, -0.011324, 356.378815]
1.74261e+09,[-0.009734, -0.010901, 342.392914]
1.74261e+09,[-0.009734, -0.010477, 335.361053]
1.74261e+09,[-0.009314, -0.010095, 322.038971]
1.74261e+09,[-0.008893, -0.009672, 308.029724]
1.74261e+09,[-0.008472, -0.009200, 293.220245]
1.74261e+09,[-0.008051, -0.009200, 286.235596]
1.74261e+09,[-0.007630, -0.008773, 272.162415]
1.74261e+09,[-0.007210, -0.008773, 265.190643]
1.74261e+09,[-0.007210, -0.008773, 265.190643]
1.74261e+09,[-0.006790, -0.008344, 251.127090]
1.74261e+09,[-0.006372, -0.007916, 237.072113]
1.74261e+09,[-0.006372, -0.007916, 237.072113]
1.74261e+09,[-0.005956, -0.007486, 223.034576]
1.74261e+09,[-0.005541, -0.007486, 216.158798]
1.74261e+09,[-0.005130, -0.007056, 202.198395]
1.74261e+09,[-0.005130, -0.007056, 202.198395]
1.74261e+09,[-0.004722, -0.006626, 188.296753]
1.74261e+09,[-0.004722, -0.006626, 188.296753]
1.74261e+09,[-0.004320, -0.006196, 174.477859]
1.74261e+09,[-0.003924, -0.005765, 160.774246]
1.74261e+09,[-0.003539, -0.005765, 154.372192]
1.74261e+09,[-0.003539, -0.005335, 147.231552]
1.74261e+09,[-0.003166, -0.004905, 133.915237]
1.74261e+09,[-0.003166, -0.004905, 133.915237]
1.74261e+09,[-0.002812, -0.004476, 120.921455]
1.74261e+09,[-0.002812, -0.004048, 113.819664]
1.74261e+09,[-0.002485, -0.004048, 108.393578]
1.74261e+09,[-0.002485, -0.003621, 101.322258]
1.74261e+09,[-0.002197, -0.003621, 96.544914]
1.74261e+09,[-0.002197, -0.003198, 89.520004]
1.74261e+09,[-0.001966, -0.003198, 85.680229]
1.74261e+09,[-0.001966, -0.002779, 78.726700]
1.74261e+09,[-0.001813, -0.002779, 76.187683]
1.74261e+09,[-0.001759, -0.002367, 68.451828]
1.74261e+09,[-0.001759, -0.002367, 68.451828]
1.74261e+09,[-0.001759, -0.001966, 61.799885]
1.74261e+09,[-0.001813, -0.001966, 53.738918]
1.74261e+09,[-0.001966, -0.001966, 55.915218]
1.74261e+09,[-0.002367, -0.001585, 56.203003]
1.74261e+09,[-0.002367, -0.001585, 56.203003]
1.74261e+09,[-0.002562, -0.001244, 54.121197]
1.74261e+09,[-0.002562, -0.000983, 50.418915]
1.74261e+09,[-0.002562, -0.000983, 50.418915]
1.74261e+09,[-0.002812, -0.000983, 53.979744]
1.74261e+09,[-0.002812, -0.000880, 52.504257]
1.74261e+09,[-0.002812, -0.000880, 52.504257]
1.74261e+09,[-0.002812, -0.000880, 52.504257]
1.74261e+09,[-0.002812, -0.000880, 52.504257]
1.74261e+09,[-0.002812, -0.000880, 52.504257]
1.74261e+09,[-0.002812, -0.000880, 52.504257]
1.74261e+09,[-0.002812, -0.000880, 52.504257]
1.74261e+09,[-0.002812, -0.000880, 52.504257]
1.74261e+09,[-0.002812, -0.000983, 53.979744]
1.74261e+09,[-0.002812, -0.001244, 57.682026]
1.74261e+09,[-0.002562, -0.001585, 68.807152]
1.74261e+09,[-0.002367, -0.001966, 71.886353]
1.74261e+09,[-0.002241, -0.002367, 76.460487]
1.74261e+09,[-0.002198, -0.002779, 82.581833]
1.74261e+09,[-0.002241, -0.003621, 83.382240]
1.74261e+09,[-0.002367, -0.004048, 91.224327]
1.74261e+09,[-0.002812, -0.004476, 103.646965]
1.74261e+09,[-0.002812, -0.004476, 103.646965]
1.74261e+09,[-0.003104, -0.005335, 120.021851]
1.74261e+09,[-0.003428, -0.005282, 123.866455]
1.74261e+09,[-0.003774, -0.006151, 141.146622]
1.74261e+09,[-0.004513, -0.006584, 157.829803]
1.74261e+09,[-0.004899, -0.007017, 169.476089]
1.74261e+09,[-0.005292, -0.007450, 181.218750]
1.74261e+09,[-0.005691, -0.007881, 193.032745]
1.74261e+09,[-0.006095, -0.008312, 204.898911]
1.74261e+09,[-0.006502, -0.008773, 217.232788]
1.74261e+09,[-0.006911, -0.008773, 223.058075]
1.74261e+09,[-0.007323, -0.009200, 234.992508]
1.74261e+09,[-0.007736, -0.009627, 246.937790]
1.74261e+09,[-0.008150, -0.010053, 258.887085]
1.74261e+09,[-0.008566, -0.010053, 264.792816]
1.74261e+09,[-0.008981, -0.010477, 276.748138]
1.74261e+09,[-0.009398, -0.010901, 288.693298]
1.74261e+09,[-0.009814, -0.011324, 300.624451]
1.74261e+09,[-0.009814, -0.011324, 300.624451]
1.74261e+09,[-0.010646, -0.011745, 318.452576]
1.74261e+09,[-0.010646, -0.011745, 318.452576]
1.74261e+09,[-0.011476, -0.012166, 336.241486]
1.74261e+09,[-0.011476, -0.012166, 336.241486]
1.74261e+09,[-0.011890, -0.012585, 348.094696]
1.74261e+09,[-0.012304, -0.013003, 359.918701]
1.74261e+09,[-0.012717, -0.013419, 371.711304]
1.74261e+09,[-0.012717, -0.013419, 371.711304]
1.74261e+09,[-0.013128, -0.013834, 383.470520]
1.74261e+09,[-0.013539, -0.014248, 395.194336]
1.74261e+09,[-0.013949, -0.014232, 400.796844]
1.74261e+09,[-0.014357, -0.014645, 412.476593]
1.74261e+09,[-0.014764, -0.015056, 424.115814]
1.74261e+09,[-0.015170, -0.015056, 429.887878]
1.74261e+09,[-0.015575, -0.015466, 441.465027]
1.74261e+09,[-0.015575, -0.015874, 447.265900]
1.74261e+09,[-0.015978, -0.015874, 452.997375]
1.74261e+09,[-0.016379, -0.016280, 464.483429]
1.74261e+09,[-0.016379, -0.016280, 464.483429]
1.74261e+09,[-0.016779, -0.016684, 475.921692]
1.74261e+09,[-0.017177, -0.016684, 481.585632]
1.74261e+09,[-0.017177, -0.016684, 481.585632]
1.74261e+09,[-0.017574, -0.017087, 492.950439]
1.74261e+09,[-0.017574, -0.017487, 498.648956]
1.74261e+09,[-0.017969, -0.017487, 504.263733]
1.74261e+09,[-0.017969, -0.017886, 509.935120]
1.74261e+09,[-0.018362, -0.018283, 521.167786]
1.74261e+09,[-0.018753, -0.018283, 526.730225]
1.74261e+09,[-0.018753, -0.018687, 532.479004]
1.74261e+09,[-0.019142, -0.018687, 538.014221]
1.74261e+09,[-0.019529, -0.019080, 549.101318]
1.74261e+09,[-0.019529, -0.019080, 549.101318]
1.74261e+09,[-0.019914, -0.019470, 560.130249]
1.74261e+09,[-0.019914, -0.019470, 560.130249]
1.74261e+09,[-0.020298, -0.019858, 571.099670]
1.74261e+09,[-0.020298, -0.020236, 576.479919]
1.74261e+09,[-0.020679, -0.020236, 581.899109]
1.74261e+09,[-0.020679, -0.020620, 587.362915]
1.74261e+09,[-0.021057, -0.020620, 592.751343]
1.74261e+09,[-0.021057, -0.021002, 598.182983]
1.74261e+09,[-0.021434, -0.021382, 608.939087]
1.74261e+09,[-0.021434, -0.021759, 614.304749]
1.74261e+09,[-0.021809, -0.021759, 619.629639]
1.74261e+09,[-0.021809, -0.022134, 624.961426]
1.74261e+09,[-0.021809, -0.022507, 630.258789]
1.74261e+09,[-0.022181, -0.022507, 635.551025]
1.74261e+09,[-0.022181, -0.022877, 640.813293]
1.74261e+09,[-0.022181, -0.022877, 640.813293]
1.74261e+09,[-0.022550, -0.023244, 651.298767]
1.74261e+09,[-0.022550, -0.023244, 651.298767]
1.74261e+09,[-0.022550, -0.023244, 651.298767]
1.74261e+09,[-0.022918, -0.023244, 656.523560]
1.74261e+09,[-0.022918, -0.023609, 661.714050]
1.74261e+09,[-0.023283, -0.023609, 666.904114]
1.74261e+09,[-0.023645, -0.023609, 672.059082]
1.74261e+09,[-0.024005, -0.023609, 677.178101]
1.74261e+09,[-0.024005, -0.023609, 677.178101]
1.74261e+09,[-0.024362, -0.023609, 682.260681]
1.74261e+09,[-0.024717, -0.023609, 687.306152]
1.74261e+09,[-0.024717, -0.023609, 687.306152]
1.74261e+09,[-0.025069, -0.023609, 692.313965]
1.74261e+09,[-0.025069, -0.023609, 692.313965]
1.74261e+09,[-0.025419, -0.023609, 697.283508]
1.74261e+09,[-0.025419, -0.023609, 697.283508]
1.74261e+09,[-0.025765, -0.023609, 702.214172]
1.74261e+09,[-0.025765, -0.023609, 702.214172]
1.74261e+09,[-0.025765, -0.023609, 702.214172]
1.74261e+09,[-0.025765, -0.023609, 702.214172]
1.74261e+09,[-0.025765, -0.023609, 702.214172]
1.74261e+09,[-0.025765, -0.023609, 702.214172]
1.74261e+09,[-0.025765, -0.023609, 702.214172]
1.74261e+09,[-0.025765, -0.023609, 702.214172]
1.74261e+09,[-0.025765, -0.023609, 702.214172]
1.74261e+09,[-0.025419, -0.023614, 813.572449]
1.74261e+09,[-0.025069, -0.023614, 807.774658]
1.74261e+09,[-0.024717, -0.023614, 801.932190]
1.74261e+09,[-0.024362, -0.022882, 783.903137]
1.74261e+09,[-0.024005, -0.022512, 771.839600]
1.74261e+09,[-0.023283, -0.022507, 759.762268]
1.74261e+09,[-0.023283, -0.022134, 753.582031]
1.74261e+09,[-0.022918, -0.022134, 747.526917]
1.74261e+09,[-0.022550, -0.021759, 735.210815]
1.74261e+09,[-0.021809, -0.021382, 716.641296]
1.74261e+09,[-0.021809, -0.021382, 716.641296]
1.74261e+09,[-0.021057, -0.021002, 697.880188]
1.74261e+09,[-0.021057, -0.020620, 691.543274]
1.74261e+09,[-0.020679, -0.020620, 685.256775]
1.74261e+09,[-0.020298, -0.020236, 672.559937]
1.74261e+09,[-0.019914, -0.020236, 666.202454]
1.74261e+09,[-0.019529, -0.019850, 653.399597]
1.74261e+09,[-0.019142, -0.019461, 640.527161]
1.74261e+09,[-0.018753, -0.019461, 634.069336]
1.74261e+09,[-0.018362, -0.018678, 614.580017]
1.74261e+09,[-0.017969, -0.018678, 608.059509]
1.74261e+09,[-0.017574, -0.018283, 594.958008]
1.74261e+09,[-0.017177, -0.018283, 588.378357]
1.74261e+09,[-0.016779, -0.017886, 575.186218]
1.74261e+09,[-0.016379, -0.017487, 561.934448]
1.74261e+09,[-0.015978, -0.017087, 548.624817]
1.74261e+09,[-0.015575, -0.017087, 541.938049]
1.74261e+09,[-0.014764, -0.016684, 521.813721]
1.74261e+09,[-0.014357, -0.016280, 508.348022]
1.74261e+09,[-0.013949, -0.015874, 494.832031]
1.74261e+09,[-0.013539, -0.015874, 488.035278]
1.74261e+09,[-0.013128, -0.015466, 474.452393]
1.74261e+09,[-0.012717, -0.015056, 460.824554]
1.74261e+09,[-0.012304, -0.014645, 447.153839]
1.74261e+09,[-0.011890, -0.014232, 433.442657]
1.74261e+09,[-0.011476, -0.013818, 419.693329]
1.74261e+09,[-0.011061, -0.013402, 405.908447]
1.74261e+09,[-0.010646, -0.012985, 392.090759]
1.74261e+09,[-0.010230, -0.012566, 378.243225]
1.74261e+09,[-0.009814, -0.011725, 357.377228]
1.74261e+09,[-0.009398, -0.011725, 350.471497]
1.74261e+09,[-0.008981, -0.010878, 329.521881]
1.74261e+09,[-0.008981, -0.010878, 329.521881]
1.74261e+09,[-0.008566, -0.010453, 315.570648]
1.74261e+09,[-0.008150, -0.010453, 308.680603]
1.74261e+09,[-0.007736, -0.010027, 294.733765]
1.74261e+09,[-0.007323, -0.009600, 280.788727]
1.74261e+09,[-0.007323, -0.009172, 273.683777]
1.74261e+09,[-0.006911, -0.008742, 259.732269]
1.74261e+09,[-0.006502, -0.008312, 245.800278]
1.74261e+09,[-0.006502, -0.008312, 245.800278]
1.74261e+09,[-0.006095, -0.007881, 231.898849]
1.74261e+09,[-0.005691, -0.007450, 218.041916]
1.74261e+09,[-0.005292, -0.007017, 204.246872]
1.74261e+09,[-0.004899, -0.006584, 190.536118]
1.74261e+09,[-0.004513, -0.006151, 176.939011]
1.74261e+09,[-0.004137, -0.005716, 163.494522]
1.74261e+09,[-0.004137, -0.005282, 156.283188]
1.74261e+09,[-0.003774, -0.004847, 143.038757]
1.74261e+09,[-0.003428, -0.004412, 130.074127]
1.74261e+09,[-0.003428, -0.003977, 122.853386]
1.74261e+09,[-0.002812, -0.003542, 105.423096]
1.74261e+09,[-0.002812, -0.003542, 105.423096]
1.74261e+09,[-0.002562, -0.003107, 94.058548]
1.74261e+09,[-0.002367, -0.003107, 90.821571]
1.74261e+09,[-0.002241, -0.002673, 81.548988]
1.74261e+09,[-0.002241, -0.002673, 81.548988]
1.74261e+09,[-0.002198, -0.002241, 73.663689]
1.74261e+09,[-0.002198, -0.002241, 73.663689]
1.74261e+09,[-0.002241, -0.001813, 57.659607]
1.74261e+09,[-0.002241, -0.001813, 57.659607]
1.74261e+09,[-0.002367, -0.001390, 53.435219]
1.74261e+09,[-0.002562, -0.001390, 56.209778]
1.74261e+09,[-0.002562, -0.000983, 50.418915]
1.74261e+09,[-0.002812, -0.000983, 53.979744]
1.74261e+09,[-0.002812, -0.000622, 48.840279]
1.74261e+09,[-0.003104, -0.000622, 52.996201]
1.74261e+09,[-0.003104, -0.000622, 52.996201]
1.74261e+09,[-0.003104, -0.000622, 52.996201]
1.74261e+09,[-0.003428, -0.000622, 57.593678]
1.74261e+09,[-0.003428, -0.000622, 57.593678]
1.74261e+09,[-0.003428, -0.000622, 57.593678]
1.74261e+09,[-0.003428, -0.000622, 57.593678]
1.74261e+09,[-0.003428, -0.000880, 61.257656]
1.74261e+09,[-0.003428, -0.000880, 61.257656]
1.74261e+09,[-0.003428, -0.000440, 55.003197]
1.74261e+09,[-0.003428, -0.000440, 55.003197]
1.74261e+09,[-0.003428, -0.000440, 55.003197]
1.74261e+09,[-0.002812, -0.000440, 53.958096]
1.74261e+09,[-0.002562, -0.000440, 49.803799]
1.74261e+09,[-0.002367, -0.000622, 49.589043]
1.74261e+09,[-0.002198, -0.001390, 59.544289]
1.74261e+09,[-0.002367, -0.001813, 59.440582]
1.74261e+09,[-0.002812, -0.002673, 78.015488]
1.74261e+09,[-0.003428, -0.003107, 92.935844]
1.74261e+09,[-0.004137, -0.003977, 115.393478]
1.74261e+09,[-0.004899, -0.004412, 132.418320]
1.74261e+09,[-0.005691, -0.005282, 156.059631]
1.74261e+09,[-0.006372, -0.005716, 171.926987]
1.74261e+09,[-0.007210, -0.006584, 196.181854]
1.74261e+09,[-0.008051, -0.007450, 220.450180]
1.74261e+09,[-0.008893, -0.008312, 244.692856]
1.74261e+09,[-0.009734, -0.008742, 262.777130]
1.74261e+09,[-0.010993, -0.009600, 292.873871]
1.74261e+09,[-0.011411, -0.010027, 304.897675]
1.74261e+09,[-0.012660, -0.010453, 328.725555]
1.74261e+09,[-0.013075, -0.010878, 340.663055]
1.74261e+09,[-0.013900, -0.011718, 364.337830]
1.74261e+09,[-0.014311, -0.012139, 376.175629]
1.74261e+09,[-0.014720, -0.012979, 393.934143]
1.74261e+09,[-0.015128, -0.013396, 405.673462]
1.74261e+09,[-0.015534, -0.014227, 423.267212]
1.74261e+09,[-0.015939, -0.014640, 434.898773]
1.74261e+09,[-0.016342, -0.015051, 446.484772]
1.74261e+09,[-0.016744, -0.015461, 458.023773]
1.74261e+09,[-0.017143, -0.016276, 475.293427]
1.74261e+09,[-0.017542, -0.016276, 480.955139]
1.74261e+09,[-0.018332, -0.017083, 503.681824]
1.74261e+09,[-0.018725, -0.017083, 509.264008]
1.74261e+09,[-0.019115, -0.017883, 526.193115]
1.74261e+09,[-0.019504, -0.017883, 531.718811]
1.74261e+09,[-0.019890, -0.018280, 542.861023]
1.74261e+09,[-0.020275, -0.018675, 553.944946]
1.74261e+09,[-0.020657, -0.019068, 564.968994]
1.74261e+09,[-0.020657, -0.019458, 570.527527]
1.74261e+09,[-0.021415, -0.019847, 586.833008]
1.74261e+09,[-0.021415, -0.020234, 592.330200]
1.74261e+09,[-0.021790, -0.020618, 603.136047]
1.74261e+09,[-0.022163, -0.020618, 608.443054]
1.74261e+09,[-0.022534, -0.021000, 619.149719]
1.74261e+09,[-0.022902, -0.021380, 629.789368]
1.74261e+09,[-0.023268, -0.021380, 634.993164]
1.74261e+09,[-0.023268, -0.021757, 640.360596]
1.74261e+09,[-0.023632, -0.022132, 650.862305]
1.74261e+09,[-0.023992, -0.022132, 655.994202]
1.74261e+09,[-0.024351, -0.022875, 671.652222]
1.74261e+09,[-0.024706, -0.022875, 676.710022]
1.74261e+09,[-0.025059, -0.022875, 681.729858]
1.74261e+09,[-0.025059, -0.023242, 686.958008]
1.74261e+09,[-0.025410, -0.023242, 691.939331]
1.74261e+09,[-0.025410, -0.023242, 691.939331]
1.74261e+09,[-0.025757, -0.023242, 696.881531]
1.74261e+09,[-0.025757, -0.023608, 702.073425]
1.74261e+09,[-0.026102, -0.023608, 706.975952]
1.74261e+09,[-0.026102, -0.023608, 706.975952]
1.74261e+09,[-0.026102, -0.023608, 706.975952]
1.74261e+09,[-0.026102, -0.023608, 706.975952]
1.74261e+09,[-0.026102, -0.023608, 706.975952]
1.74261e+09,[-0.026102, -0.023970, 712.131042]
1.74261e+09,[-0.026102, -0.023970, 712.131042]
1.74261e+09,[-0.026102, -0.023970, 712.131042]
1.74261e+09,[-0.026102, -0.023970, 712.131042]
1.74261e+09,[-0.026102, -0.023970, 712.131042]
1.74261e+09,[-0.026102, -0.023970, 712.131042]
1.74261e+09,[-0.025757, -0.023970, 825.099915]
1.74261e+09,[-0.025410, -0.023608, 813.319763]
1.74261e+09,[-0.025059, -0.023242, 801.450989]
1.74261e+09,[-0.024706, -0.022875, 789.495056]
1.74261e+09,[-0.024351, -0.022505, 777.453064]
1.74261e+09,[-0.023632, -0.022132, 759.339355]
1.74261e+09,[-0.023632, -0.022132, 759.339355]
1.74261e+09,[-0.022902, -0.021380, 734.754272]
1.74261e+09,[-0.022902, -0.021380, 734.754272]
1.74261e+09,[-0.022534, -0.020618, 716.002319]
1.74261e+09,[-0.022163, -0.020618, 709.850220]
1.74261e+09,[-0.021790, -0.019847, 690.868713]
1.74261e+09,[-0.021037, -0.019461, 671.967896]
1.74261e+09,[-0.020657, -0.019071, 659.179993]
1.74261e+09,[-0.020275, -0.018678, 646.320984]
1.74261e+09,[-0.019890, -0.018283, 633.392395]
1.74261e+09,[-0.019504, -0.017886, 620.395691]
1.74261e+09,[-0.018725, -0.017487, 600.852478]
1.74261e+09,[-0.018725, -0.017087, 594.204163]
1.74261e+09,[-0.017938, -0.016680, 574.402161]
1.74261e+09,[-0.017938, -0.016680, 574.402161]
1.74261e+09,[-0.017143, -0.015869, 547.766724]
1.74261e+09,[-0.016744, -0.015869, 541.132202]
1.74261e+09,[-0.016342, -0.015461, 527.698181]
1.74261e+09,[-0.015939, -0.015051, 514.208557]
1.74261e+09,[-0.015128, -0.014640, 493.922516]
1.74261e+09,[-0.014720, -0.014232, 480.388916]
1.74261e+09,[-0.014311, -0.013818, 466.723022]
1.74261e+09,[-0.013900, -0.013402, 453.009583]
1.74261e+09,[-0.013075, -0.012566, 425.447388]
1.74261e+09,[-0.012660, -0.012146, 411.602478]
1.74261e+09,[-0.012245, -0.011725, 397.717651]
1.74261e+09,[-0.011829, -0.011302, 383.795013]
1.74261e+09,[-0.011411, -0.010878, 369.836700]
1.74261e+09,[-0.010993, -0.010453, 355.845001]
1.74261e+09,[-0.010574, -0.010027, 341.822296]
1.74261e+09,[-0.010095, -0.010018, 333.735016]
1.74261e+09,[-0.009672, -0.009591, 319.613220]
1.74261e+09,[-0.009672, -0.009162, 312.499634]
1.74261e+09,[-0.009248, -0.008732, 298.332306]
1.74261e+09,[-0.008823, -0.008732, 291.285461]
1.74261e+09,[-0.008823, -0.008302, 284.139343]
1.74261e+09,[-0.008398, -0.007870, 269.923370]
1.74261e+09,[-0.007972, -0.007438, 255.687195]
1.74261e+09,[-0.007972, -0.007438, 255.687195]
1.74261e+09,[-0.007546, -0.007004, 241.434067]
1.74261e+09,[-0.007121, -0.006570, 227.167496]
1.74261e+09,[-0.006695, -0.006570, 220.105301]
1.74261e+09,[-0.006695, -0.006135, 212.891510]
1.74261e+09,[-0.006270, -0.005700, 198.610855]
1.74261e+09,[-0.006270, -0.005700, 198.610855]
1.74261e+09,[-0.005845, -0.005264, 184.331161]
1.74261e+09,[-0.005422, -0.004827, 170.059357]
1.74261e+09,[-0.005000, -0.004390, 155.804108]
1.74261e+09,[-0.004580, -0.004390, 148.838455]
1.74261e+09,[-0.004163, -0.003977, 135.058975]
1.74261e+09,[-0.004163, -0.003542, 127.840973]
1.74261e+09,[-0.003751, -0.003514, 120.547546]
1.74261e+09,[-0.003751, -0.003076, 113.272278]
1.74261e+09,[-0.003344, -0.002637, 99.246681]
1.74261e+09,[-0.003344, -0.002637, 99.246681]
1.74261e+09,[-0.002946, -0.002198, 85.361504]
1.74261e+09,[-0.002946, -0.002198, 85.361504]
1.74261e+09,[-0.002562, -0.002198, 78.978470]
1.74261e+09,[-0.002562, -0.001759, 71.688805]
1.74261e+09,[-0.002562, -0.001759, 71.688805]
1.74261e+09,[-0.002562, -0.001759, 71.688805]
1.74261e+09,[-0.002562, -0.001759, 71.688805]
1.74261e+09,[-0.002562, -0.001759, 71.688805]
1.74261e+09,[-0.002562, -0.001813, 72.584328]
1.74261e+09,[-0.002562, -0.001813, 72.584328]
1.74261e+09,[-0.002562, -0.001966, 75.123337]
1.74261e+09,[-0.002562, -0.001966, 75.123337]
1.74261e+09,[-0.002562, -0.001813, 72.584328]
1.74261e+09,[-0.002562, -0.001813, 72.584328]
1.74261e+09,[-0.002562, -0.001813, 72.584328]
1.74261e+09,[-0.002562, -0.001813, 72.584328]
1.74261e+09,[-0.002946, -0.002241, 73.783287]
1.74261e+09,[-0.003344, -0.002673, 85.582542]
1.74261e+09,[-0.003751, -0.003107, 97.530701]
1.74261e+09,[-0.004163, -0.003977, 115.764832]
1.74261e+09,[-0.005000, -0.004412, 133.852112]
1.74261e+09,[-0.005422, -0.004847, 146.042038]
1.74261e+09,[-0.005845, -0.005282, 158.250809]
1.74261e+09,[-0.006270, -0.005716, 170.469971]
1.74261e+09,[-0.006695, -0.006151, 182.692795]
1.74261e+09,[-0.007121, -0.006584, 194.913895]
1.74261e+09,[-0.007546, -0.007017, 207.128799]
1.74261e+09,[-0.007972, -0.007450, 219.333664]
1.74261e+09,[-0.008823, -0.008312, 243.700668]
1.74261e+09,[-0.009248, -0.008742, 255.857208]
1.74261e+09,[-0.010095, -0.009600, 280.104584]
1.74261e+09,[-0.010518, -0.010027, 292.191101]
1.74261e+09,[-0.011360, -0.010453, 310.235443]
1.74261e+09,[-0.011360, -0.010878, 316.280151]
1.74261e+09,[-0.012199, -0.011725, 340.245209]
1.74261e+09,[-0.012616, -0.012146, 352.177032]
1.74261e+09,[-0.013448, -0.012566, 369.976440]
1.74261e+09,[-0.013862, -0.012985, 381.815857]
1.74261e+09,[-0.014685, -0.013818, 405.373749]
1.74261e+09,[-0.015094, -0.014232, 417.089264]
1.74261e+09,[-0.015908, -0.014645, 434.538269]
1.74261e+09,[-0.015908, -0.014645, 434.538269]
1.74261e+09,[-0.016716, -0.015466, 457.694977]
1.74261e+09,[-0.017117, -0.015466, 463.399567]
1.74261e+09,[-0.017516, -0.015874, 474.879333]
1.74261e+09,[-0.017914, -0.016280, 486.308014]
1.74261e+09,[-0.018309, -0.016684, 497.684387]
1.74261e+09,[-0.018309, -0.017087, 503.409515]
1.74261e+09,[-0.018703, -0.017487, 514.705566]
1.74261e+09,[-0.019094, -0.017886, 525.946106]
1.74261e+09,[-0.019484, -0.018283, 537.129700]
1.74261e+09,[-0.019871, -0.018678, 548.255188]
1.74261e+09,[-0.020257, -0.019071, 559.321228]
1.74261e+09,[-0.020257, -0.019461, 564.877625]
1.74261e+09,[-0.020640, -0.019850, 575.852661]
1.74261e+09,[-0.021021, -0.020236, 586.765137]
1.74261e+09,[-0.021399, -0.020236, 592.150146]
1.74261e+09,[-0.021399, -0.020620, 597.613892]
1.74261e+09,[-0.021776, -0.021002, 608.397644]
1.74261e+09,[-0.022150, -0.021002, 613.716248]
1.74261e+09,[-0.022521, -0.021382, 624.399658]
1.74261e+09,[-0.022890, -0.021382, 629.649414]
1.74261e+09,[-0.023257, -0.021759, 640.229614]
1.74261e+09,[-0.023257, -0.021759, 640.229614]
1.74261e+09,[-0.023621, -0.022134, 650.739990]
1.74261e+09,[-0.023983, -0.022134, 655.882080]
1.74261e+09,[-0.024698, -0.022507, 671.351868]
1.74261e+09,[-0.025051, -0.022507, 676.381042]
1.74261e+09,[-0.025051, -0.022877, 681.643311]
1.74261e+09,[-0.025402, -0.022877, 686.633789]
1.74261e+09,[-0.025751, -0.022877, 691.584839]
1.74261e+09,[-0.025751, -0.023244, 696.811462]
1.74261e+09,[-0.025751, -0.023244, 696.811462]
1.74261e+09,[-0.025751, -0.023244, 696.811462]
1.74261e+09,[-0.026096, -0.023244, 701.722717]
1.74261e+09,[-0.026096, -0.023609, 706.913208]
1.74261e+09,[-0.026096, -0.023609, 706.913208]
1.74261e+09,[-0.026096, -0.023609, 706.913208]
1.74261e+09,[-0.026096, -0.023609, 706.913208]
1.74261e+09,[-0.026096, -0.023609, 706.913208]
1.74261e+09,[-0.026096, -0.023609, 706.913208]
1.74261e+09,[-0.026096, -0.023971, 712.066895]
1.74261e+09,[-0.026096, -0.023971, 712.066895]
1.74261e+09,[-0.026096, -0.023971, 712.066895]
1.74261e+09,[-0.026096, -0.024331, 717.183105]
1.74261e+09,[-0.026096, -0.024331, 717.183105]
1.74261e+09,[-0.026096, -0.024331, 717.183105]
1.74261e+09,[-0.026096, -0.024688, 722.261536]
1.74261e+09,[-0.026096, -0.024688, 722.261536]
1.74261e+09,[-0.026096, -0.024688, 722.261536]
1.74261e+09,[-0.026096, -0.024688, 722.261536]
1.74261e+09,[-0.026096, -0.024688, 722.261536]
1.74261e+09,[-0.026096, -0.024688, 722.261536]
1.74261e+09,[-0.026096, -0.025043, 727.301514]
1.74261e+09,[-0.026096, -0.025043, 727.301514]
1.74261e+09,[-0.026096, -0.025043, 727.301514]
1.74261e+09,[-0.026096, -0.025043, 727.301514]
1.74261e+09,[-0.026096, -0.025043, 727.301514]
1.74261e+09,[-0.026096, -0.025043, 727.301514]
1.74261e+09,[-0.026096, -0.025043, 727.301514]
1.74261e+09,[-0.026096, -0.024688, 722.261536]
1.74261e+09,[-0.025751, -0.024688, 836.908752]
1.74261e+09,[-0.025402, -0.024331, 825.207581]
1.74261e+09,[-0.025402, -0.023971, 819.238586]
1.74261e+09,[-0.025051, -0.023609, 807.403809]
1.74261e+09,[-0.024698, -0.023609, 801.536438]
1.74261e+09,[-0.024342, -0.023244, 789.568909]
1.74261e+09,[-0.023983, -0.022882, 777.600891]
1.74261e+09,[-0.023257, -0.022521, 759.577942]
1.74261e+09,[-0.023257, -0.022150, 753.412720]
1.74261e+09,[-0.022521, -0.021388, 728.574768]
1.74261e+09,[-0.022150, -0.021009, 716.116882]
1.74261e+09,[-0.021776, -0.020628, 703.581238]
1.74261e+09,[-0.021399, -0.020244, 690.969238]
1.74261e+09,[-0.021021, -0.019858, 678.282349]
1.74261e+09,[-0.020640, -0.019470, 665.522034]
1.74261e+09,[-0.019871, -0.018687, 639.786804]
1.74261e+09,[-0.019871, -0.018293, 633.243530]
1.74261e+09,[-0.019094, -0.017498, 607.166992]
1.74261e+09,[-0.018703, -0.017087, 593.841553]
1.74261e+09,[-0.018309, -0.016684, 580.631775]
1.74261e+09,[-0.017914, -0.016280, 567.359314]
1.74261e+09,[-0.017117, -0.015874, 547.400513]
1.74261e+09,[-0.016716, -0.015466, 533.977478]
1.74261e+09,[-0.016313, -0.014645, 513.674255]
1.74261e+09,[-0.015908, -0.014232, 500.111938]
1.74261e+09,[-0.015094, -0.013834, 480.001984]
1.74261e+09,[-0.014685, -0.013419, 466.321991]
1.74261e+09,[-0.014274, -0.012616, 446.183502]
1.74261e+09,[-0.013862, -0.012166, 431.864288]
1.74261e+09,[-0.013033, -0.011725, 410.790070]
1.74261e+09,[-0.012616, -0.011302, 396.868866]
1.74261e+09,[-0.012199, -0.010878, 382.907257]
1.74261e+09,[-0.011360, -0.010453, 361.941376]
1.74261e+09,[-0.010940, -0.009600, 340.799774]
1.74261e+09,[-0.010518, -0.009600, 333.801422]
1.74261e+09,[-0.009672, -0.008742, 305.537170]
1.74261e+09,[-0.009248, -0.008742, 298.500061]
1.74261e+09,[-0.008823, -0.007881, 277.167572]
1.74261e+09,[-0.008823, -0.007450, 270.004578]
1.74261e+09,[-0.008398, -0.007017, 255.774841]
1.74261e+09,[-0.007972, -0.006584, 241.528305]
1.74261e+09,[-0.007121, -0.006151, 220.203781]
1.74261e+09,[-0.006695, -0.005716, 205.937317]
1.74261e+09,[-0.006270, -0.004847, 184.453613]
1.74261e+09,[-0.005765, -0.004412, 168.858521]
1.74261e+09,[-0.004905, -0.003977, 147.363281]
1.74261e+09,[-0.004905, -0.003542, 140.145279]
1.74261e+09,[-0.004476, -0.003107, 125.813454]
1.74261e+09,[-0.004476, -0.002673, 118.618668]
1.74261e+09,[-0.004048, -0.002673, 111.516876]
1.74261e+09,[-0.003621, -0.002241, 97.279274]
1.74261e+09,[-0.003198, -0.003428, 109.935738]
1.74261e+09,[-0.003198, -0.002812, 99.723442]
1.74261e+09,[-0.003198, -0.002485, 94.297348]
1.74261e+09,[-0.002779, -0.001865, 77.051079]
1.74261e+09,[-0.002367, -0.001865, 70.210732]
1.74261e+09,[-0.002367, -0.001966, 71.886353]
1.74261e+09,[-0.001966, -0.002779, 78.726700]
1.74261e+09,[-0.001966, -0.002241, 69.808556]
1.74261e+09,[-0.001966, -0.003542, 91.379883]
1.74261e+09,[-0.001966, -0.004847, 113.038643]
1.74261e+09,[-0.001966, -0.003542, 91.379883]
1.74261e+09,[-0.001966, -0.002673, 76.974846]
1.74261e+09,[-0.002367, -0.002241, 65.537560]
1.74261e+09,[-0.002367, -0.001966, 61.616871]
1.74261e+09,[-0.002779, -0.002562, 75.956238]
1.74261e+09,[-0.003198, -0.002485, 80.826294]
1.74261e+09,[-0.004048, -0.003166, 102.593025]
1.74261e+09,[-0.004476, -0.003539, 113.979530]
1.74261e+09,[-0.005335, -0.004320, 137.309204]
1.74261e+09,[-0.006196, -0.004580, 153.251984]
1.74261e+09,[-0.007056, -0.005422, 177.464935]
1.74261e+09,[-0.007916, -0.005845, 195.709625]
1.74261e+09,[-0.008344, -0.007121, 219.948151]
1.74261e+09,[-0.008773, -0.007546, 232.093765]
1.74261e+09,[-0.009627, -0.008398, 256.348206]
1.74261e+09,[-0.010053, -0.008823, 268.450500]
1.74261e+09,[-0.010901, -0.009672, 292.591522]
1.74261e+09,[-0.011745, -0.010518, 316.632141]
1.74261e+09,[-0.012166, -0.010940, 328.609528]
1.74261e+09,[-0.013003, -0.011780, 352.468903]
1.74261e+09,[-0.013834, -0.012166, 369.780334]
1.74261e+09,[-0.014248, -0.012585, 381.623566]
1.74261e+09,[-0.014660, -0.013419, 399.349854]
1.74261e+09,[-0.015071, -0.013419, 405.188477]
1.74261e+09,[-0.015887, -0.014248, 428.581665]
1.74261e+09,[-0.016292, -0.014660, 440.210358]
1.74261e+09,[-0.016696, -0.015071, 451.791931]
1.74261e+09,[-0.017098, -0.015479, 463.325073]
1.74261e+09,[-0.017498, -0.015887, 474.808380]
1.74261e+09,[-0.017897, -0.016292, 486.240570]
1.74261e+09,[-0.018293, -0.016696, 497.620270]
1.74261e+09,[-0.018687, -0.017098, 508.946228]
1.74261e+09,[-0.019080, -0.017498, 520.217102]
1.74261e+09,[-0.019470, -0.017897, 531.431641]
1.74261e+09,[-0.019858, -0.018293, 542.588623]
1.74261e+09,[-0.020244, -0.018687, 553.686707]
1.74261e+09,[-0.020628, -0.019080, 564.724548]
1.74261e+09,[-0.021009, -0.019080, 570.150818]
1.74261e+09,[-0.021388, -0.019470, 581.094849]
1.74261e+09,[-0.021388, -0.019858, 586.615051]
1.74261e+09,[-0.021765, -0.020244, 597.465088]
1.74261e+09,[-0.022140, -0.020244, 602.791992]
1.74261e+09,[-0.022512, -0.020628, 613.542664]
1.74261e+09,[-0.022882, -0.021009, 624.226501]
1.74261e+09,[-0.022882, -0.021009, 624.226501]
1.74261e+09,[-0.023249, -0.021388, 634.842285]
1.74261e+09,[-0.023614, -0.021765, 645.388855]
1.74261e+09,[-0.023614, -0.021765, 645.388855]
1.74261e+09,[-0.024335, -0.022140, 660.977112]
1.74261e+09,[-0.024335, -0.022512, 666.269653]
1.74261e+09,[-0.024692, -0.022882, 676.601440]
1.74261e+09,[-0.025046, -0.022882, 681.637329]
1.74261e+09,[-0.025046, -0.023249, 686.859436]
1.74261e+09,[-0.025397, -0.023249, 691.856384]
1.74261e+09,[-0.025397, -0.023249, 691.856384]
1.74261e+09,[-0.025746, -0.023249, 696.813904]
1.74261e+09,[-0.025746, -0.023614, 701.999878]
1.74261e+09,[-0.025746, -0.023614, 701.999878]
1.74261e+09,[-0.025746, -0.023976, 707.149231]
1.74261e+09,[-0.026092, -0.023976, 712.066650]
1.74261e+09,[-0.026092, -0.023976, 712.066650]
1.74261e+09,[-0.026092, -0.023976, 712.066650]
1.74261e+09,[-0.026092, -0.023976, 712.066650]
1.74261e+09,[-0.026092, -0.024335, 717.178772]
1.74261e+09,[-0.026092, -0.024335, 717.178772]
1.74261e+09,[-0.026092, -0.024335, 717.178772]
1.74261e+09,[-0.026092, -0.024335, 717.178772]
1.74261e+09,[-0.026092, -0.024335, 717.178772]
1.74261e+09,[-0.025746, -0.023976, 825.007385]
1.74261e+09,[-0.025746, -0.023614, 818.999878]
1.74261e+09,[-0.025043, -0.023249, 801.280457]
1.74261e+09,[-0.024688, -0.023249, 795.400574]
1.74261e+09,[-0.024331, -0.022512, 777.249512]
1.74261e+09,[-0.023971, -0.022140, 765.105896]
1.74261e+09,[-0.023609, -0.021388, 746.624634]
1.74261e+09,[-0.023244, -0.021009, 734.276428]
1.74261e+09,[-0.022507, -0.020628, 715.708679]
1.74261e+09,[-0.022507, -0.020244, 709.340820]
1.74261e+09,[-0.021759, -0.019470, 684.095520]
1.74261e+09,[-0.021382, -0.019470, 677.835510]
1.74261e+09,[-0.021002, -0.019071, 664.913086]
1.74261e+09,[-0.020620, -0.018678, 652.058960]
1.74261e+09,[-0.020236, -0.018293, 639.296997]
1.74261e+09,[-0.019850, -0.017498, 619.701355]
1.74261e+09,[-0.019071, -0.017098, 600.131958]
1.74261e+09,[-0.018678, -0.016292, 580.244324]
1.74261e+09,[-0.017886, -0.015887, 560.379944]
1.74261e+09,[-0.017487, -0.015071, 540.220825]
1.74261e+09,[-0.016684, -0.014660, 520.081421]
1.74261e+09,[-0.016280, -0.014248, 506.534332]
1.74261e+09,[-0.015874, -0.013419, 486.045807]
1.74261e+09,[-0.015466, -0.013003, 472.367798]
1.74261e+09,[-0.014645, -0.012166, 444.861908]
1.74261e+09,[-0.013818, -0.011745, 424.162292]
1.74261e+09,[-0.012985, -0.010901, 396.329285]
1.74261e+09,[-0.012566, -0.010477, 382.349976]
1.74261e+09,[-0.011725, -0.010053, 361.339539]
1.74261e+09,[-0.011302, -0.009627, 347.262268]
1.74261e+09,[-0.010453, -0.008823, 319.837921]
1.74261e+09,[-0.010027, -0.008823, 312.767334]
1.74261e+09,[-0.009600, -0.007972, 291.563812]
1.74261e+09,[-0.009172, -0.007486, 276.394623]
1.74261e+09,[-0.008312, -0.006626, 247.865906]
1.74261e+09,[-0.008312, -0.006196, 240.723557]
1.74261e+09,[-0.007450, -0.005765, 219.267563]
1.74261e+09,[-0.007017, -0.005765, 212.092560]
1.74261e+09,[-0.006584, -0.005335, 197.765976]
1.74261e+09,[-0.006151, -0.005000, 185.013123]
1.74261e+09,[-0.005716, -0.004580, 170.843185]
1.74261e+09,[-0.005282, -0.004048, 154.797379]
1.74261e+09,[-0.004847, -0.003621, 140.509354]
1.74261e+09,[-0.004412, -0.003198, 126.264420]
1.74261e+09,[-0.003977, -0.002946, 114.869812]
1.74261e+09,[-0.003977, -0.002946, 114.869812]
1.74261e+09,[-0.003107, -0.002562, 94.058548]
1.74261e+09,[-0.003107, -0.002197, 88.009422]
1.74261e+09,[-0.002673, -0.001865, 75.299225]
1.74261e+09,[-0.002241, -0.001585, 63.492374]
1.74261e+09,[-0.001813, -0.000880, 44.672737]
1.74261e+09,[-0.001813, -0.000983, 46.394138]
1.74261e+09,[-0.001813, -0.001244, 50.713470]
1.74261e+09,[-0.001813, -0.001244, 50.713470]
1.74261e+09,[-0.001813, -0.001966, 62.695408]
1.74261e+09,[-0.001813, -0.001966, 62.695408]
1.74261e+09,[-0.001813, -0.001319, 51.968006]
1.74261e+09,[-0.002241, -0.001390, 51.654247]
1.74261e+09,[-0.002673, -0.001585, 60.564571]
1.74261e+09,[-0.003107, -0.001966, 72.145401]
1.74261e+09,[-0.003977, -0.002562, 92.988678]
1.74261e+09,[-0.004412, -0.002779, 102.266487]
1.74261e+09,[-0.005282, -0.003198, 120.600983]
1.74261e+09,[-0.005716, -0.004048, 138.864594]
1.74261e+09,[-0.006584, -0.004905, 163.398956]
1.74261e+09,[-0.007017, -0.005335, 175.673096]
1.74261e+09,[-0.007881, -0.006196, 200.206009]
1.74261e+09,[-0.008312, -0.007056, 218.575531]
1.74261e+09,[-0.008742, -0.007486, 230.806091]
1.74261e+09,[-0.009172, -0.007916, 243.017197]
1.74261e+09,[-0.010027, -0.008773, 267.372437]
1.74261e+09,[-0.010453, -0.008773, 273.432953]
1.74261e+09,[-0.010878, -0.009627, 291.625244]
1.74261e+09,[-0.011302, -0.009627, 297.653351]
1.74261e+09,[-0.012146, -0.010477, 321.754303]
1.74261e+09,[-0.012566, -0.010901, 333.755859]
1.74261e+09,[-0.013402, -0.011745, 357.653442]
1.74261e+09,[-0.013818, -0.011745, 363.567688]
1.74261e+09,[-0.014645, -0.012566, 387.001770]
1.74261e+09,[-0.015056, -0.012566, 392.849976]
1.74261e+09,[-0.015466, -0.012985, 404.629791]
1.74261e+09,[-0.015874, -0.013402, 416.365631]
1.74261e+09,[-0.016280, -0.013818, 428.056152]
1.74261e+09,[-0.016684, -0.013818, 433.807159]
1.74261e+09,[-0.017087, -0.014645, 451.296082]
1.74261e+09,[-0.017487, -0.015056, 462.842834]
1.74261e+09,[-0.017886, -0.015874, 480.140015]
1.74261e+09,[-0.018283, -0.016280, 491.559875]
1.74261e+09,[-0.019071, -0.016684, 508.512177]
1.74261e+09,[-0.019071, -0.017087, 514.237305]
1.74261e+09,[-0.019850, -0.017487, 531.018494]
1.74261e+09,[-0.019850, -0.017886, 536.689880]
1.74261e+09,[-0.020236, -0.018283, 547.828735]
1.74261e+09,[-0.020620, -0.018678, 558.907654]
1.74261e+09,[-0.021002, -0.019071, 569.925476]
1.74261e+09,[-0.021382, -0.019461, 580.880920]
1.74261e+09,[-0.021759, -0.019850, 591.772766]
1.74261e+09,[-0.022134, -0.020236, 602.599854]
1.74261e+09,[-0.022507, -0.020620, 613.360962]
1.74261e+09,[-0.022877, -0.020620, 618.623230]
1.74261e+09,[-0.023244, -0.021002, 629.281555]
1.74261e+09,[-0.023244, -0.021382, 634.680542]
1.74261e+09,[-0.023609, -0.021759, 645.236633]
1.74261e+09,[-0.023971, -0.022134, 655.722168]
1.74261e+09,[-0.024331, -0.022507, 666.135803]
1.74261e+09,[-0.024688, -0.022877, 676.476501]
1.74261e+09,[-0.025043, -0.022877, 681.516418]
1.74261e+09,[-0.025043, -0.023244, 686.742981]
1.74261e+09,[-0.025394, -0.023244, 691.743896]
1.74261e+09,[-0.025394, -0.023244, 691.743896]
1.74261e+09,[-0.025394, -0.023244, 691.743896]
1.74261e+09,[-0.025743, -0.023609, 701.895752]
1.74261e+09,[-0.025743, -0.023971, 707.049377]
1.74261e+09,[-0.025743, -0.023971, 707.049377]
1.74261e+09,[-0.025743, -0.023971, 707.049377]
1.74261e+09,[-0.025743, -0.023971, 707.049377]
1.74261e+09,[-0.026089, -0.023971, 711.970581]
1.74261e+09,[-0.026089, -0.023971, 711.970581]
1.74261e+09,[-0.026089, -0.023971, 711.970581]
1.74261e+09,[-0.026089, -0.023971, 711.970581]
1.74261e+09,[-0.026089, -0.023971, 711.970581]
1.74261e+09,[-0.026089, -0.023971, 711.970581]
1.74261e+09,[-0.026089, -0.023971, 711.970581]
1.74261e+09,[-0.026089, -0.023971, 711.970581]
1.74261e+09,[-0.025743, -0.023971, 824.890930]
1.74261e+09,[-0.025743, -0.023971, 824.890930]
1.74261e+09,[-0.025043, -0.023609, 807.255737]
1.74261e+09,[-0.025043, -0.023244, 801.200195]
1.74261e+09,[-0.024688, -0.022877, 789.222595]
1.74261e+09,[-0.024331, -0.022507, 777.158447]
1.74261e+09,[-0.023609, -0.022134, 758.996582]
1.74261e+09,[-0.023244, -0.021759, 746.720581]
1.74261e+09,[-0.022877, -0.021002, 728.064087]
1.74261e+09,[-0.022507, -0.020620, 715.587769]
1.74261e+09,[-0.022134, -0.020236, 703.033142]
1.74261e+09,[-0.021759, -0.019850, 690.401550]
1.74261e+09,[-0.021002, -0.019071, 664.913086]
1.74261e+09,[-0.020620, -0.018678, 652.058960]
1.74261e+09,[-0.019850, -0.017886, 626.138184]
1.74261e+09,[-0.019461, -0.017487, 613.074341]
1.74261e+09,[-0.018678, -0.016684, 586.747131]
1.74261e+09,[-0.018283, -0.016280, 573.486511]
1.74261e+09,[-0.017886, -0.015874, 560.163330]
1.74261e+09,[-0.017487, -0.015466, 546.778931]
1.74261e+09,[-0.017087, -0.015056, 533.334961]
1.74261e+09,[-0.016684, -0.014645, 519.832764]
1.74261e+09,[-0.015874, -0.013818, 492.659851]
1.74261e+09,[-0.015466, -0.013402, 478.992157]
1.74261e+09,[-0.015056, -0.012566, 458.324982]
1.74261e+09,[-0.014645, -0.012146, 444.532074]
1.74261e+09,[-0.013818, -0.011725, 423.815948]
1.74261e+09,[-0.013402, -0.010878, 402.870514]
1.74261e+09,[-0.012566, -0.010453, 381.946899]
1.74261e+09,[-0.012146, -0.010453, 374.976929]
1.74261e+09,[-0.011302, -0.010027, 353.901947]
1.74261e+09,[-0.011302, -0.009600, 346.813751]
1.74261e+09,[-0.010453, -0.009172, 325.623840]
1.74261e+09,[-0.010453, -0.009172, 325.623840]
1.74261e+09,[-0.010027, -0.008312, 304.296509]
1.74261e+09,[-0.009600, -0.007916, 290.625061]
1.74261e+09,[-0.008742, -0.007864, 275.536346]
1.74261e+09,[-0.008312, -0.007210, 257.552673]
1.74261e+09,[-0.007881, -0.006695, 241.861282]
1.74261e+09,[-0.007450, -0.006270, 227.642654]
1.74261e+09,[-0.007017, -0.005765, 212.092560]
1.74261e+09,[-0.006584, -0.005335, 197.765976]
1.74261e+09,[-0.006584, -0.004905, 190.632111]
1.74261e+09,[-0.006151, -0.004476, 176.314774]
1.74261e+09,[-0.005716, -0.004163, 163.927750]
1.74261e+09,[-0.005282, -0.004163, 156.716431]
1.74261e+09,[-0.004412, -0.003621, 133.289337]
1.74261e+09,[-0.004412, -0.003198, 126.264420]
1.74261e+09,[-0.003977, -0.002779, 112.090149]
1.74261e+09,[-0.003977, -0.002367, 105.249809]
1.74261e+09,[-0.003542, -0.002197, 95.219666]
1.74261e+09,[-0.003542, -0.001585, 85.063698]
1.74261e+09,[-0.003107, -0.001585, 77.853455]
1.74261e+09,[-0.003107, -0.001585, 77.853455]
1.74261e+09,[-0.003107, -0.001865, 82.494019]
1.74261e+09,[-0.003107, -0.001865, 82.494019]
1.74261e+09,[-0.003542, -0.002197, 81.616852]
1.74261e+09,[-0.003977, -0.002485, 91.898575]
1.74261e+09,[-0.004412, -0.002812, 102.738716]
1.74261e+09,[-0.004847, -0.003166, 113.960625]
1.74261e+09,[-0.005282, -0.003751, 128.461304]
1.74261e+09,[-0.005716, -0.004048, 138.864594]
1.74261e+09,[-0.006151, -0.004905, 157.231155]
1.74261e+09,[-0.006584, -0.005335, 169.513687]
1.74261e+09,[-0.007450, -0.006196, 194.066330]
1.74261e+09,[-0.007881, -0.006626, 206.328018]
1.74261e+09,[-0.008312, -0.007916, 230.797195]
1.74261e+09,[-0.008742, -0.008773, 249.103226]
1.74261e+09,[-0.010027, -0.009627, 279.520050]
1.74261e+09,[-0.010453, -0.010053, 291.635956]
1.74261e+09,[-0.011302, -0.010901, 315.777832]
1.74261e+09,[-0.012146, -0.011745, 339.789337]
1.74261e+09,[-0.012985, -0.012585, 363.658264]
1.74261e+09,[-0.013818, -0.013003, 381.449799]
1.74261e+09,[-0.014645, -0.013834, 405.039734]
1.74261e+09,[-0.015056, -0.013834, 410.887939]
1.74261e+09,[-0.015466, -0.014660, 428.455902]
1.74261e+09,[-0.015874, -0.015071, 440.095398]
1.74261e+09,[-0.016684, -0.015887, 463.230560]
1.74261e+09,[-0.017087, -0.016292, 474.723602]
1.74261e+09,[-0.017487, -0.016696, 486.165161]
1.74261e+09,[-0.017886, -0.017098, 497.553955]
1.74261e+09,[-0.018678, -0.017498, 514.503845]
1.74261e+09,[-0.019071, -0.017886, 525.607239]
1.74261e+09,[-0.019850, -0.018283, 542.333496]
1.74261e+09,[-0.020236, -0.018678, 553.443909]
1.74261e+09,[-0.020620, -0.019071, 564.493835]
1.74261e+09,[-0.021002, -0.019461, 575.481934]
1.74261e+09,[-0.021382, -0.020236, 591.902344]
1.74261e+09,[-0.021382, -0.020236, 591.902344]
1.74261e+09,[-0.021759, -0.020620, 602.731812]
1.74261e+09,[-0.022134, -0.021002, 613.495300]
1.74261e+09,[-0.022507, -0.021382, 624.191589]
1.74261e+09,[-0.022877, -0.021765, 634.907410]
1.74261e+09,[-0.023244, -0.021765, 640.134094]
1.74261e+09,[-0.023244, -0.022140, 645.460938]
1.74261e+09,[-0.023609, -0.022512, 655.943909]
1.74261e+09,[-0.023971, -0.022512, 661.097534]
1.74261e+09,[-0.024331, -0.022882, 671.471375]
1.74261e+09,[-0.024688, -0.022882, 676.549805]
1.74261e+09,[-0.025043, -0.023249, 686.811829]
1.74261e+09,[-0.025394, -0.023249, 691.812744]
1.74261e+09,[-0.025743, -0.023614, 701.960022]
1.74261e+09,[-0.025743, -0.023614, 701.960022]
1.74261e+09,[-0.026089, -0.023614, 706.881226]
1.74261e+09,[-0.026089, -0.023976, 712.030518]
1.74261e+09,[-0.026089, -0.023976, 712.030518]
1.74261e+09,[-0.026089, -0.023976, 712.030518]
1.74261e+09,[-0.026089, -0.023976, 712.030518]
1.74261e+09,[-0.026089, -0.023976, 712.030518]
1.74261e+09,[-0.026089, -0.023976, 712.030518]
1.74261e+09,[-0.026089, -0.023976, 712.030518]
1.74261e+09,[-0.026089, -0.023976, 712.030518]
1.74261e+09,[-0.026089, -0.023976, 712.030518]
1.74261e+09,[-0.026089, -0.023976, 712.030518]
1.74261e+09,[-0.026089, -0.023976, 712.030518]
1.74261e+09,[-0.026089, -0.023614, 706.881226]
1.74261e+09,[-0.025743, -0.023614, 818.953369]
1.74261e+09,[-0.025043, -0.022890, 795.330627]
1.74261e+09,[-0.024688, -0.022521, 783.325928]
1.74261e+09,[-0.023971, -0.021765, 758.891174]
1.74261e+09,[-0.023971, -0.021388, 752.637207]
1.74261e+09,[-0.023244, -0.020640, 728.147156]
1.74261e+09,[-0.022877, -0.020640, 722.049377]
1.74261e+09,[-0.022134, -0.019871, 696.979614]
1.74261e+09,[-0.021759, -0.019484, 684.330566]
1.74261e+09,[-0.021002, -0.018687, 658.551697]
1.74261e+09,[-0.020620, -0.018293, 645.671448]
1.74261e+09,[-0.020236, -0.017574, 627.367004]
1.74261e+09,[-0.019461, -0.017386, 611.395264]
1.74261e+09,[-0.018678, -0.015978, 575.024902]
1.74261e+09,[-0.018283, -0.015128, 554.368774]
1.74261e+09,[-0.017487, -0.014311, 527.609924]
1.74261e+09,[-0.017087, -0.013488, 507.313019]
1.74261e+09,[-0.016280, -0.012660, 480.193634]
1.74261e+09,[-0.015874, -0.011780, 458.848785]
1.74261e+09,[-0.015056, -0.010993, 432.223022]
1.74261e+09,[-0.014232, -0.010574, 411.598633]
1.74261e+09,[-0.013402, -0.009314, 376.909882]
1.74261e+09,[-0.012566, -0.008893, 356.054810]
1.74261e+09,[-0.011725, -0.007972, 326.820221]
1.74261e+09,[-0.011302, -0.007121, 305.678802]
1.74261e+09,[-0.010453, -0.006695, 284.531677]
1.74261e+09,[-0.010027, -0.006372, 272.105225]
1.74261e+09,[-0.009600, -0.005845, 256.272797]
1.74261e+09,[-0.009172, -0.005422, 242.140961]
1.74261e+09,[-0.008312, -0.004580, 213.917023]
1.74261e+09,[-0.007881, -0.003924, 195.890579]
1.74261e+09,[-0.007017, -0.004043, 183.511475]
1.74261e+09,[-0.006584, -0.003428, 166.122208]
1.74261e+09,[-0.006151, -0.002485, 143.288071]
1.74261e+09,[-0.005716, -0.002485, 136.083801]
1.74261e+09,[-0.004847, -0.001865, 111.363022]
1.74261e+09,[-0.004412, -0.001585, 99.502434]
1.74261e+09,[-0.003542, -0.001390, 81.834610]
1.74261e+09,[-0.003107, -0.001319, 73.442238]
1.74261e+09,[-0.002673, -0.001319, 66.247444]
1.74261e+09,[-0.002673, -0.001390, 67.429581]
1.74261e+09,[-0.002241, -0.001390, 60.263287]
1.74261e+09,[-0.001813, -0.001813, 60.156395]
1.74261e+09,[-0.001390, -0.001813, 53.150143]
1.74261e+09,[-0.000983, -0.001585, 42.616962]
1.74261e+09,[-0.000983, -0.001585, 42.616962]
1.74261e+09,[-0.000983, -0.001585, 42.616962]
1.74261e+09,[-0.000983, -0.001966, 48.933151]
1.74261e+09,[-0.001390, -0.001966, 47.733559]
1.74261e+09,[-0.002241, -0.001813, 57.659607]
1.74261e+09,[-0.002673, -0.001319, 56.783524]
1.74261e+09,[-0.003542, -0.001966, 78.325607]
1.74261e+09,[-0.003977, -0.002197, 87.803703]
1.74261e+09,[-0.004847, -0.002562, 105.366478]
1.74261e+09,[-0.005716, -0.002946, 123.204521]
1.74261e+09,[-0.006584, -0.003751, 146.985321]
1.74261e+09,[-0.007017, -0.004580, 164.939301]
1.74261e+09,[-0.007881, -0.005422, 189.200882]
1.74261e+09,[-0.008312, -0.005845, 201.352386]
1.74261e+09,[-0.009172, -0.007121, 231.711502]
1.74261e+09,[-0.010027, -0.007546, 249.932556]
1.74261e+09,[-0.011302, -0.008823, 286.219604]
1.74261e+09,[-0.011725, -0.009672, 304.302368]
1.74261e+09,[-0.012985, -0.010518, 334.257385]
1.74261e+09,[-0.013402, -0.010901, 345.645721]
1.74261e+09,[-0.014232, -0.011745, 369.460602]
1.74261e+09,[-0.014645, -0.012166, 381.310211]
1.74261e+09,[-0.015056, -0.013003, 399.061798]
1.74261e+09,[-0.015466, -0.013419, 410.809784]
1.74261e+09,[-0.015874, -0.013834, 422.513763]
1.74261e+09,[-0.016684, -0.014660, 445.784088]
1.74261e+09,[-0.017087, -0.015479, 463.163544]
1.74261e+09,[-0.017487, -0.015887, 474.654266]
1.74261e+09,[-0.018283, -0.016696, 497.480133]
1.74261e+09,[-0.018678, -0.016696, 503.095306]
1.74261e+09,[-0.019461, -0.017498, 525.646423]
1.74261e+09,[-0.019850, -0.017897, 536.836853]
1.74261e+09,[-0.020236, -0.018293, 547.968872]
1.74261e+09,[-0.020620, -0.018687, 559.041260]
1.74261e+09,[-0.021002, -0.019470, 575.602844]
1.74261e+09,[-0.021382, -0.019470, 581.001892]
1.74261e+09,[-0.021759, -0.020244, 597.377258]
1.74261e+09,[-0.022134, -0.020244, 602.709106]
1.74261e+09,[-0.022507, -0.020628, 613.464600]
1.74261e+09,[-0.022877, -0.021009, 624.153137]
1.74261e+09,[-0.023244, -0.021388, 634.773499]
1.74261e+09,[-0.023609, -0.021765, 645.324524]
1.74261e+09,[-0.023971, -0.022140, 655.805054]
1.74261e+09,[-0.024331, -0.022140, 660.921326]
1.74261e+09,[-0.024688, -0.022882, 676.549805]
1.74261e+09,[-0.025043, -0.022882, 681.589783]
1.74261e+09,[-0.025394, -0.023249, 691.812744]
1.74261e+09,[-0.025394, -0.023249, 691.812744]
1.74261e+09,[-0.025743, -0.023614, 701.960022]
1.74261e+09,[-0.025743, -0.023614, 701.960022]
1.74261e+09,[-0.026089, -0.023614, 706.881226]
1.74261e+09,[-0.026089, -0.023976, 712.030518]
1.74261e+09,[-0.026089, -0.023976, 712.030518]
1.74261e+09,[-0.026089, -0.023976, 712.030518]
1.74261e+09,[-0.026089, -0.023976, 712.030518]
1.74261e+09,[-0.026089, -0.023976, 712.030518]
1.74261e+09,[-0.026089, -0.023976, 712.030518]
1.74261e+09,[-0.026089, -0.023976, 712.030518]
1.74261e+09,[-0.026089, -0.023976, 712.030518]
1.74261e+09,[-0.026089, -0.023976, 712.030518]
1.74261e+09,[-0.026089, -0.023976, 712.030518]
1.74261e+09,[-0.026089, -0.023976, 712.030518]
1.74261e+09,[-0.026089, -0.023614, 706.881226]
1.74261e+09,[-0.025743, -0.023614, 818.953369]
1.74261e+09,[-0.025394, -0.022877, 800.936829]
1.74261e+09,[-0.024688, -0.022507, 783.083252]
1.74261e+09,[-0.024331, -0.022134, 770.978210]
1.74261e+09,[-0.023971, -0.021382, 752.528748]
1.74261e+09,[-0.023244, -0.020620, 727.824890]
1.74261e+09,[-0.022877, -0.020620, 721.727112]
1.74261e+09,[-0.022507, -0.019850, 702.802307]
1.74261e+09,[-0.022134, -0.019461, 690.174805]
1.74261e+09,[-0.021382, -0.018678, 664.694763]
1.74261e+09,[-0.021002, -0.018283, 651.844910]
1.74261e+09,[-0.020620, -0.017498, 632.486938]
1.74261e+09,[-0.020236, -0.017098, 619.472839]
1.74261e+09,[-0.019461, -0.016696, 599.944153]
1.74261e+09,[-0.018678, -0.015887, 573.515137]
1.74261e+09,[-0.017886, -0.015479, 553.622437]
1.74261e+09,[-0.017487, -0.015071, 540.220825]
1.74261e+09,[-0.017087, -0.014248, 519.923157]
1.74261e+09,[-0.016684, -0.013834, 506.381195]
1.74261e+09,[-0.015874, -0.013419, 486.045807]
1.74261e+09,[-0.015466, -0.012985, 472.068085]
1.74261e+09,[-0.014645, -0.012585, 451.816406]
1.74261e+09,[-0.014232, -0.012166, 438.012543]
1.74261e+09,[-0.013402, -0.011324, 410.267273]
1.74261e+09,[-0.012566, -0.010901, 389.381836]
1.74261e+09,[-0.011725, -0.010477, 368.388275]
1.74261e+09,[-0.011302, -0.010053, 354.326874]
1.74261e+09,[-0.010453, -0.009200, 326.097992]
1.74261e+09,[-0.010027, -0.008893, 313.924927]
1.74261e+09,[-0.009172, -0.008472, 292.746094]
1.74261e+09,[-0.008742, -0.007546, 270.273926]
1.74261e+09,[-0.007881, -0.006911, 245.446548]
1.74261e+09,[-0.007450, -0.006656, 234.050598]
1.74261e+09,[-0.007017, -0.006895, 230.837479]
1.74261e+09,[-0.006584, -0.006299, 213.760590]
1.74261e+09,[-0.005716, -0.005130, 179.966354]
1.74261e+09,[-0.005282, -0.004722, 165.992279]
1.74261e+09,[-0.004847, -0.004163, 149.499725]
1.74261e+09,[-0.004847, -0.003751, 142.654831]
1.74261e+09,[-0.004412, -0.003166, 125.734039]
1.74261e+09,[-0.003977, -0.003104, 117.489662]
1.74261e+09,[-0.003542, -0.002485, 99.997009]
1.74261e+09,[-0.003542, -0.001865, 89.704262]
1.74261e+09,[-0.003107, -0.001585, 77.853455]
1.74261e+09,[-0.002673, -0.001966, 76.974846]
1.74261e+09,[-0.002673, -0.001813, 74.435837]
1.74261e+09,[-0.002241, -0.001319, 59.081154]
1.74261e+09,[-0.002241, -0.001319, 59.081154]
1.74261e+09,[-0.002241, -0.001390, 60.263287]
1.74261e+09,[-0.002241, -0.001390, 60.263287]
1.74261e+09,[-0.002241, -0.001813, 67.269539]
1.74261e+09,[-0.002241, -0.001390, 60.263287]
1.74261e+09,[-0.002241, -0.001390, 60.263287]
1.74261e+09,[-0.002241, -0.001390, 60.263287]
1.74261e+09,[-0.002241, -0.001813, 67.269539]
1.74261e+09,[-0.002241, -0.001390, 60.263287]
1.74261e+09,[-0.002241, -0.001390, 60.263287]
1.74261e+09,[-0.002241, -0.001390, 60.263287]
1.74261e+09,[-0.002241, -0.001390, 60.263287]
1.74261e+09,[-0.002241, -0.001390, 60.263287]
1.74261e+09,[-0.002241, -0.001390, 60.263287]
1.74261e+09,[-0.002241, -0.001390, 60.263287]
1.74261e+09,[-0.002673, -0.000880, 50.530437]
1.74261e+09,[-0.003107, -0.000983, 58.172890]
1.74261e+09,[-0.003542, -0.001244, 68.055382]
1.74261e+09,[-0.004412, -0.001585, 85.287796]
1.74261e+09,[-0.004847, -0.001966, 96.890266]
1.74261e+09,[-0.005716, -0.002367, 114.958801]
1.74261e+09,[-0.006151, -0.002779, 126.997047]
1.74261e+09,[-0.006584, -0.003621, 145.146362]
1.74261e+09,[-0.007450, -0.004048, 163.516891]
1.74261e+09,[-0.007881, -0.005335, 187.962769]
1.74261e+09,[-0.008312, -0.005765, 200.211761]
1.74261e+09,[-0.009172, -0.006626, 224.676529]
1.74261e+09,[-0.009600, -0.007056, 236.885559]
1.74261e+09,[-0.010878, -0.007486, 261.180481]
1.74261e+09,[-0.011302, -0.007916, 273.316132]
1.74261e+09,[-0.012146, -0.008773, 297.509521]
1.74261e+09,[-0.012566, -0.008773, 303.483765]
1.74261e+09,[-0.013402, -0.009627, 327.521210]
1.74261e+09,[-0.013818, -0.010053, 339.490875]
1.74261e+09,[-0.014645, -0.010901, 363.323761]
1.74261e+09,[-0.015056, -0.011324, 375.183899]
1.74261e+09,[-0.015874, -0.012166, 398.784210]
1.74261e+09,[-0.016280, -0.012566, 410.252045]
1.74261e+09,[-0.017087, -0.013402, 433.618011]
1.74261e+09,[-0.017487, -0.013818, 445.230804]
1.74261e+09,[-0.017886, -0.014232, 456.795105]
1.74261e+09,[-0.018283, -0.014645, 468.309631]
1.74261e+09,[-0.019071, -0.015466, 491.183990]
1.74261e+09,[-0.019461, -0.015874, 502.541351]
1.74261e+09,[-0.020236, -0.016280, 519.339050]
1.74261e+09,[-0.020620, -0.016684, 530.553833]
1.74261e+09,[-0.021002, -0.017087, 541.710632]
1.74261e+09,[-0.021382, -0.017487, 552.808167]
1.74261e+09,[-0.021759, -0.018283, 569.488831]
1.74261e+09,[-0.022134, -0.018280, 574.773987]
1.74261e+09,[-0.022507, -0.018675, 585.688660]
1.74261e+09,[-0.022507, -0.019068, 591.276917]
1.74261e+09,[-0.022877, -0.019458, 602.097656]
1.74261e+09,[-0.023244, -0.019847, 612.852478]
1.74261e+09,[-0.023609, -0.020618, 629.005737]
1.74261e+09,[-0.023971, -0.020618, 634.159424]
1.74261e+09,[-0.024331, -0.021380, 650.109924]
1.74261e+09,[-0.024688, -0.021757, 660.555725]
1.74261e+09,[-0.025043, -0.022132, 670.929199]
1.74261e+09,[-0.025043, -0.022132, 670.929199]
1.74261e+09,[-0.025394, -0.022875, 686.492798]
1.74261e+09,[-0.025743, -0.022875, 691.454163]
1.74261e+09,[-0.025743, -0.023242, 696.682312]
1.74261e+09,[-0.025743, -0.023242, 696.682312]
1.74261e+09,[-0.026089, -0.023608, 706.795471]
1.74261e+09,[-0.026089, -0.023608, 706.795471]
1.74261e+09,[-0.026089, -0.023608, 706.795471]
1.74261e+09,[-0.026089, -0.023609, 706.816895]
1.74261e+09,[-0.026089, -0.023609, 706.816895]
1.74261e+09,[-0.026089, -0.023609, 706.816895]
1.74261e+09,[-0.026089, -0.023609, 706.816895]
1.74261e+09,[-0.026089, -0.023609, 706.816895]
1.74261e+09,[-0.026089, -0.023609, 706.816895]
1.74261e+09,[-0.026089, -0.023614, 706.881226]
1.74261e+09,[-0.026089, -0.023614, 706.881226]
1.74261e+09,[-0.026089, -0.023614, 706.881226]
1.74261e+09,[-0.025743, -0.023614, 818.953369]
1.74261e+09,[-0.025743, -0.023614, 818.953369]
1.74261e+09,[-0.025394, -0.023614, 813.165161]
1.74261e+09,[-0.025394, -0.023614, 813.165161]
1.74261e+09,[-0.025394, -0.023249, 807.114868]
1.74261e+09,[-0.024688, -0.022882, 789.308105]
1.74261e+09,[-0.024331, -0.022140, 771.074890]
1.74261e+09,[-0.023971, -0.021765, 758.891174]
1.74261e+09,[-0.023609, -0.020628, 734.001282]
1.74261e+09,[-0.023244, -0.020244, 721.577881]
1.74261e+09,[-0.022507, -0.019080, 690.020874]
1.74261e+09,[-0.022134, -0.018293, 670.787659]
1.74261e+09,[-0.021382, -0.017498, 645.122681]
1.74261e+09,[-0.021002, -0.017098, 632.184143]
1.74261e+09,[-0.020236, -0.016292, 606.102356]
1.74261e+09,[-0.019461, -0.015479, 579.757263]
1.74261e+09,[-0.018283, -0.014248, 539.772278]
1.74261e+09,[-0.017886, -0.013003, 512.528320]
1.74261e+09,[-0.016684, -0.011745, 471.721558]
1.74261e+09,[-0.015874, -0.011324, 451.277985]
1.74261e+09,[-0.015056, -0.010477, 423.668762]
1.74261e+09,[-0.014232, -0.009627, 395.883118]
1.74261e+09,[-0.012985, -0.008773, 361.011841]
1.74261e+09,[-0.012566, -0.008344, 346.959229]
1.74261e+09,[-0.011302, -0.007486, 311.743378]
1.74261e+09,[-0.010453, -0.006626, 283.386444]
1.74261e+09,[-0.009600, -0.005765, 254.942078]
1.74261e+09,[-0.008742, -0.005335, 233.575623]
1.74261e+09,[-0.007881, -0.004476, 205.034454]
1.74261e+09,[-0.007450, -0.004048, 190.769714]
1.74261e+09,[-0.007017, -0.003198, 169.498489]
1.74261e+09,[-0.006151, -0.002779, 148.163223]
1.74261e+09,[-0.005716, -0.002367, 134.118607]
1.74261e+09,[-0.005282, -0.001966, 120.255348]
1.74261e+09,[-0.004847, -0.001585, 106.722450]
1.74261e+09,[-0.004847, -0.001244, 101.056702]
1.74261e+09,[-0.004412, -0.000983, 89.517349]
1.74261e+09,[-0.004412, -0.000880, 87.795944]
1.74261e+09,[-0.004412, -0.000880, 87.795944]
1.74261e+09,[-0.004412, -0.000880, 87.795944]
1.74261e+09,[-0.004412, -0.000880, 87.795944]
1.74261e+09,[-0.004412, -0.000880, 87.795944]
1.74261e+09,[-0.004412, -0.000880, 87.795944]
1.74261e+09,[-0.004412, -0.000880, 87.795944]
1.74261e+09,[-0.004412, -0.000880, 87.795944]
1.74261e+09,[-0.004412, -0.000880, 87.795944]
1.74261e+09,[-0.004412, -0.000880, 87.795944]
1.74261e+09,[-0.004412, -0.000880, 87.795944]
1.74261e+09,[-0.004412, -0.000880, 87.795944]
1.74261e+09,[-0.004412, -0.000880, 87.795944]
1.74261e+09,[-0.004412, -0.000880, 87.795944]
1.74261e+09,[-0.004412, -0.000880, 87.795944]
1.74261e+09,[-0.004412, -0.000880, 87.795944]
1.74261e+09,[-0.004412, -0.000880, 87.795944]
1.74261e+09,[-0.004412, -0.000880, 87.795944]
1.74261e+09,[-0.004412, -0.000880, 87.795944]
1.74261e+09,[-0.004412, -0.000880, 87.795944]
1.74261e+09,[-0.004412, -0.000880, 87.795944]
1.74261e+09,[-0.004412, -0.000880, 87.795944]
1.74261e+09,[-0.004412, -0.000880, 87.795944]
1.74261e+09,[-0.004412, -0.000880, 87.795944]
1.74261e+09,[-0.004412, -0.000880, 87.795944]
1.74261e+09,[-0.004412, -0.000880, 87.795944]
1.74261e+09,[-0.004412, -0.000880, 87.795944]
1.74261e+09,[-0.004847, -0.000983, 82.917747]
1.74261e+09,[-0.005282, -0.001585, 97.662132]
1.74261e+09,[-0.005716, -0.002367, 114.958801]
1.74261e+09,[-0.006151, -0.003198, 132.957214]
1.74261e+09,[-0.007017, -0.004048, 157.366882]
1.74261e+09,[-0.007450, -0.004476, 169.604141]
1.74261e+09,[-0.007881, -0.005335, 187.962769]
1.74261e+09,[-0.008312, -0.005765, 200.211761]
1.74261e+09,[-0.009172, -0.006196, 218.554520]
1.74261e+09,[-0.009600, -0.006626, 230.766510]
1.74261e+09,[-0.010453, -0.007486, 255.135803]
1.74261e+09,[-0.010878, -0.008344, 273.387482]
1.74261e+09,[-0.011725, -0.008773, 291.516571]
1.74261e+09,[-0.012146, -0.009200, 303.589142]
1.74261e+09,[-0.012985, -0.010095, 328.246490]
1.74261e+09,[-0.013818, -0.010518, 346.106537]
1.74261e+09,[-0.014645, -0.011360, 369.854156]
1.74261e+09,[-0.015056, -0.011780, 381.673126]
1.74261e+09,[-0.015466, -0.012199, 393.453339]
1.74261e+09,[-0.015874, -0.012616, 405.193176]
1.74261e+09,[-0.016684, -0.013448, 428.545654]
1.74261e+09,[-0.017087, -0.013862, 440.155212]
1.74261e+09,[-0.017886, -0.014685, 463.233856]
1.74261e+09,[-0.018283, -0.015502, 480.500610]
1.74261e+09,[-0.019071, -0.015908, 497.479492]
1.74261e+09,[-0.019461, -0.016716, 514.519592]
1.74261e+09,[-0.019850, -0.017117, 525.750366]
1.74261e+09,[-0.020236, -0.017914, 542.576904]
1.74261e+09,[-0.021002, -0.018703, 564.695190]
1.74261e+09,[-0.021382, -0.019094, 575.663330]
1.74261e+09,[-0.021759, -0.019484, 586.569031]
1.74261e+09,[-0.021759, -0.020257, 597.559204]
1.74261e+09,[-0.022134, -0.020640, 608.339844]
1.74261e+09,[-0.022507, -0.021021, 619.054443]
1.74261e+09,[-0.022877, -0.021399, 629.701660]
1.74261e+09,[-0.022877, -0.021776, 635.053772]
1.74261e+09,[-0.023244, -0.022150, 645.598938]
1.74261e+09,[-0.023609, -0.022521, 656.073914]
1.74261e+09,[-0.023971, -0.022890, 666.477295]
1.74261e+09,[-0.024331, -0.022890, 671.593567]
1.74261e+09,[-0.024331, -0.023257, 676.808044]
1.74261e+09,[-0.024688, -0.023257, 681.886475]
1.74261e+09,[-0.025043, -0.023621, 692.104980]
1.74261e+09,[-0.025043, -0.023621, 692.104980]
1.74261e+09,[-0.025394, -0.023621, 697.105835]
1.74261e+09,[-0.025743, -0.023621, 702.067200]
1.74261e+09,[-0.025743, -0.023983, 707.209290]
1.74261e+09,[-0.025743, -0.023983, 707.209290]
1.74261e+09,[-0.026089, -0.023983, 712.130493]
1.74261e+09,[-0.026089, -0.023983, 712.130493]
1.74261e+09,[-0.026089, -0.023983, 712.130493]
1.74261e+09,[-0.026089, -0.023983, 712.130493]
1.74261e+09,[-0.026089, -0.023983, 712.130493]
1.74261e+09,[-0.026089, -0.023983, 712.130493]
1.74261e+09,[-0.026089, -0.023983, 712.130493]
1.74261e+09,[-0.026089, -0.023983, 712.130493]
1.74261e+09,[-0.025743, -0.023983, 825.077515]
1.74261e+09,[-0.025743, -0.023983, 825.077515]
1.74261e+09,[-0.025394, -0.023983, 819.289246]
1.74261e+09,[-0.025394, -0.023983, 819.289246]
1.74261e+09,[-0.025394, -0.023983, 819.289246]
1.74261e+09,[-0.025043, -0.023983, 813.454956]
1.74261e+09,[-0.024688, -0.023621, 801.575867]
1.74261e+09,[-0.024331, -0.023257, 789.609375]
1.74261e+09,[-0.023971, -0.022890, 777.556885]
1.74261e+09,[-0.023609, -0.022150, 759.254272]
1.74261e+09,[-0.023244, -0.021399, 740.749695]
1.74261e+09,[-0.022877, -0.020640, 722.049377]
1.74261e+09,[-0.022507, -0.019871, 703.159851]
1.74261e+09,[-0.022134, -0.019484, 690.550964]
1.74261e+09,[-0.021759, -0.018309, 664.839417]
1.74261e+09,[-0.021382, -0.017914, 652.016541]
1.74261e+09,[-0.020620, -0.016716, 619.505615]
1.74261e+09,[-0.020236, -0.016313, 606.446533]
1.74261e+09,[-0.019461, -0.015908, 586.875305]
1.74261e+09,[-0.019071, -0.015094, 566.885010]
1.74261e+09,[-0.018283, -0.014274, 540.205627]
1.74261e+09,[-0.017886, -0.013448, 519.914124]
1.74261e+09,[-0.017087, -0.012199, 485.924438]
1.74261e+09,[-0.016280, -0.010940, 451.639099]
1.74261e+09,[-0.015466, -0.010095, 424.121246]
1.74261e+09,[-0.014645, -0.009248, 396.439911]
1.74261e+09,[-0.013402, -0.007972, 354.653381]
1.74261e+09,[-0.012566, -0.007546, 333.717896]
1.74261e+09,[-0.012146, -0.006695, 312.621002]
1.74261e+09,[-0.011725, -0.006270, 298.573578]
1.74261e+09,[-0.011302, -0.005422, 277.489655]
1.74261e+09,[-0.010878, -0.005000, 263.455322]
1.74261e+09,[-0.009600, -0.004163, 228.363281]
1.74261e+09,[-0.009172, -0.003751, 214.413406]
1.74261e+09,[-0.008312, -0.003344, 193.411972]
1.74261e+09,[-0.008312, -0.003344, 193.411972]
1.74261e+09,[-0.007450, -0.002562, 166.116592]
1.74261e+09,[-0.007017, -0.002197, 152.892441]
1.74261e+09,[-0.006584, -0.001865, 140.191086]
1.74261e+09,[-0.006151, -0.001585, 128.354752]
1.74261e+09,[-0.005716, -0.001585, 121.150482]
1.74261e+09,[-0.005282, -0.001585, 113.939156]
1.74261e+09,[-0.004847, -0.001390, 103.493378]
1.74261e+09,[-0.004412, -0.001390, 96.273354]
1.74261e+09,[-0.003977, -0.001319, 87.870476]
1.74261e+09,[-0.003542, -0.001319, 80.652473]
1.74261e+09,[-0.003542, -0.001390, 81.834610]
1.74261e+09,[-0.003107, -0.001390, 74.624367]
1.74261e+09,[-0.003107, -0.001390, 74.624367]
1.74261e+09,[-0.002673, -0.001390, 67.429581]
1.74261e+09,[-0.002241, -0.001390, 60.263287]
1.74261e+09,[-0.001813, -0.001390, 53.150143]
1.74261e+09,[-0.001390, -0.001390, 46.143890]
1.74261e+09,[-0.001390, -0.001390, 46.143890]
1.74261e+09,[-0.000983, -0.001390, 39.387886]
1.74261e+09,[-0.000983, -0.001390, 39.387886]
1.74261e+09,[-0.000983, -0.001390, 39.387886]
1.74261e+09,[-0.000983, -0.001585, 42.616962]
1.74261e+09,[-0.000983, -0.001585, 42.616962]
1.74261e+09,[-0.000983, -0.001585, 42.616962]
1.74261e+09,[-0.000983, -0.001585, 42.616962]
1.74261e+09,[-0.000983, -0.001585, 42.616962]
1.74261e+09,[-0.000983, -0.001585, 42.616962]
1.74261e+09,[-0.000983, -0.001585, 42.616962]
1.74261e+09,[-0.000983, -0.001585, 42.616962]
1.74261e+09,[-0.000983, -0.001585, 42.616962]
1.74261e+09,[-0.000983, -0.001585, 42.616962]
1.74261e+09,[-0.000983, -0.001585, 42.616962]
1.74261e+09,[-0.000983, -0.001585, 42.616962]
1.74261e+09,[-0.000983, -0.001585, 42.616962]
1.74261e+09,[-0.000983, -0.001585, 42.616962]
1.74261e+09,[-0.000983, -0.001585, 42.616962]
1.74261e+09,[-0.000983, -0.001585, 42.616962]
1.74261e+09,[-0.000983, -0.001585, 42.616962]
1.74261e+09,[-0.000983, -0.001585, 42.616962]
1.74261e+09,[-0.000983, -0.001585, 42.616962]
1.74261e+09,[-0.000983, -0.001585, 42.616962]
1.74261e+09,[-0.000983, -0.001585, 42.616962]
1.74261e+09,[-0.000983, -0.001585, 42.616962]
1.74261e+09,[-0.000983, -0.001585, 42.616962]
1.74261e+09,[-0.000983, -0.001585, 42.616962]
1.74261e+09,[-0.000983, -0.001585, 42.616962]
1.74261e+09,[-0.000983, -0.001585, 42.616962]
1.74261e+09,[-0.000983, -0.001585, 42.616962]
1.74261e+09,[-0.000983, -0.001585, 42.616962]
1.74261e+09,[-0.000983, -0.001585, 42.616962]
1.74261e+09,[-0.000983, -0.001585, 42.616962]
1.74261e+09,[-0.000983, -0.001585, 42.616962]
1.74261e+09,[-0.000983, -0.001585, 42.616962]
1.74261e+09,[-0.000983, -0.001585, 42.616962]
1.74261e+09,[-0.000983, -0.001585, 42.616962]
1.74261e+09,[-0.000983, -0.001585, 42.616962]
1.74261e+09,[-0.000983, -0.001585, 42.616962]
1.74261e+09,[-0.000983, -0.001585, 42.616962]
1.74261e+09,[-0.000983, -0.001585, 42.616962]
1.74261e+09,[-0.000983, -0.001585, 42.616962]
1.74261e+09,[-0.000983, -0.001966, 48.933151]
1.74261e+09,[-0.000983, -0.002367, 55.585083]
1.74261e+09,[-0.000983, -0.002367, 55.585083]
1.74261e+09,[-0.000983, -0.002779, 62.425430]
1.74261e+09,[-0.000880, -0.003198, 67.657555]
1.74261e+09,[-0.000983, -0.003621, 65.489029]
1.74261e+09,[-0.001390, -0.004048, 77.341019]
1.74261e+09,[-0.001813, -0.004048, 83.346375]
1.74261e+09,[-0.002673, -0.004412, 100.764900]
1.74261e+09,[-0.003107, -0.004390, 106.626129]
1.74261e+09,[-0.004048, -0.004412, 120.309120]
1.74261e+09,[-0.004580, -0.004905, 134.893997]
1.74261e+09,[-0.005541, -0.005130, 151.766632]
1.74261e+09,[-0.006095, -0.005691, 167.620193]
1.74261e+09,[-0.007056, -0.006072, 186.710632]
1.74261e+09,[-0.007615, -0.006299, 197.889999]
1.74261e+09,[-0.008410, -0.006810, 216.469559]
1.74261e+09,[-0.009356, -0.007412, 238.477554]
1.74261e+09,[-0.009903, -0.007987, 254.435013]
1.74261e+09,[-0.010452, -0.008887, 275.037628]
1.74261e+09,[-0.011224, -0.009787, 298.823547]
1.74261e+09,[-0.011762, -0.010103, 310.972595]
1.74261e+09,[-0.012145, -0.010684, 324.676453]
1.74261e+09,[-0.012529, -0.011003, 334.682373]
1.74261e+09,[-0.013300, -0.011576, 353.782410]
1.74261e+09,[-0.013686, -0.011897, 363.838837]
1.74261e+09,[-0.014458, -0.012782, 387.415527]
1.74261e+09,[-0.015231, -0.013107, 403.029663]
1.74261e+09,[-0.015616, -0.013657, 416.331299]
1.74261e+09,[-0.016001, -0.013982, 426.424500]
1.74261e+09,[-0.016769, -0.014310, 442.008118]
1.74261e+09,[-0.016769, -0.014845, 449.616180]
1.74261e+09,[-0.017617, -0.015170, 466.311584]
1.74261e+09,[-0.017617, -0.015695, 473.770142]
1.74261e+09,[-0.017994, -0.015695, 479.130127]
1.74261e+09,[-0.018370, -0.015897, 487.357788]
1.74261e+09,[-0.018370, -0.016213, 491.849365]
1.74261e+09,[-0.018745, -0.016213, 497.177551]
1.74261e+09,[-0.018745, -0.016531, 501.700195]
1.74261e+09,[-0.018824, -0.017038, 510.038483]
1.74261e+09,[-0.019193, -0.017038, 515.297668]
1.74261e+09,[-0.019193, -0.017539, 522.418640]
1.74261e+09,[-0.019562, -0.017539, 527.660400]
1.74261e+09,[-0.019639, -0.017539, 528.759338]
1.74261e+09,[-0.020003, -0.018033, 540.954407]
1.74261e+09,[-0.020003, -0.018033, 540.954407]
1.74261e+09,[-0.020003, -0.018033, 540.954407]
1.74261e+09,[-0.020003, -0.018033, 540.954407]
1.74261e+09,[-0.020003, -0.018033, 540.954407]
1.74261e+09,[-0.020003, -0.017849, 538.334351]
1.74261e+09,[-0.020003, -0.017849, 538.334351]
1.74261e+09,[-0.020003, -0.017670, 535.786316]
1.74261e+09,[-0.019639, -0.017670, 619.050720]
1.74261e+09,[-0.019274, -0.017496, 610.112732]
1.74261e+09,[-0.018908, -0.016998, 595.779358]
1.74261e+09,[-0.018908, -0.016829, 592.976318]
1.74261e+09,[-0.018542, -0.016510, 581.592529]
1.74261e+09,[-0.018542, -0.016360, 579.109192]
1.74261e+09,[-0.018453, -0.016217, 575.267456]
1.74261e+09,[-0.018370, -0.016082, 571.644897]
1.74261e+09,[-0.018293, -0.015833, 566.248474]
1.74261e+09,[-0.017840, -0.015833, 558.731628]
1.74261e+09,[-0.017713, -0.015616, 553.018616]
1.74261e+09,[-0.017660, -0.015520, 550.536987]
1.74261e+09,[-0.017574, -0.015432, 547.657715]
1.74261e+09,[-0.017542, -0.015353, 545.810791]
1.74261e+09,[-0.017498, -0.015353, 545.093018]
1.74261e+09,[-0.017487, -0.015283, 543.750183]
1.74261e+09,[-0.017487, -0.015222, 542.736816]
1.74261e+09,[-0.017498, -0.015128, 464.012360]
1.74261e+09,[-0.017574, -0.015094, 464.614502]
1.74261e+09,[-0.017613, -0.015056, 464.632935]
1.74261e+09,[-0.017713, -0.015056, 466.052582]
1.74261e+09,[-0.017773, -0.015283, 470.138031]
1.74261e+09,[-0.017840, -0.015170, 469.483856]
1.74261e+09,[-0.017994, -0.015283, 473.278473]
1.74261e+09,[-0.018174, -0.015283, 475.831085]
1.74261e+09,[-0.018273, -0.015353, 478.236481]
1.74261e+09,[-0.018489, -0.015353, 481.307739]
1.74261e+09,[-0.018605, -0.015520, 485.335999]
1.74261e+09,[-0.018855, -0.015721, 491.741394]
1.74261e+09,[-0.018988, -0.015833, 495.231201]
1.74261e+09,[-0.019126, -0.015833, 497.191498]
1.74261e+09,[-0.019268, -0.015954, 500.934937]
1.74261e+09,[-0.019416, -0.016082, 504.854370]
1.74261e+09,[-0.019568, -0.016217, 508.944092]
1.74261e+09,[-0.019724, -0.016360, 513.198059]
1.74261e+09,[-0.019724, -0.016510, 515.326599]
1.74261e+09,[-0.019885, -0.016666, 519.833984]
1.74261e+09,[-0.019885, -0.016666, 519.833984]
1.74261e+09,[-0.019588, -0.016666, 601.555237]
1.74261e+09,[-0.019588, -0.016666, 601.555237]
1.74261e+09,[-0.018999, -0.016325, 586.114136]
1.74261e+09,[-0.018707, -0.015985, 575.616333]
1.74261e+09,[-0.018416, -0.015695, 565.980286]
1.74261e+09,[-0.018416, -0.014973, 554.011719]
1.74261e+09,[-0.017840, -0.014105, 530.052124]
1.74261e+09,[-0.017556, -0.013565, 516.371948]
1.74261e+09,[-0.017274, -0.013224, 506.045197]
1.74261e+09,[-0.016995, -0.013020, 498.032898]
1.74261e+09,[-0.016719, -0.012121, 478.536591]
1.74261e+09,[-0.016447, -0.011564, 464.771362]
1.74261e+09,[-0.015913, -0.011004, 446.624176]
1.74261e+09,[-0.015653, -0.010441, 432.965485]
1.74261e+09,[-0.015397, -0.009688, 416.230896]
1.74261e+09,[-0.014862, -0.009310, 401.088013]
1.74261e+09,[-0.014609, -0.008364, 381.183746]
1.74261e+09,[-0.014065, -0.008364, 372.159058]
1.74261e+09,[-0.013263, -0.007793, 349.373962]
1.74261e+09,[-0.012706, -0.007615, 337.186188]
1.74261e+09,[-0.012143, -0.006834, 314.881165]
1.74261e+09,[-0.011576, -0.006260, 295.941467]
1.74261e+09,[-0.010684, -0.005484, 268.265900]
1.74261e+09,[-0.010103, -0.004899, 248.924286]
1.74261e+09,[-0.009518, -0.004320, 229.613037]
1.74261e+09,[-0.009518, -0.004163, 227.013748]
1.74261e+09,[-0.008606, -0.004163, 211.879303]
1.74261e+09,[-0.008291, -0.003621, 197.664536]
1.74261e+09,[-0.007693, -0.003621, 187.731796]
1.74261e+09,[-0.007091, -0.003514, 175.970673]
1.74261e+09,[-0.006545, -0.003542, 167.366852]
1.74261e+09,[-0.005944, -0.003751, 160.856186]
1.74261e+09,[-0.005484, -0.004137, 159.639191]
1.74261e+09,[-0.005292, -0.004137, 156.456482]
1.74261e+09,[-0.005000, -0.004953, 165.138840]
1.74261e+09,[-0.004905, -0.005268, 168.797974]
1.74261e+09,[-0.004847, -0.005600, 173.333130]
1.74261e+09,[-0.004827, -0.005944, 178.721207]
1.74261e+09,[-0.004847, -0.006662, 163.686310]
1.74261e+09,[-0.004905, -0.007033, 169.786926]
1.74261e+09,[-0.005000, -0.007617, 179.445709]
1.74261e+09,[-0.005422, -0.007617, 185.447037]
1.74261e+09,[-0.005956, -0.008201, 201.343933]
1.74261e+09,[-0.005956, -0.008430, 204.598114]
1.74261e+09,[-0.006372, -0.009016, 218.855621]
1.74261e+09,[-0.006911, -0.009016, 226.519424]
1.74261e+09,[-0.007323, -0.009518, 239.519302]
1.74261e+09,[-0.007864, -0.009787, 251.025146]
1.74261e+09,[-0.008271, -0.010371, 265.121796]
1.74261e+09,[-0.008679, -0.010648, 274.868713]
1.74261e+09,[-0.009214, -0.011226, 290.695770]
1.74261e+09,[-0.009618, -0.011525, 300.704865]
1.74261e+09,[-0.010428, -0.011832, 316.586914]
1.74261e+09,[-0.010428, -0.012143, 321.021301]
1.74261e+09,[-0.011352, -0.012460, 338.659332]
1.74261e+09,[-0.011753, -0.012782, 348.939301]
1.74261e+09,[-0.012556, -0.013437, 369.674316]
1.74261e+09,[-0.012957, -0.013769, 380.112396]
1.74261e+09,[-0.013759, -0.014443, 401.092224]
1.74261e+09,[-0.014158, -0.014443, 406.779236]
1.74261e+09,[-0.014956, -0.015126, 427.831909]
1.74261e+09,[-0.014956, -0.015126, 427.831909]
1.74261e+09,[-0.015353, -0.015301, 435.979218]
1.74261e+09,[-0.015750, -0.015653, 446.622589]
1.74261e+09,[-0.016145, -0.016006, 457.264069]
1.74261e+09,[-0.016539, -0.016360, 467.899384]
1.74261e+09,[-0.016932, -0.016577, 476.575958]
1.74261e+09,[-0.017267, -0.016938, 486.471069]
1.74261e+09,[-0.017219, -0.017178, 570.736877]
1.74261e+09,[-0.017574, -0.017436, 497.911560]
1.74261e+09,[-0.017938, -0.017334, 501.644348]
1.74261e+09,[-0.017914, -0.017334, 584.852661]
1.74261e+09,[-0.018293, -0.017617, 510.721649]
1.74261e+09,[-0.018283, -0.017456, 593.008057]
1.74261e+09,[-0.018283, -0.017713, 597.268433]
1.74261e+09,[-0.018703, -0.017713, 517.915405]
1.74261e+09,[-0.018725, -0.017613, 516.806519]
1.74261e+09,[-0.018787, -0.017969, 522.745728]
1.74261e+09,[-0.018874, -0.017897, 522.952209]
1.74261e+09,[-0.018926, -0.017886, 523.549316]
1.74261e+09,[-0.019048, -0.017897, 525.435486]
1.74261e+09,[-0.019118, -0.018159, 530.161743]
1.74261e+09,[-0.019274, -0.018006, 530.214050]
1.74261e+09,[-0.019361, -0.018051, 532.073792]
1.74261e+09,[-0.019197, -0.018102, 618.871887]
1.74261e+09,[-0.019303, -0.018159, 532.798462]
1.74261e+09,[-0.019071, -0.018223, 618.812012]
1.74261e+09,[-0.018855, -0.018370, 617.657166]
1.74261e+09,[-0.018655, -0.018453, 615.707031]
1.74261e+09,[-0.018471, -0.018081, 606.496094]
1.74261e+09,[-0.018306, -0.017708, 597.567932]
1.74261e+09,[-0.018160, -0.017334, 588.937561]
1.74261e+09,[-0.017730, -0.016585, 569.371582]
1.74261e+09,[-0.017632, -0.016325, 563.432922]
1.74261e+09,[-0.017341, -0.015954, 552.441223]
1.74261e+09,[-0.017052, -0.015583, 541.491028]
1.74261e+09,[-0.016719, -0.015352, 532.134155]
1.74261e+09,[-0.016447, -0.015352, 527.614075]
1.74261e+09,[-0.016178, -0.014987, 517.108765]
1.74261e+09,[-0.015913, -0.014987, 512.716736]
1.74261e+09,[-0.015397, -0.014261, 492.103088]
1.74261e+09,[-0.015147, -0.013899, 481.947327]
1.74261e+09,[-0.014966, -0.013540, 472.978729]
1.74261e+09,[-0.014966, -0.013181, 467.037231]
1.74261e+09,[-0.014522, -0.012472, 447.893097]
1.74261e+09,[-0.014310, -0.012121, 438.557831]
1.74261e+09,[-0.014105, -0.011774, 429.398407]
1.74261e+09,[-0.013908, -0.011430, 420.429260]
1.74261e+09,[-0.013540, -0.011091, 408.678528]
1.74261e+09,[-0.013369, -0.011091, 405.841339]
1.74261e+09,[-0.013055, -0.010179, 385.525024]
1.74261e+09,[-0.012914, -0.009599, 373.554962]
1.74261e+09,[-0.012783, -0.008673, 356.025574]
1.74261e+09,[-0.012268, -0.008083, 337.664856]
1.74261e+09,[-0.011241, -0.007253, 306.856384]
1.74261e+09,[-0.010733, -0.006662, 288.630188]
1.74261e+09,[-0.010646, -0.006072, 277.397308]
1.74261e+09,[-0.010230, -0.005484, 260.734253]
1.74261e+09,[-0.009814, -0.004320, 234.513443]
1.74261e+09,[-0.008893, -0.003751, 209.785095]
1.74261e+09,[-0.008051, -0.003198, 186.644424]
1.74261e+09,[-0.007546, -0.003076, 176.253662]
1.74261e+09,[-0.006270, -0.003198, 157.095184]
1.74261e+09,[-0.005765, -0.003539, 154.372192]
1.74261e+09,[-0.004905, -0.003774, 143.999954]
1.74261e+09,[-0.004048, -0.004338, 139.145279]
1.74261e+09,[-0.003198, -0.004992, 135.887909]
1.74261e+09,[-0.003198, -0.005341, 141.688049]
1.74261e+09,[-0.002562, -0.006072, 143.263199]
1.74261e+09,[-0.002812, -0.006299, 129.575577]
1.74261e+09,[-0.002562, -0.007490, 166.779449]
1.74261e+09,[-0.003344, -0.007743, 157.683426]
1.74261e+09,[-0.004048, -0.008606, 179.965927]
1.74261e+09,[-0.004412, -0.009198, 193.565582]
1.74261e+09,[-0.005264, -0.009787, 214.053268]
1.74261e+09,[-0.005282, -0.009787, 214.305954]
1.74261e+09,[-0.006196, -0.010371, 235.609329]
1.74261e+09,[-0.006270, -0.010648, 240.601944]
1.74261e+09,[-0.007210, -0.011226, 262.192505]
1.74261e+09,[-0.007736, -0.011509, 273.701569]
1.74261e+09,[-0.008679, -0.011799, 291.242188]
1.74261e+09,[-0.009214, -0.012095, 303.067078]
1.74261e+09,[-0.010023, -0.012398, 318.874908]
1.74261e+09,[-0.010951, -0.012706, 336.453186]
1.74261e+09,[-0.011871, -0.013263, 357.474060]
1.74261e+09,[-0.012783, -0.013572, 374.835083]
1.74261e+09,[-0.013566, -0.013885, 390.415802]
1.74261e+09,[-0.014458, -0.014202, 407.608673]
1.74261e+09,[-0.015231, -0.014845, 427.735718]
1.74261e+09,[-0.015616, -0.014973, 435.050934]
1.74261e+09,[-0.016386, -0.015646, 455.556763]
1.74261e+09,[-0.016769, -0.015816, 463.425232]
1.74261e+09,[-0.017152, -0.016360, 476.613586]
1.74261e+09,[-0.017533, -0.016577, 485.132446]
1.74261e+09,[-0.018223, -0.017178, 503.487640]
1.74261e+09,[-0.018488, -0.017805, 516.171387]
1.74261e+09,[-0.018787, -0.018453, 529.630249]
1.74261e+09,[-0.019142, -0.018745, 538.830383]
1.74261e+09,[-0.019470, -0.019048, 547.810791]
1.74261e+09,[-0.019461, -0.019307, 643.264404]
1.74261e+09,[-0.019858, -0.019639, 561.730103]
1.74261e+09,[-0.019890, -0.019979, 567.023193]
1.74261e+09,[-0.019979, -0.019914, 567.366943]
1.74261e+09,[-0.020064, -0.020257, 573.446228]
1.74261e+09,[-0.020230, -0.020234, 575.479553]
1.74261e+09,[-0.020295, -0.020298, 577.316589]
1.74261e+09,[-0.020520, -0.020298, 580.511719]
1.74261e+09,[-0.020604, -0.020326, 582.107544]
1.74261e+09,[-0.020786, -0.020359, 585.163147]
1.74261e+09,[-0.020546, -0.020397, 679.347473]
1.74261e+09,[-0.020436, -0.020540, 679.900085]
1.74261e+09,[-0.020234, -0.020726, 679.639160]
1.74261e+09,[-0.020048, -0.020726, 676.544434]
1.74261e+09,[-0.019877, -0.020365, 667.729919]
1.74261e+09,[-0.019724, -0.020003, 659.172913]
1.74261e+09,[-0.019421, -0.019639, 648.115845]
1.74261e+09,[-0.018999, -0.019361, 636.489868]
1.74261e+09,[-0.018999, -0.018636, 624.466064]
1.74261e+09,[-0.018416, -0.018134, 606.454468]
1.74261e+09,[-0.018332, -0.017779, 599.175293]
1.74261e+09,[-0.017775, -0.017557, 586.242859]
1.74261e+09,[-0.017732, -0.017207, 579.723999]
1.74261e+09,[-0.017456, -0.017008, 571.860291]
1.74261e+09,[-0.017207, -0.016666, 562.036865]
1.74261e+09,[-0.016719, -0.015985, 542.639282]
1.74261e+09,[-0.016249, -0.015985, 534.847229]
1.74261e+09,[-0.016106, -0.015309, 521.252502]
1.74261e+09,[-0.015897, -0.014973, 512.226013]
1.74261e+09,[-0.015695, -0.014640, 503.335571]
1.74261e+09,[-0.015498, -0.014310, 494.591492]
1.74261e+09,[-0.015126, -0.013982, 482.973816]
1.74261e+09,[-0.014951, -0.013982, 480.064850]
1.74261e+09,[-0.014623, -0.013572, 467.837708]
1.74261e+09,[-0.014472, -0.013263, 460.206360]
1.74261e+09,[-0.014196, -0.012959, 450.580597]
1.74261e+09,[-0.014072, -0.012660, 443.558716]
1.74261e+09,[-0.013958, -0.012367, 436.789276]
1.74261e+09,[-0.013457, -0.011509, 414.241486]
1.74261e+09,[-0.012865, -0.010371, 385.545959]
1.74261e+09,[-0.012376, -0.009787, 367.729340]
1.74261e+09,[-0.011829, -0.008673, 340.180969]
1.74261e+09,[-0.011780, -0.007842, 325.584351]
1.74261e+09,[-0.010878, -0.006662, 291.041840]
1.74261e+09,[-0.010445, -0.006450, 280.333221]
1.74261e+09,[-0.009200, -0.005292, 240.465576]
1.74261e+09,[-0.008773, -0.004320, 217.238876]
1.74261e+09,[-0.007972, -0.003751, 194.512192]
1.74261e+09,[-0.007121, -0.002946, 167.039215]
1.74261e+09,[-0.006270, -0.002197, 140.489182]
1.74261e+09,[-0.005845, -0.001865, 127.929413]
1.74261e+09,[-0.005000, -0.001319, 104.849205]
1.74261e+09,[-0.004580, -0.001585, 102.294754]
1.74261e+09,[-0.004163, -0.002562, 111.584427]
1.74261e+09,[-0.003621, -0.003344, 115.576591]
1.74261e+09,[-0.002673, -0.004320, 116.035240]
1.74261e+09,[-0.002241, -0.005292, 125.002754]
1.74261e+09,[-0.001759, -0.006260, 133.054489]
1.74261e+09,[-0.001390, -0.006834, 136.464035]
1.74261e+09,[-0.001585, -0.007617, 130.881393]
1.74261e+09,[-0.002241, -0.007842, 143.410492]
1.74261e+09,[-0.003076, -0.008673, 167.103058]
1.74261e+09,[-0.003542, -0.008930, 177.371262]
1.74261e+09,[-0.004476, -0.009787, 202.839859]
1.74261e+09,[-0.005422, -0.010065, 220.253311]
1.74261e+09,[-0.006502, -0.010648, 243.897476]
1.74261e+09,[-0.007056, -0.011260, 260.489746]
1.74261e+09,[-0.008271, -0.011897, 286.823944]
1.74261e+09,[-0.008679, -0.012553, 301.965668]
1.74261e+09,[-0.009618, -0.013565, 329.711975]
1.74261e+09,[-0.010428, -0.013908, 346.122101]
1.74261e+09,[-0.011241, -0.014601, 367.535553]
1.74261e+09,[-0.012054, -0.014951, 384.062103]
1.74261e+09,[-0.012865, -0.015140, 398.302673]
1.74261e+09,[-0.013270, -0.015499, 409.159180]
1.74261e+09,[-0.013675, -0.016082, 423.204437]
1.74261e+09,[-0.014078, -0.016447, 434.143188]
1.74261e+09,[-0.014883, -0.016695, 449.107483]
1.74261e+09,[-0.015222, -0.016960, 457.697021]
1.74261e+09,[-0.015534, -0.017617, 471.484467]
1.74261e+09,[-0.015502, -0.017533, 548.146240]
1.74261e+09,[-0.015874, -0.018159, 484.020569]
1.74261e+09,[-0.015874, -0.018488, 488.704468]
1.74261e+09,[-0.015908, -0.018787, 493.445190]
1.74261e+09,[-0.015939, -0.018787, 493.876892]
1.74261e+09,[-0.016081, -0.019094, 500.271057]
1.74261e+09,[-0.016217, -0.019080, 501.997589]
1.74261e+09,[-0.016481, -0.019080, 505.753754]
1.74261e+09,[-0.016585, -0.019213, 509.119690]
1.74261e+09,[-0.016813, -0.019142, 511.359222]
1.74261e+09,[-0.017069, -0.019174, 515.466003]
1.74261e+09,[-0.017351, -0.019257, 520.654602]
1.74261e+09,[-0.017502, -0.019257, 522.793457]
1.74261e+09,[-0.017820, -0.019362, 528.816895]
1.74261e+09,[-0.017987, -0.019562, 534.035217]
1.74261e+09,[-0.017849, -0.019562, 620.741150]
1.74261e+09,[-0.017539, -0.019562, 615.603760]
1.74261e+09,[-0.017429, -0.019490, 612.587463]
1.74261e+09,[-0.016834, -0.019118, 596.538513]
1.74261e+09,[-0.016249, -0.017994, 568.190125]
1.74261e+09,[-0.015962, -0.017617, 557.163269]
1.74261e+09,[-0.015678, -0.016481, 533.598877]
1.74261e+09,[-0.015397, -0.016101, 522.640076]
1.74261e+09,[-0.014849, -0.015721, 507.233643]
1.74261e+09,[-0.014582, -0.015340, 496.485504]
1.74261e+09,[-0.014321, -0.014959, 485.821289]
1.74261e+09,[-0.014065, -0.014577, 475.250519]
1.74261e+09,[-0.013815, -0.014196, 464.783112]
1.74261e+09,[-0.013572, -0.013955, 456.740662]
1.74261e+09,[-0.013107, -0.013580, 442.819580]
1.74261e+09,[-0.012887, -0.013207, 432.965637]
1.74261e+09,[-0.012675, -0.012145, 411.826721]
1.74261e+09,[-0.012121, -0.011762, 396.287567]
1.74261e+09,[-0.011920, -0.011224, 384.024994]
1.74261e+09,[-0.011729, -0.010837, 374.434723]
1.74261e+09,[-0.011001, -0.009903, 346.857513]
1.74261e+09,[-0.010623, -0.009514, 334.138275]
1.74261e+09,[-0.010294, -0.008961, 319.501099]
1.74261e+09,[-0.010151, -0.008569, 310.609344]
1.74261e+09,[-0.009910, -0.008569, 306.611298]
1.74261e+09,[-0.009398, -0.008179, 291.638977]
1.74261e+09,[-0.009248, -0.007793, 282.740265]
1.74261e+09,[-0.009172, -0.007410, 275.138977]
1.74261e+09,[-0.008732, -0.006662, 255.437256]
1.74261e+09,[-0.008312, -0.005944, 236.546082]
1.74261e+09,[-0.007916, -0.005268, 218.755417]
1.74261e+09,[-0.007972, -0.004656, 179.604263]
1.74261e+09,[-0.007323, -0.004043, 188.579773]
1.74261e+09,[-0.006911, -0.004043, 181.749146]
1.74261e+09,[-0.005869, -0.003428, 154.255829]
1.74261e+09,[-0.005484, -0.003104, 142.503143]
1.74261e+09,[-0.004383, -0.002812, 119.382439]
1.74261e+09,[-0.004043, -0.002367, 106.345154]
1.74261e+09,[-0.003428, -0.002198, 93.345070]
1.74261e+09,[-0.002946, -0.002241, 86.080498]
1.74261e+09,[-0.002673, -0.002812, 91.018066]
1.74261e+09,[-0.002637, -0.003104, 95.267021]
1.74261e+09,[-0.001813, -0.004137, 98.723267]
1.74261e+09,[-0.001585, -0.004513, 101.186302]
1.74261e+09,[-0.001585, -0.005292, 114.112427]
1.74261e+09,[-0.002241, -0.005691, 112.819542]
1.74261e+09,[-0.002673, -0.006502, 130.486801]
1.74261e+09,[-0.003198, -0.007056, 145.830002]
1.74261e+09,[-0.003924, -0.007615, 164.123764]
1.74261e+09,[-0.004513, -0.007793, 175.015381]
1.74261e+09,[-0.005341, -0.008364, 194.922073]
1.74261e+09,[-0.005944, -0.008936, 211.627869]
1.74261e+09,[-0.006545, -0.009719, 231.316727]
1.74261e+09,[-0.007145, -0.009943, 243.036560]
1.74261e+09,[-0.007693, -0.010426, 257.696991]
1.74261e+09,[-0.008291, -0.010950, 273.662109]
1.74261e+09,[-0.009177, -0.011799, 298.327148]
1.74261e+09,[-0.009787, -0.012095, 311.211914]
1.74261e+09,[-0.010426, -0.013263, 336.923340]
1.74261e+09,[-0.011091, -0.013885, 355.208832]
1.74261e+09,[-0.012121, -0.014310, 375.906708]
1.74261e+09,[-0.012472, -0.014973, 390.333862]
1.74261e+09,[-0.013181, -0.015470, 407.487976]
1.74261e+09,[-0.013540, -0.015816, 417.494202]
1.74261e+09,[-0.013899, -0.016360, 430.358582]
1.74261e+09,[-0.014261, -0.016714, 440.537659]
1.74261e+09,[-0.014623, -0.016938, 448.870361]
1.74261e+09,[-0.014987, -0.017298, 459.166473]
1.74261e+09,[-0.015717, -0.017544, 473.033478]
1.74261e+09,[-0.016082, -0.018081, 485.868134]
1.74261e+09,[-0.016325, -0.018745, 498.761078]
1.74261e+09,[-0.016585, -0.018984, 505.866058]
1.74261e+09,[-0.016769, -0.019307, 513.080261]
1.74261e+09,[-0.017071, -0.019257, 516.667175]
1.74261e+09,[-0.017323, -0.019560, 524.562622]
1.74261e+09,[-0.017267, -0.019944, 617.428711]
1.74261e+09,[-0.017613, -0.019890, 533.382874]
1.74261e+09,[-0.017574, -0.019890, 621.625916]
1.74261e+09,[-0.017516, -0.019871, 620.358398]
1.74261e+09,[-0.017498, -0.019871, 620.058960]
1.74261e+09,[-0.017484, -0.019858, 619.595703]
1.74261e+09,[-0.017498, -0.019858, 531.287598]
1.74261e+09,[-0.017516, -0.019470, 526.023987]
1.74261e+09,[-0.017542, -0.019461, 526.261658]
1.74261e+09,[-0.017177, -0.018675, 594.877380]
1.74261e+09,[-0.016822, -0.018283, 582.488098]
1.74261e+09,[-0.016025, -0.017516, 556.538757]
1.74261e+09,[-0.015683, -0.017143, 544.670288]
1.74261e+09,[-0.014883, -0.016313, 517.616821]
1.74261e+09,[-0.014558, -0.015908, 505.511017]
1.74261e+09,[-0.013759, -0.015502, 485.512573]
1.74261e+09,[-0.013358, -0.014685, 465.307434]
1.74261e+09,[-0.012556, -0.014274, 445.178741]
1.74261e+09,[-0.012154, -0.013862, 431.675720]
1.74261e+09,[-0.011753, -0.012616, 404.353394]
1.74261e+09,[-0.010951, -0.012199, 384.114410]
1.74261e+09,[-0.010551, -0.011360, 363.558777]
1.74261e+09,[-0.009753, -0.010940, 343.340240]
1.74261e+09,[-0.008961, -0.010518, 323.205933]
1.74261e+09,[-0.008569, -0.010095, 309.679352]
1.74261e+09,[-0.007793, -0.009248, 282.740265]
1.74261e+09,[-0.007410, -0.008823, 269.353119]
1.74261e+09,[-0.006662, -0.007972, 242.824722]
1.74261e+09,[-0.006299, -0.007121, 222.661148]
1.74261e+09,[-0.004992, -0.006270, 186.857056]
1.74261e+09,[-0.004043, -0.005335, 155.592499]
1.74261e+09,[-0.003428, -0.003977, 122.853386]
1.74261e+09,[-0.002197, -0.003076, 87.495880]
1.74261e+09,[-0.000983, -0.002241, 53.507286]
1.74261e+09,[-0.000440, -0.001966, 39.914883]
1.74261e+09,[-0.001390, -0.002197, 51.024803]
1.74261e+09,[-0.002367, -0.002562, 70.093086]
1.74261e+09,[-0.003198, -0.003621, 96.986519]
1.74261e+09,[-0.003751, -0.003977, 109.897758]
1.74261e+09,[-0.004580, -0.004847, 134.070129]
1.74261e+09,[-0.005000, -0.005716, 152.407593]
1.74261e+09,[-0.005845, -0.006584, 176.774857]
1.74261e+09,[-0.006270, -0.007017, 188.972260]
1.74261e+09,[-0.006695, -0.007450, 201.169998]
1.74261e+09,[-0.007121, -0.008312, 219.491440]
1.74261e+09,[-0.007972, -0.008742, 237.718246]
1.74261e+09,[-0.008398, -0.009172, 249.873779]
1.74261e+09,[-0.008823, -0.010027, 268.086273]
1.74261e+09,[-0.009248, -0.010453, 280.186920]
1.74261e+09,[-0.010095, -0.010878, 298.285370]
1.74261e+09,[-0.010518, -0.011302, 310.324402]
1.74261e+09,[-0.011324, -0.011725, 327.800659]
1.74261e+09,[-0.011745, -0.012566, 345.763580]
1.74261e+09,[-0.012566, -0.012985, 363.388824]
1.74261e+09,[-0.012979, -0.013402, 375.192963]
1.74261e+09,[-0.013419, -0.013818, 387.372925]
1.74261e+09,[-0.013862, -0.013818, 393.665039]
1.74261e+09,[-0.014311, -0.014248, 406.164490]
1.74261e+09,[-0.014764, -0.014274, 412.991425]
1.74261e+09,[-0.015283, -0.014720, 426.709808]
1.74261e+09,[-0.015353, -0.014764, 428.341461]
1.74261e+09,[-0.015520, -0.014883, 432.392670]
1.74261e+09,[-0.016001, -0.014956, 440.278870]
1.74261e+09,[-0.016209, -0.015520, 451.257599]
1.74261e+09,[-0.016325, -0.015616, 454.267761]
1.74261e+09,[-0.016447, -0.015721, 457.501434]
1.74261e+09,[-0.016577, -0.015954, 462.666107]
1.74261e+09,[-0.016858, -0.016217, 470.409393]
1.74261e+09,[-0.017008, -0.016360, 474.576050]
1.74261e+09,[-0.017496, -0.016510, 483.635162]
1.74261e+09,[-0.017670, -0.016666, 488.331177]
1.74261e+09,[-0.018033, -0.016998, 498.216736]
1.74261e+09,[-0.018222, -0.016998, 500.905670]
1.74261e+09,[-0.018614, -0.017353, 511.530884]
1.74261e+09,[-0.018816, -0.017730, 519.768372]
1.74261e+09,[-0.019232, -0.018127, 531.325989]
1.74261e+09,[-0.019445, -0.018332, 537.277344]
1.74261e+09,[-0.019882, -0.018754, 549.493713]
1.74261e+09,[-0.020105, -0.018971, 555.746582]
1.74261e+09,[-0.020330, -0.019192, 562.088013]
1.74261e+09,[-0.020558, -0.019416, 568.512329]
1.74261e+09,[-0.021021, -0.019872, 581.587524]
1.74261e+09,[-0.021021, -0.020105, 584.893250]
1.74261e+09,[-0.021491, -0.020340, 594.929626]
1.74261e+09,[-0.021729, -0.020577, 601.688049]
1.74261e+09,[-0.022210, -0.021057, 615.355530]
1.74261e+09,[-0.022452, -0.021301, 622.255554]
1.74261e+09,[-0.022788, -0.021791, 634.013733]
1.74261e+09,[-0.022896, -0.022039, 639.079712]
1.74261e+09,[-0.023021, -0.022126, 642.084412]
1.74261e+09,[-0.023160, -0.022382, 647.709534]
1.74261e+09,[-0.023200, -0.022639, 651.931274]
1.74261e+09,[-0.023273, -0.022756, 654.645142]
1.74261e+09,[-0.023289, -0.022756, 654.867065]
1.74261e+09,[-0.023202, -0.022619, 760.294800]
1.74261e+09,[-0.022960, -0.022761, 758.628662]
1.74261e+09,[-0.022885, -0.022635, 755.305847]
1.74261e+09,[-0.022681, -0.022276, 745.955627]
1.74261e+09,[-0.022507, -0.022163, 741.187439]
1.74261e+09,[-0.022365, -0.021842, 733.516663]
1.74261e+09,[-0.022289, -0.021647, 729.001160]
1.74261e+09,[-0.022202, -0.021466, 724.568176]
1.74261e+09,[-0.022150, -0.021382, 722.300659]
1.74261e+09,[-0.022132, -0.021225, 719.412903]
1.74261e+09,[-0.022140, -0.021086, 614.762329]
1.74261e+09,[-0.022163, -0.020909, 612.577454]
1.74261e+09,[-0.022202, -0.020859, 612.417114]
1.74261e+09,[-0.021888, -0.020773, 707.853088]
1.74261e+09,[-0.021518, -0.020705, 700.598877]
1.74261e+09,[-0.021185, -0.020298, 688.305481]
1.74261e+09,[-0.020859, -0.019504, 669.717285]
1.74261e+09,[-0.020114, -0.018725, 644.435120]
1.74261e+09,[-0.019739, -0.017914, 624.757324]
1.74261e+09,[-0.018984, -0.017117, 599.010925]
1.74261e+09,[-0.018604, -0.016716, 586.053284]
1.74261e+09,[-0.018223, -0.015887, 565.968689]
1.74261e+09,[-0.017456, -0.015071, 539.705139]
1.74261e+09,[-0.016685, -0.014248, 513.253967]
1.74261e+09,[-0.016297, -0.013419, 493.076904]
1.74261e+09,[-0.015520, -0.012166, 459.379517]
1.74261e+09,[-0.015130, -0.011324, 438.940613]
1.74261e+09,[-0.013958, -0.010477, 405.438568]
1.74261e+09,[-0.013566, -0.009627, 384.830780]
1.74261e+09,[-0.012783, -0.008344, 350.566986]
1.74261e+09,[-0.012393, -0.008344, 344.081268]
1.74261e+09,[-0.011613, -0.008344, 331.142639]
1.74261e+09,[-0.011224, -0.007916, 317.582062]
1.74261e+09,[-0.010452, -0.007486, 297.641754]
1.74261e+09,[-0.010069, -0.007056, 284.150055]
1.74261e+09,[-0.009310, -0.005335, 243.001022]
1.74261e+09,[-0.008936, -0.004905, 229.659027]
1.74261e+09,[-0.008201, -0.004048, 203.240540]
1.74261e+09,[-0.007842, -0.003621, 190.208817]
1.74261e+09,[-0.007145, -0.002779, 164.667526]
1.74261e+09,[-0.006486, -0.002367, 146.888443]
1.74261e+09,[-0.005878, -0.001585, 123.838188]
1.74261e+09,[-0.005600, -0.000983, 109.227646]
1.74261e+09,[-0.004383, -0.000983, 89.037956]
1.74261e+09,[-0.003428, -0.000983, 73.188667]
1.74261e+09,[-0.002197, -0.001585, 62.758015]
1.74261e+09,[-0.001813, -0.002197, 66.535187]
1.74261e+09,[-0.001966, -0.002946, 69.862602]
1.74261e+09,[-0.002485, -0.003751, 88.686630]
1.74261e+09,[-0.003539, -0.004580, 115.464691]
1.74261e+09,[-0.003924, -0.005422, 132.924088]
1.74261e+09,[-0.004722, -0.006695, 162.378876]
1.74261e+09,[-0.005541, -0.007121, 180.080765]
1.74261e+09,[-0.006372, -0.007486, 197.097137]
1.74261e+09,[-0.006790, -0.008344, 215.251801]
1.74261e+09,[-0.007630, -0.009200, 239.361694]
1.74261e+09,[-0.008051, -0.009600, 251.028336]
1.74261e+09,[-0.008893, -0.010453, 275.139008]
1.74261e+09,[-0.009314, -0.010477, 281.470398]
1.74261e+09,[-0.010230, -0.011411, 307.783600]
1.74261e+09,[-0.010646, -0.011476, 314.622040]
1.74261e+09,[-0.011555, -0.012460, 341.542328]
1.74261e+09,[-0.012054, -0.012556, 350.003571]
1.74261e+09,[-0.012556, -0.013457, 369.959045]
1.74261e+09,[-0.013060, -0.013566, 378.688904]
1.74261e+09,[-0.013686, -0.014196, 396.543396]
1.74261e+09,[-0.014196, -0.014330, 405.701752]
1.74261e+09,[-0.014842, -0.014623, 419.063690]
1.74261e+09,[-0.015352, -0.015301, 435.953186]
1.74261e+09,[-0.015653, -0.015646, 445.145081]
1.74261e+09,[-0.015816, -0.015828, 450.048248]
1.74261e+09,[-0.016343, -0.016415, 465.883209]
1.74261e+09,[-0.016726, -0.016834, 477.292603]
1.74261e+09,[-0.017131, -0.017501, 492.531464]
1.74261e+09,[-0.017556, -0.017966, 505.203156]
1.74261e+09,[-0.018226, -0.018458, 521.727051]
1.74261e+09,[-0.018458, -0.018971, 532.323059]
1.74261e+09,[-0.019172, -0.019292, 547.040100]
1.74261e+09,[-0.019192, -0.019652, 552.449951]
1.74261e+09,[-0.019495, -0.019759, 558.284119]
1.74261e+09,[-0.019372, -0.019588, 646.448425]
1.74261e+09,[-0.019293, -0.019416, 642.277710]
1.74261e+09,[-0.019259, -0.019732, 646.947998]
1.74261e+09,[-0.018798, -0.019654, 638.026550]
1.74261e+09,[-0.018655, -0.019532, 633.620789]
1.74261e+09,[-0.018605, -0.019303, 629.001587]
1.74261e+09,[-0.018378, -0.019197, 623.454407]
1.74261e+09,[-0.017994, -0.018999, 613.811890]
1.74261e+09,[-0.017840, -0.018908, 609.757690]
1.74261e+09,[-0.017613, -0.018671, 602.057434]
1.74261e+09,[-0.017542, -0.018604, 599.752380]
1.74261e+09,[-0.017487, -0.018488, 596.931396]
1.74261e+09,[-0.017484, -0.018440, 596.064941]
1.74261e+09,[-0.017498, -0.018332, 509.588348]
1.74261e+09,[-0.017516, -0.018309, 509.518738]
1.74261e+09,[-0.017613, -0.018283, 510.524719]
1.74261e+09,[-0.017660, -0.018280, 511.138489]
1.74261e+09,[-0.017323, -0.018283, 590.798279]
1.74261e+09,[-0.016998, -0.018332, 586.215454]
1.74261e+09,[-0.016297, -0.017542, 561.475342]
1.74261e+09,[-0.015909, -0.016779, 542.381531]
1.74261e+09,[-0.014740, -0.015978, 509.681122]
1.74261e+09,[-0.013958, -0.015170, 483.305725]
1.74261e+09,[-0.013175, -0.014414, 457.769836]
1.74261e+09,[-0.012393, -0.014008, 438.059357]
1.74261e+09,[-0.011613, -0.013194, 411.604156]
1.74261e+09,[-0.011224, -0.012376, 391.585815]
1.74261e+09,[-0.010452, -0.011555, 365.154266]
1.74261e+09,[-0.009688, -0.010733, 338.835938]
1.74261e+09,[-0.008936, -0.009910, 312.712067]
1.74261e+09,[-0.008566, -0.009499, 299.754822]
1.74261e+09,[-0.007842, -0.009089, 280.927795]
1.74261e+09,[-0.007490, -0.008271, 261.504791]
1.74261e+09,[-0.006810, -0.007458, 236.752319]
1.74261e+09,[-0.006486, -0.007056, 224.691284]
1.74261e+09,[-0.006175, -0.006656, 212.893784]
1.74261e+09,[-0.005878, -0.005869, 194.920258]
1.74261e+09,[-0.005341, -0.005107, 173.355652]
1.74261e+09,[-0.005107, -0.004739, 163.356201]
1.74261e+09,[-0.004580, -0.003722, 137.754791]
1.74261e+09,[-0.004476, -0.003428, 131.133759]
1.74261e+09,[-0.004412, -0.002946, 122.090569]
1.74261e+09,[-0.004048, -0.002241, 104.350578]
1.74261e+09,[-0.002946, -0.001390, 71.961098]
1.74261e+09,[-0.002197, -0.000622, 46.776890]
1.74261e+09,[-0.001390, -0.000983, 39.387886]
1.74261e+09,[-0.001390, -0.002241, 60.263287]
1.74261e+09,[-0.002197, -0.003542, 81.616852]
1.74261e+09,[-0.002946, -0.004412, 104.649055]
1.74261e+09,[-0.003751, -0.005716, 134.642441]
1.74261e+09,[-0.004580, -0.006584, 158.779907]
1.74261e+09,[-0.005845, -0.007450, 189.084244]
1.74261e+09,[-0.006270, -0.007881, 201.261948]
1.74261e+09,[-0.007486, -0.008742, 230.806091]
1.74261e+09,[-0.007916, -0.009172, 243.017197]
1.74261e+09,[-0.008742, -0.010027, 266.942017]
1.74261e+09,[-0.009162, -0.010453, 278.970367]
1.74261e+09,[-0.010027, -0.010870, 297.206848]
1.74261e+09,[-0.010477, -0.011302, 309.750549]
1.74261e+09,[-0.011360, -0.011360, 323.138702]
1.74261e+09,[-0.011829, -0.011829, 336.456451]
1.74261e+09,[-0.012785, -0.012376, 357.840759]
1.74261e+09,[-0.012865, -0.012460, 360.177948]
1.74261e+09,[-0.013457, -0.013175, 378.759613]
1.74261e+09,[-0.013958, -0.013300, 387.658447]
1.74261e+09,[-0.014705, -0.014103, 409.721313]
1.74261e+09,[-0.015212, -0.014261, 419.172516]
1.74261e+09,[-0.015653, -0.014784, 432.882477]
1.74261e+09,[-0.015985, -0.015170, 443.091888]
1.74261e+09,[-0.016343, -0.015584, 454.070160]
1.74261e+09,[-0.016726, -0.015727, 461.543671]
1.74261e+09,[-0.017556, -0.016178, 479.766693]
1.74261e+09,[-0.017501, -0.016719, 567.792664]
1.74261e+09,[-0.017956, -0.017131, 499.004059]
1.74261e+09,[-0.018226, -0.017231, 504.285400]
1.74261e+09,[-0.018332, -0.017820, 514.161011]
1.74261e+09,[-0.018416, -0.017658, 513.050537]
1.74261e+09,[-0.018160, -0.017695, 594.927002]
1.74261e+09,[-0.018145, -0.017557, 592.386841]
1.74261e+09,[-0.017840, -0.017658, 588.999817]
1.74261e+09,[-0.017557, -0.017544, 582.403320]
1.74261e+09,[-0.017544, -0.017334, 578.712402]
1.74261e+09,[-0.017239, -0.017239, 572.093750]
1.74261e+09,[-0.016998, -0.016998, 564.073914]
1.74261e+09,[-0.016873, -0.016932, 560.912842]
1.74261e+09,[-0.016744, -0.016822, 556.945007]
1.74261e+09,[-0.016696, -0.016744, 554.850403]
1.74261e+09,[-0.016680, -0.016716, 554.127808]
1.74261e+09,[-0.016292, -0.016696, 547.362366]
1.74261e+09,[-0.016342, -0.016684, 469.705811]
1.74261e+09,[-0.015978, -0.016680, 541.879578]
1.74261e+09,[-0.015624, -0.016684, 536.081848]
1.74261e+09,[-0.015283, -0.016696, 530.619995]
1.74261e+09,[-0.014558, -0.016313, 512.223999]
1.74261e+09,[-0.014249, -0.015939, 500.888977]
1.74261e+09,[-0.013566, -0.015170, 476.811279]
1.74261e+09,[-0.013175, -0.014764, 463.582581]
1.74261e+09,[-0.012529, -0.013949, 439.337067]
1.74261e+09,[-0.012145, -0.013601, 427.201324]
1.74261e+09,[-0.011177, -0.012785, 397.592102]
1.74261e+09,[-0.010808, -0.012376, 384.668304]
1.74261e+09,[-0.010078, -0.011555, 358.947968]
1.74261e+09,[-0.009719, -0.011144, 346.173126]
1.74261e+09,[-0.009016, -0.010321, 320.858765]
1.74261e+09,[-0.008673, -0.009499, 301.531616]
1.74261e+09,[-0.007693, -0.009089, 278.450775]
1.74261e+09,[-0.007386, -0.008679, 266.558167]
1.74261e+09,[-0.007091, -0.007864, 248.133728]
1.74261e+09,[-0.006810, -0.007458, 236.752319]
1.74261e+09,[-0.006299, -0.007056, 221.583069]
1.74261e+09,[-0.006072, -0.006450, 207.781052]
1.74261e+09,[-0.005869, -0.005702, 191.997574]
1.74261e+09,[-0.005691, -0.005341, 183.056503]
1.74261e+09,[-0.005541, -0.004656, 169.203674]
1.74261e+09,[-0.005000, -0.004043, 150.035400]
1.74261e+09,[-0.004412, -0.003428, 130.074127]
1.74261e+09,[-0.003953, -0.003104, 117.092041]
1.74261e+09,[-0.002673, -0.002812, 91.018066]
1.74261e+09,[-0.001966, -0.002562, 75.123337]
1.74261e+09,[-0.000983, -0.001813, 46.394138]
1.74261e+09,[-0.000983, -0.001759, 45.498619]
1.74261e+09,[-0.001244, -0.002197, 48.936222]
1.74261e+09,[-0.001585, -0.002812, 62.538387]
1.74261e+09,[-0.002367, -0.003924, 89.473969]
1.74261e+09,[-0.003198, -0.004722, 112.643280]
1.74261e+09,[-0.003977, -0.005956, 141.257675]
1.74261e+09,[-0.004390, -0.006372, 153.065796]
1.74261e+09,[-0.005765, -0.007210, 184.531235]
1.74261e+09,[-0.006270, -0.007630, 197.685699]
1.74261e+09,[-0.007210, -0.008472, 223.024658]
1.74261e+09,[-0.007736, -0.008893, 236.496216]
1.74261e+09,[-0.008679, -0.009398, 257.091553]
1.74261e+09,[-0.009214, -0.009814, 270.616272]
1.74261e+09,[-0.009753, -0.010733, 291.351166]
1.74261e+09,[-0.010687, -0.010835, 306.086121]
1.74261e+09,[-0.011224, -0.011476, 322.848114]
1.74261e+09,[-0.011762, -0.012002, 337.982330]
1.74261e+09,[-0.012677, -0.012299, 355.212982]
1.74261e+09,[-0.012835, -0.012835, 365.082550]
1.74261e+09,[-0.013540, -0.013181, 380.031952]
1.74261e+09,[-0.014072, -0.013565, 393.064758]
1.74261e+09,[-0.014784, -0.014202, 412.234039]
1.74261e+09,[-0.015170, -0.014662, 424.277039]
1.74261e+09,[-0.015584, -0.015397, 440.621796]
1.74261e+09,[-0.016022, -0.015653, 450.489044]
1.74261e+09,[-0.016719, -0.016249, 468.885742]
1.74261e+09,[-0.016961, -0.016622, 477.617065]
1.74261e+09,[-0.017207, -0.017231, 489.782776]
1.74261e+09,[-0.017501, -0.017173, 493.131317]
1.74261e+09,[-0.017341, -0.017658, 580.721802]
1.74261e+09,[-0.017730, -0.017840, 505.880585]
1.74261e+09,[-0.017496, -0.017906, 587.408752]
1.74261e+09,[-0.017502, -0.018134, 506.821106]
1.74261e+09,[-0.017069, -0.018174, 584.769836]
1.74261e+09,[-0.016938, -0.018453, 587.219360]
1.74261e+09,[-0.016960, -0.018223, 500.375336]
1.74261e+09,[-0.016769, -0.018159, 579.547607]
1.74261e+09,[-0.016539, -0.018006, 573.195496]
1.74261e+09,[-0.016424, -0.017938, 570.158630]
1.74261e+09,[-0.016342, -0.017897, 568.105774]
1.74261e+09,[-0.016292, -0.017886, 567.109131]
1.74261e+09,[-0.016276, -0.017886, 566.833374]
1.74261e+09,[-0.016292, -0.017883, 486.044586]
1.74261e+09,[-0.015502, -0.017516, 547.862427]
1.74261e+09,[-0.015170, -0.017117, 535.729248]
1.74261e+09,[-0.014414, -0.016313, 509.842499]
1.74261e+09,[-0.014008, -0.015978, 497.545898]
1.74261e+09,[-0.013270, -0.015170, 471.903259]
1.74261e+09,[-0.012957, -0.014764, 459.973328]
1.74261e+09,[-0.012154, -0.013949, 433.121094]
1.74261e+09,[-0.011753, -0.013539, 419.663269]
1.74261e+09,[-0.010951, -0.012717, 392.705750]
1.74261e+09,[-0.010151, -0.011890, 365.726746]
1.74261e+09,[-0.009356, -0.011061, 338.775757]
1.74261e+09,[-0.008569, -0.010230, 311.915771]
1.74261e+09,[-0.008179, -0.008981, 284.734802]
1.74261e+09,[-0.007793, -0.008566, 271.426147]
1.74261e+09,[-0.007410, -0.007736, 251.319534]
1.74261e+09,[-0.006450, -0.007323, 228.527740]
1.74261e+09,[-0.005702, -0.006502, 202.491440]
1.74261e+09,[-0.005107, -0.006095, 185.856049]
1.74261e+09,[-0.004739, -0.005691, 173.057053]
1.74261e+09,[-0.004383, -0.005292, 160.533432]
1.74261e+09,[-0.004043, -0.004899, 148.362640]
1.74261e+09,[-0.003722, -0.004899, 143.047699]
1.74261e+09,[-0.003166, -0.004513, 127.417915]
1.74261e+09,[-0.002946, -0.004513, 123.774437]
1.74261e+09,[-0.002779, -0.004137, 114.754547]
1.74261e+09,[-0.002779, -0.004137, 114.754547]
1.74261e+09,[-0.002779, -0.003774, 108.726822]
1.74261e+09,[-0.002779, -0.003774, 108.726822]
1.74261e+09,[-0.002779, -0.003774, 108.726822]
1.74261e+09,[-0.002779, -0.003774, 108.726822]
1.74261e+09,[-0.002779, -0.003774, 108.726822]
1.74261e+09,[-0.002779, -0.003774, 108.726822]
1.74261e+09,[-0.002779, -0.003774, 108.726822]
1.74261e+09,[-0.002779, -0.003774, 108.726822]
1.74261e+09,[-0.002779, -0.003774, 108.726822]
1.74261e+09,[-0.002779, -0.003774, 108.726822]
1.74261e+09,[-0.002779, -0.003774, 108.726822]
1.74261e+09,[-0.002779, -0.003774, 108.726822]
1.74261e+09,[-0.002779, -0.003774, 108.726822]
1.74261e+09,[-0.002779, -0.003774, 108.726822]
1.74261e+09,[-0.002779, -0.003774, 108.726822]
1.74261e+09,[-0.002779, -0.003774, 108.726822]
1.74261e+09,[-0.002779, -0.003774, 108.726822]
1.74261e+09,[-0.002779, -0.003774, 108.726822]
1.74261e+09,[-0.002779, -0.003774, 108.726822]
1.74261e+09,[-0.002779, -0.003774, 108.726822]
1.74261e+09,[-0.002779, -0.003774, 108.726822]
1.74261e+09,[-0.002779, -0.003774, 108.726822]
1.74261e+09,[-0.002779, -0.003774, 108.726822]
1.74261e+09,[-0.002779, -0.003774, 108.726822]
1.74261e+09,[-0.002779, -0.003774, 108.726822]
1.74261e+09,[-0.002779, -0.003774, 108.726822]
1.74261e+09,[-0.002779, -0.003774, 108.726822]
1.74261e+09,[-0.002779, -0.003774, 108.726822]
1.74261e+09,[-0.002779, -0.003774, 108.726822]
1.74261e+09,[-0.002779, -0.003774, 108.726822]
1.74261e+09,[-0.002779, -0.003774, 108.726822]
1.74261e+09,[-0.002779, -0.003774, 108.726822]
1.74261e+09,[-0.002779, -0.003774, 108.726822]
1.74261e+09,[-0.002779, -0.003774, 108.726822]
1.74261e+09,[-0.002779, -0.003774, 108.726822]
1.74261e+09,[-0.002779, -0.003774, 108.726822]
1.74261e+09,[-0.002779, -0.003774, 108.726822]
